MstrRecNbrTxt,CollisionDate,CollisionDteTime,YearNmb,Month,DayOfWeek,Hour,Latitude,Longitude,InjuryClass,PersonType,NonMotoristLocation,RelationToJunction,LightCondition,MannerOfCollision,FirstHarmfulEvent,VictimsInCrash,InMemphis,Jurisdiction,StateRoute_NAME,StateRoute_F_System,StateRoute_SPDLIMIT,StateRoute_LANES,StateRoute_ALTNAME_1,StateRoute_Council_District,DistToStateRoute_m,Street_Name,DistToStreet_m,Street_SPDLIMIT,Street_LANES,Street_ONEWAY,Street_CITY_L,Street_COUNTY_L,Jurisdiction_prev,Seg_OBJECTID,DistToSeg_m
301009722,2025-04-01,2025-04-01 13:35:00,2025,4,Tuesday,13,35.10955,-90.02173,Suspected Serious Injury,Pedestrian,Intersection-In Crosswalk,Non-Junction,Daylight,Not Collision with Motor Vehicle in Transport,Pedestrian,1,True,City of Memphis,ELVIS PRESLEY BLVD,Minor Arterial,35.0,5.0,3,4.0,0.6981912919484328,S PARKWAY E,0.1543433682245184,35.0,5,B,MEMPHIS,SHELBY,TDOT,53274,0.1543433682245184
301002860,2025-02-22,2025-02-22 18:40:00,2025,2,Saturday,18,35.049618,-89.86694,Possible Injury,Pedestrian,Intersection-On Roadway not in Crosswalk,AccelDecelLane,Dark-Lighted,Not Collision with Motor Vehicle in Transport,Pedestrian,1,True,City of Memphis,,,,,,,2607.47604869776,WINCHESTER RD,49.52857661424613,45.0,7,B,MEMPHIS,SHELBY,City of Memphis,49448,49.52857661424613
301013768,2025-04-22,2025-04-22 15:15:00,2025,4,Tuesday,15,35.13617,-90.00993,Possible Injury,Pedestrian,Not Intersection-Unknown,"Driveway, Alley Access, etc",Daylight,Not Collision with Motor Vehicle in Transport,Pedestrian,1,True,TDOT state route,UNION AVE,Principal Arterial,35.0,6.0,23,5.0,4.907974619774385,UNION AVE,0.3141115812151286,35.0,6,B,MEMPHIS,SHELBY,TDOT,46786,0.31411158121512867
301007603,2025-03-21,2025-03-21 08:15:00,2025,3,Friday,8,35.1287,-89.94882,Possible Injury,Pedestrian,Intersection-On Roadway not in Crosswalk,OtherLocation,Daylight,Not Collision with Motor Vehicle in Transport,Pedestrian,1,True,TDOT state route,POPLAR AVE,Principal Arterial,40.0,7.0,57,5.0,4.918306560119413,POPLAR AVE,0.5472754278858034,40.0,7,B,MEMPHIS,SHELBY,TDOT,47046,0.5472754278858034
301005732,2025-03-10,2025-03-10 18:45:00,2025,3,Monday,18,35.054394,-90.0202,Possible Injury,Pedestrian,Not Intersection-On Roadway Crosswalk not Available,Intersection-Related,Daylight,Not Collision with Motor Vehicle in Transport,Pedestrian,1,True,City of Memphis,,,,,,,436.2641357168398,W DOVE CREEK CIR,12.758642508386808,30.0,2,B,MEMPHIS,SHELBY,City of Memphis,9786,12.758642508386808
301003303,2025-02-25,2025-02-25 00:00:00,2025,2,Tuesday,99,35.10729,-90.032906,Possible Injury,Pedestrian,Intersection-Not on Roadway,Intersection,Dark-Lighted,Not Collision with Motor Vehicle in Transport,Pedestrian,1,True,City of Memphis,,,,,,,1046.9713643441094,KERR AVE,21.293511688652504,35.0,2,B,MEMPHIS,SHELBY,City of Memphis,5031,21.293511688652504
301008510,2025-03-26,2025-03-26 13:20:00,2025,3,Wednesday,13,35.119232,-89.971664,Possible Injury,Pedestrian,Not Intersection-On Roadway Crosswalk not Available,AccelDecelLane,Daylight,Not Collision with Motor Vehicle in Transport,Pedestrian,1,True,City of Memphis,,,,,,,1159.4111902160614,BUNTYN ST,3.531566855849921,30.0,2,B,MEMPHIS,SHELBY,City of Memphis,82679,3.531566855849921
300977591,2024-09-29,2024-09-29 13:20:00,2024,9,Sunday,13,35.107944,-89.98516,Suspected Serious Injury,Pedestrian,Not Intersection-On Roadway Not In Crosswalk,Non-Junction,Daylight,Not Collision with Motor Vehicle in Transport,Pedestrian,1,True,TDOT state route,AIRWAYS BLVD,Principal Arterial,35.0,5.0,277,4.0,20.152298546410584,AIRWAYS BLVD,20.612437220133057,35.0,5,B,MEMPHIS,SHELBY,TDOT,46989,20.612437220133057
301024918,2025-06-23,2025-06-23 22:22:00,2025,6,Monday,22,35.08624,-90.041306,Possible Injury,Pedestrian,Not Intersection-On Roadway Crosswalk not Available,AccelDecelLane,Dark-Lighted,Not Collision with Motor Vehicle in Transport,Pedestrian,3,True,City of Memphis,,,,,,,1408.7839641868532,E MALLORY AVE,1.0816921311775636,40.0,4,B,MEMPHIS,SHELBY,City of Memphis,50872,1.0816921311775636
301005664,2025-03-10,2025-03-10 10:30:00,2025,3,Monday,10,35.108543,-89.9849,Suspected Serious Injury,Pedestrian,Intersection-In Crosswalk,Intersection,Daylight,Not Collision with Motor Vehicle in Transport,Pedestrian,1,True,City of Memphis,AIRWAYS BLVD,Principal Arterial,35.0,5.0,277,4.0,0.1734692188347735,PARK AVE,0.0757729478740161,35.0,5,B,MEMPHIS,SHELBY,TDOT,51016,0.07577294787401613
301022850,2025-06-11,2025-06-11 17:20:00,2025,6,Wednesday,17,35.05005,-89.86638,Possible Injury,Pedestrian,Not Intersection-On Roadway Not In Crosswalk,Non-Junction,Daylight,Not Collision with Motor Vehicle in Transport,Pedestrian,1,True,City of Memphis,,,,,,,2541.8172424614736,WINCHESTER RD,0.0975908332706381,45.0,7,B,MEMPHIS,SHELBY,City of Memphis,49448,0.09759083327063815
301011364,2025-04-09,2025-04-09 16:21:00,2025,4,Wednesday,16,35.135357,-90.00172,Possible Injury,Pedestrian,Not Intersection-On Roadway Not In Crosswalk,AccelDecelLane,Daylight,Not Collision with Motor Vehicle in Transport,Pedestrian,1,True,TDOT state route,UNION AVE,Principal Arterial,35.0,6.0,23,5.0,4.778267058861107,UNION AVE,0.1900824023822097,35.0,6,B,MEMPHIS,SHELBY,TDOT,46814,0.1900824023822097
300976338,2024-09-21,2024-09-21 00:55:00,2024,9,Saturday,0,35.12391,-89.9715,Suspected Serious Injury,Pedestrian,Intersection-On Roadway Crosswalk Not Available,Non-Junction,Dark-Not Lighted,Not Collision with Motor Vehicle in Transport,Pedestrian,1,True,City of Memphis,,,,,,,1032.1325565944476,CENTRAL AVE,0.4010141128352121,40.0,4,B,MEMPHIS,SHELBY,City of Memphis,51054,0.40101411283521216
301022687,2025-06-10,2025-06-10 15:47:00,2025,6,Tuesday,15,35.143394,-90.047226,Possible Injury,Pedestrian,Intersection-Not on Roadway,Intersection,Daylight,Not Collision with Motor Vehicle in Transport,Other,1,True,City of Memphis,,,,,,,194.7213822539971,FLOYD ALY,25.747871787539385,30.0,2,B,MEMPHIS,SHELBY,City of Memphis,63,25.747871787539385
301024810,2025-06-23,2025-06-23 12:45:00,2025,6,Monday,12,35.07397,-89.90588,Possible Injury,Pedestrian,Intersection-In Crosswalk,Intersection,Daylight,Not Collision with Motor Vehicle in Transport,Pedestrian,1,True,City of Memphis,,,,,,,2353.13192062428,AMERICAN WAY,0.1306906502451434,45.0,6,B,MEMPHIS,SHELBY,City of Memphis,49363,0.13069065024514345
301029574,2025-07-21,2025-07-21 17:00:00,2025,7,Monday,17,35.15186,-89.900986,Possible Injury,Pedestrian,Not Intersection-On Roadway Not In Crosswalk,Non-Junction,Daylight,Not Collision with Motor Vehicle in Transport,Pedestrian,1,True,City of Memphis,,,,,,,361.11849440214,BOWEN AVE,24.31425379546304,30.0,2,B,MEMPHIS,SHELBY,City of Memphis,6841,24.31425379546304
300996295,2025-01-13,2025-01-13 16:45:00,2025,1,Monday,16,35.069546,-89.856255,Possible Injury,Pedestrian,Not Intersection-On Roadway Not In Crosswalk,AccelDecelLane,Daylight,Not Collision with Motor Vehicle in Transport,Pedestrian,1,True,City of Memphis,,,,,,,197.1610064939981,MOUNT MORIAH ROAD EXT,0.5150462874368161,45.0,5,B,MEMPHIS,SHELBY,City of Memphis,52249,0.5150462874368161
300971896,2024-08-23,2024-08-23 21:00:00,2024,8,Friday,21,35.061012,-90.075745,Possible Injury,Pedestrian,Not Intersection-Outside Traffic,AccelDecelLane,Dawn,Not Collision with Motor Vehicle in Transport,Pedestrian,1,True,City of Memphis,,,,,,,1484.147323916442,ROCHESTER RD,24.00503086430093,30.0,2,B,MEMPHIS,SHELBY,City of Memphis,71973,24.00503086430093
301009898,2025-03-30,2025-03-30 20:18:00,2025,3,Sunday,20,35.0765,-89.939,Suspected Serious Injury,Pedestrian,Not Intersection-On Roadway Not In Crosswalk,Non-Junction,Dark-Lighted,Not Collision with Motor Vehicle in Transport,Pedestrian,3,True,City of Memphis,,,,,,,680.4311569072587,AMERICAN WAY,26.04424120713516,45.0,7,B,MEMPHIS,SHELBY,City of Memphis,52402,26.04424120713516
301000130,2025-02-05,2025-02-05 20:29:00,2025,2,Wednesday,20,35.049057,-89.82714,Suspected Serious Injury,Pedestrian,Not Intersection-On Roadway Not In Crosswalk,Intersection-Related,Dark-Lighted,Not Collision with Motor Vehicle in Transport,Pedestrian,1,True,City of Memphis,,,,,,,435.9155524385191,WINCHESTER RD,0.0434110418888271,45.0,7,B,MEMPHIS,SHELBY,City of Memphis,51970,0.0434110418888271
301008678,2025-03-11,2025-03-11 06:50:00,2025,3,Tuesday,6,35.128635,-90.02108,No Injury,Pedestrian,Not Intersection-On Roadway Crosswalk Availability Unknown,Intersection-Related,Dusk,Not Collision with Motor Vehicle in Transport,Pedestrian,1,True,TDOT state route,S BELLEVUE BLVD,Minor Arterial,35.0,4.0,3,6.0,0.181509057969613,S BELLEVUE BLVD,0.2590154796746893,35.0,4,B,MEMPHIS,SHELBY,TDOT,46750,0.25901547967468935
301022059,2025-05-31,2025-05-31 23:49:00,2025,5,Saturday,23,35.061422,-90.059311,Suspected Minor Injury,Pedestrian,Not Intersection-On Roadway Crosswalk not Available,Non-Junction,Dark-Lighted,Not Collision with Motor Vehicle in Transport,Pedestrian,1,True,TDOT state route,S THIRD ST,Principal Arterial,45.0,7.0,14,6.0,6.488479262413477,S THIRD ST,5.873055442844919,45.0,7,B,MEMPHIS,SHELBY,TDOT,46474,5.873055442844919
301026773,2025-07-04,2025-07-04 15:34:00,2025,7,Friday,15,35.182423,-89.8719,Possible Injury,Pedestrian,Intersection-In Crosswalk,Intersection,Daylight,Not Collision with Motor Vehicle in Transport,Pedestrian,1,True,City of Memphis,,,,,,,980.4024771222332,SYCAMORE VIEW RD,48.77659403567011,45.0,4,B,MEMPHIS,SHELBY,City of Memphis,53224,48.77659403567011
301029725,2025-07-22,2025-07-22 18:21:00,2025,7,Tuesday,18,35.181297,-89.93418,Possible Injury,Pedestrian,Intersection-On Roadway not in Crosswalk,Non-Junction,Daylight,Not Collision with Motor Vehicle in Transport,Pedestrian,1,True,TDOT state route,JACKSON AVE,Principal Arterial,40.0,7.0,14,7.0,11.512866831387612,JACKSON AVE,8.71634407007473,40.0,7,B,MEMPHIS,SHELBY,TDOT,48212,8.71634407007473
301025107,2025-06-25,2025-06-25 00:00:00,2025,6,Wednesday,99,35.1367,-90.019356,Possible Injury,Pedestrian,Not Intersection-On Roadway Not In Crosswalk,AccelDecelLane,Unknown,Not Collision with Motor Vehicle in Transport,Pedestrian,1,True,TDOT state route,,,,,,,49.93936790364001,UNION AVE,45.35767035810835,35.0,6,B,MEMPHIS,SHELBY,City of Memphis,46770,45.35767035810835
301028020,2025-07-12,2025-07-12 02:45:00,2025,7,Saturday,2,35.13695,-90.019646,Suspected Serious Injury,Pedestrian,Intersection-On Roadway Crosswalk Not Available,AccelDecelLane,Dark-Not Lighted,Not Collision with Motor Vehicle in Transport,Pedestrian,1,True,TDOT state route,UNION AVE,Principal Arterial,35.0,6.0,23,6.0,25.5709574755335,UNION AVE,20.989569892782665,35.0,6,B,MEMPHIS,SHELBY,TDOT,46770,20.989569892782665
301011641,2025-04-10,2025-04-10 11:56:00,2025,4,Thursday,11,35.106213,-89.859,Possible Injury,Pedestrian,Intersection-In Crosswalk,Intersection,Daylight,Not Collision with Motor Vehicle in Transport,Pedestrian,1,True,City of Memphis,,,,,,,472.9356367877073,S SHADY GROVE RD,0.3006769801986334,35.0,5,B,MEMPHIS,SHELBY,City of Memphis,53674,0.3006769801986334
301023160,2025-06-13,2025-06-13 16:35:00,2025,6,Friday,16,35.090023,-89.923676,Unknown,Pedestrian,Unknown,Intersection-Related,Daylight,Angle,Other,1,True,City of Memphis,,,,,,,1266.6575148412164,DUNN AVE,0.1813435936792703,30.0,2,B,MEMPHIS,SHELBY,City of Memphis,6204,0.18134359367927036
301013973,2025-04-24,2025-04-24 00:59:00,2025,4,Thursday,0,35.061337,-90.03378,Possible Injury,Pedestrian,Intersection-On Roadway Crosswalk Not Available,Intersection-Related,Dark-Lighted,Not Collision with Motor Vehicle in Transport,Pedestrian,2,True,City of Memphis,,,,,,,907.7244165321376,E BROOKS RD,48.77814907963262,45.0,5,B,MEMPHIS,SHELBY,City of Memphis,49709,48.77814907963262
301008084,2025-03-24,2025-03-24 10:15:00,2025,3,Monday,10,35.135654,-89.96237,Possible Injury,Pedestrian,Intersection-In Crosswalk,Intersection,Daylight,Not Collision with Motor Vehicle in Transport,Pedestrian,1,True,City of Memphis,WALNUT GROVE RD,Minor Arterial,35.0,5.0,23,5.0,4.942329606597582,TILLMAN ST,0.3566738060974942,35.0,4,B,MEMPHIS,SHELBY,TDOT,51109,0.3566738060974942
300999925,2025-02-04,2025-02-04 18:08:00,2025,2,Tuesday,18,35.050526,-89.90229,Suspected Serious Injury,Pedestrian,Not Intersection-On Roadway Not In Crosswalk,Non-Junction,Dusk,Not Collision with Motor Vehicle in Transport,Pedestrian,1,True,City of Memphis,,,,,,,1700.35584472703,OUTLAND RD,49.35859923060207,40.0,5,B,MEMPHIS,SHELBY,City of Memphis,51864,49.35859923060207
301019868,2025-05-24,2025-05-24 20:50:00,2025,5,Saturday,20,35.10915,-89.98218,Suspected Serious Injury,Pedestrian,Not Intersection-On Roadway Not In Crosswalk,Unknown,Unknown,Not Collision with Motor Vehicle in Transport,Pedestrian,1,True,City of Memphis,,,,,,,244.9624647276389,SARATOGA AVE,0.1932193842700882,30.0,2,B,MEMPHIS,SHELBY,City of Memphis,5262,0.1932193842700882
301023369,2025-06-14,2025-06-14 20:15:00,2025,6,Saturday,20,35.156425,-89.937675,Suspected Minor Injury,Pedestrian,Not Intersection-Outside Traffic,Intersection,Dark-Lighted,Not Collision with Motor Vehicle in Transport,Pedestrian,1,True,City of Memphis,,,,,,,783.3997837232295,FREEMAN ST,5.26518594745063,30.0,2,B,MEMPHIS,SHELBY,City of Memphis,83282,5.26518594745063
301002711,2025-02-21,2025-02-21 19:05:00,2025,2,Friday,19,35.035442,-90.02482,Possible Injury,Pedestrian,Intersection-On Roadway not in Crosswalk,AccelDecelLane,Dark-Lighted,Not Collision with Motor Vehicle in Transport,Pedestrian,1,True,City of Memphis,,,,,,,31.3795908694302,E RAINES RD,7.996160555676992,40.0,5,B,MEMPHIS,SHELBY,City of Memphis,49722,7.996160555676992
301023153,2025-06-13,2025-06-13 00:00:00,2025,6,Friday,99,35.047493,-89.86682,Unknown,Other Non-Motorist,Unknown,Non-Junction,Unknown,Not Collision with Motor Vehicle in Transport,Other,1,True,City of Memphis,,,,,,,2814.996008342897,HICKORY HILL RD,40.30128870543592,45.0,7,B,MEMPHIS,SHELBY,City of Memphis,53042,40.30128870543592
301006264,2025-03-13,2025-03-13 17:26:00,2025,3,Thursday,17,35.053234,-89.88645,Suspected Serious Injury,Pedestrian,Not Intersection-On Roadway Not In Crosswalk,Non-Junction,Daylight,Not Collision with Motor Vehicle in Transport,Pedestrian,1,True,City of Memphis,,,,,,,3069.3353993502187,WAYFARER CIR,19.60529605850797,30.0,2,B,MEMPHIS,SHELBY,City of Memphis,9693,19.605296058507975
300996375,2025-01-14,2025-01-14 07:48:00,2025,1,Tuesday,7,35.157948,-89.97601,Suspected Minor Injury,Pedestrian,Not Intersection-On Roadway Crosswalk not Available,Non-Junction,Daylight,Not Collision with Motor Vehicle in Transport,Pedestrian,1,True,TDOT state route,JACKSON AVE,Principal Arterial,40.0,5.0,14,7.0,4.687374335873462,JACKSON AVE,0.0281101457726732,40.0,5,B,MEMPHIS,SHELBY,TDOT,46906,0.028110145772673262
300999401,2025-02-01,2025-02-01 14:30:00,2025,2,Saturday,14,35.099426,-89.93102,No Injury,Pedestrian,Intersection-In Crosswalk,Intersection,Daylight,Not Collision with Motor Vehicle in Transport,Pedestrian,1,True,City of Memphis,,,,,,,2101.938345231712,RHODES AVE,1.603648035809678,35.0,4,B,MEMPHIS,SHELBY,City of Memphis,51318,1.6036480358096779
300995628,2025-01-08,2025-01-08 16:00:00,2025,1,Wednesday,16,35.101006,-89.97865,Possible Injury,Pedestrian,Not Intersection-Outside Traffic,Unknown,Daylight,Angle,Other,2,True,TDOT state route,LAMAR AVE,Principal Arterial,40.0,5.0,4,4.0,8.266503628227678,LAMAR AVE,4.434138159571844,40.0,5,B,MEMPHIS,SHELBY,TDOT,46992,4.434138159571844
301005400,2025-03-08,2025-03-08 06:00:00,2025,3,Saturday,6,35.1603,-90.035835,No Injury,Pedestrian,Unknown,Non-Junction,Unknown,Not Collision with Motor Vehicle in Transport,Other,1,True,City of Memphis,,,,,,,32.16010309814352,LOONEY AVE,24.895865638275087,30.0,2,B,MEMPHIS,SHELBY,City of Memphis,3567,24.895865638275087
301020562,2025-05-29,2025-05-29 17:15:00,2025,5,Thursday,17,35.16884,-90.022896,Possible Injury,Pedestrian,Intersection-On Roadway not in Crosswalk,Intersection-Related,Daylight,Not Collision with Motor Vehicle in Transport,Pedestrian,1,True,City of Memphis,,,,,,,1207.1817760909205,CHELSEA AVE,0.2523646926460178,40.0,5,B,MEMPHIS,SHELBY,City of Memphis,50394,0.25236469264601785
301022525,2025-06-09,2025-06-09 21:50:00,2025,6,Monday,21,35.14318,-90.0071,Suspected Minor Injury,Pedestrian,Not Intersection-On Roadway Not In Crosswalk,Non-Junction,Dark-Lighted,Not Collision with Motor Vehicle in Transport,Pedestrian,1,True,City of Memphis,,,,,,,796.8431547070909,N AVALON ST,0.2038070825810626,35.0,2,B,MEMPHIS,SHELBY,City of Memphis,84121,0.20380708258106262
301000756,2025-02-01,2025-02-01 23:00:00,2025,2,Saturday,23,35.155174,-89.798775,No Injury,Other Non-Motorist,Not Intersection-Other Not On Roadway,Non-Junction,Dark-Not Lighted,Angle,Other,1,True,City of Memphis,,,,,,,309.52280348070485,ANNES CIR,15.16305767535076,30.0,2,B,MEMPHIS,SHELBY,City of Memphis,9003,15.16305767535076
301031799,2025-08-03,2025-08-03 20:23:00,2025,8,Sunday,20,35.10679,-90.0648,Possible Injury,Pedestrian,Intersection-On Roadway not in Crosswalk,Non-Junction,Dark-Lighted,Not Collision with Motor Vehicle in Transport,Pedestrian,1,True,City of Memphis,,,,,,,860.1898217621622,KANSAS ST,0.2029744780554102,35.0,2,B,MEMPHIS,SHELBY,City of Memphis,82021,0.20297447805541025
300997604,2025-01-21,2025-01-21 18:00:00,2025,1,Tuesday,18,35.020733,-89.952866,Possible Injury,Pedestrian,Intersection-On Roadway not in Crosswalk,AccelDecelLane,Dusk,Not Collision with Motor Vehicle in Transport,Pedestrian,1,True,TDOT state route,E SHELBY DR,Principal Arterial,45.0,7.0,175,3.0,5.667996068300697,E SHELBY DR,0.9822423398395876,45.0,7,B,MEMPHIS,SHELBY,TDOT,46398,0.9822423398395875
301005112,2025-03-06,2025-03-06 07:12:00,2025,3,Thursday,7,35.057228,-89.88584,Possible Injury,Pedestrian,Intersection-On Roadway not in Crosswalk,Intersection,Daylight,Not Collision with Motor Vehicle in Transport,Pedestrian,1,True,City of Memphis,,,,,,,2702.131056905177,S MENDENHALL RD,14.933668251056911,40.0,7,B,MEMPHIS,SHELBY,City of Memphis,49409,14.933668251056913
301026863,2025-07-01,2025-07-01 20:00:00,2025,7,Tuesday,20,35.107574,-89.92609,Possible Injury,Pedestrian,Intersection-In Crosswalk,Intersection-Related,Dark-Unknown Lighting,Not Collision with Motor Vehicle in Transport,Pedestrian,1,True,City of Memphis,,,,,,,1658.3917583334544,S GOODLETT ST,12.681411027366089,40.0,4,B,MEMPHIS,SHELBY,City of Memphis,51353,12.681411027366089
301020543,2025-05-29,2025-05-29 10:24:00,2025,5,Thursday,10,35.1361,-90.02693,Possible Injury,Pedestrian,Intersection-In Crosswalk,Non-Junction,Daylight,Not Collision with Motor Vehicle in Transport,Pedestrian,1,True,City of Memphis,,,,,,,146.49946000842365,EASTMORELAND AVE,0.2313622156684966,30.0,2,B,MEMPHIS,SHELBY,City of Memphis,7140,0.23136221566849663
300994636,2025-01-01,2025-01-01 19:29:00,2025,1,Wednesday,19,35.20584,-89.913925,No Injury,Pedestrian,Not Intersection-Unknown,AccelDecelLane,Dark-Lighted,Angle,Other,1,True,TDOT state route,STAGE RD,Principal Arterial,45.0,6.0,15,1.0,5.017184342605892,STAGE RD,0.3881955683301575,45.0,6,B,MEMPHIS,SHELBY,TDOT,46562,0.38819556833015756
301004501,2025-03-02,2025-03-02 13:45:00,2025,3,Sunday,13,35.096012,-89.925415,Possible Injury,Pedestrian,Not Intersection-Unknown,Non-Junction,Daylight,Not Collision with Motor Vehicle in Transport,Other,1,True,City of Memphis,,,,,,,1804.754418828175,MEADOW DR,26.54561331870117,30.0,2,B,MEMPHIS,SHELBY,City of Memphis,29603,26.54561331870117
301002564,2025-02-20,2025-02-20 20:24:00,2025,2,Thursday,20,35.169334,-89.86542,Possible Injury,Pedestrian,Not Intersection-On Roadway Not In Crosswalk,Non-Junction,Dark-Lighted,Not Collision with Motor Vehicle in Transport,Pedestrian,1,True,City of Memphis,,,,,,,403.8179158704271,SYCAMORE VIEW RD,14.043244839931443,45.0,7,B,MEMPHIS,SHELBY,City of Memphis,50094,14.043244839931445
301013587,2025-04-21,2025-04-21 18:35:00,2025,4,Monday,18,35.02621,-89.86514,Possible Injury,Pedestrian,Not Intersection-On Roadway Not In Crosswalk,Non-Junction,Daylight,Not Collision with Motor Vehicle in Transport,Pedestrian,1,True,City of Memphis,,,,,,,645.2750395987237,HICKORY LEAF DR,21.8324673579486,30.0,2,B,MEMPHIS,SHELBY,City of Memphis,26184,21.8324673579486
301004951,2025-03-05,2025-03-05 11:02:00,2025,3,Wednesday,11,35.14255,-90.0511,No Injury,Pedestrian,Intersection-In Crosswalk,Intersection,Daylight,Not Collision with Motor Vehicle in Transport,Pedestrian,1,True,TDOT state route,S THIRD ST,Minor Arterial,35.0,3.0,14,6.0,1.1768683914630271,UNION AVE,0.4298151266356405,35.0,5,B,MEMPHIS,SHELBY,TDOT,50279,0.4298151266356405
301026657,2025-07-03,2025-07-03 21:00:00,2025,7,Thursday,21,35.109943,-90.05235,Possible Injury,Pedestrian,Not Intersection-On Roadway Not In Crosswalk,SharedUsePathOrTrail,Dark-Not Lighted,Not Collision with Motor Vehicle in Transport,Pedestrian,1,True,City of Memphis,,,,,,,267.59930591643297,LATHAM ST,25.086946853865555,30.0,2,B,MEMPHIS,SHELBY,City of Memphis,82129,25.086946853865555
301016950,2025-05-08,2025-05-08 20:32:00,2025,5,Thursday,20,35.085995,-89.96237,Possible Injury,Pedestrian,Intersection-In Crosswalk,AccelDecelLane,Dark-Lighted,Not Collision with Motor Vehicle in Transport,Pedestrian,1,True,City of Memphis,LAMAR AVE,Principal Arterial,40.0,5.0,4,4.0,3.2955919255992128,SEMMES ST,0.2076480411248226,30.0,5,B,MEMPHIS,SHELBY,TDOT,82735,0.20764804112482266
301004076,2025-02-28,2025-02-28 14:30:00,2025,2,Friday,14,35.04577,-89.84503,Suspected Minor Injury,Pedestrian,Intersection-Not on Roadway,Intersection,Daylight,Not Collision with Motor Vehicle in Transport,Pedestrian,1,True,City of Memphis,,,,,,,1666.7954908536562,HART CV,30.048066747819966,25.0,2,B,MEMPHIS,SHELBY,City of Memphis,14678,30.048066747819966
301008169,2025-03-24,2025-03-24 14:00:00,2025,3,Monday,14,35.140484,-89.98288,Possible Injury,Pedestrian,Not Intersection-Unknown,Intersection-Related,Daylight,Not Collision with Motor Vehicle in Transport,Pedestrian,1,True,TDOT state route,E PARKWAY,Principal Arterial,40.0,3.0,277,5.0,3.423257970760932,E PARKWAY N,0.1030574163535228,40.0,3,TF,MEMPHIS,SHELBY,TDOT,48117,0.10305741635352289
301001945,2025-02-16,2025-02-16 22:00:00,2025,2,Sunday,22,35.02026,-89.93568,Possible Injury,Pedestrian,Intersection-Not on Roadway,Intersection,Dark-Lighted,Other,Other,1,True,TDOT state route,,,,,,,46.222439329698624,E SHELBY DR,41.53978436085401,45.0,7,B,MEMPHIS,SHELBY,City of Memphis,46410,41.53978436085401
301018398,2025-05-17,2025-05-17 04:29:00,2025,5,Saturday,4,35.035267,-89.86451,No Injury,Pedestrian,Unknown,Through Roadway,Dark-Lighted,Not Collision with Motor Vehicle in Transport,Other,1,True,City of Memphis,,,,,,,1650.2717699093455,RAINTREE DR,24.584619948584077,30.0,2,B,MEMPHIS,SHELBY,City of Memphis,26224,24.584619948584074
300994761,2024-12-29,2024-12-29 05:35:00,2024,12,Sunday,5,35.153957,-90.03372,Unknown,Pedestrian,Intersection-Unknown,Intersection,Dark-Lighted,Not Collision with Motor Vehicle in Transport,Pedestrian,1,True,City of Memphis,,,,,,,175.67294201106694,N MANASSAS ST,0.1795244205619105,35.0,3,B,MEMPHIS,SHELBY,City of Memphis,84902,0.1795244205619105
300999666,2025-02-03,2025-02-03 14:16:00,2025,2,Monday,14,35.154545,-89.9733,Suspected Serious Injury,Pedestrian,Not Intersection-On Roadway Not In Crosswalk,Non-Junction,Daylight,Not Collision with Motor Vehicle in Transport,Pedestrian,1,True,City of Memphis,,,,,,,383.61532436405446,PERSHING AVE,19.68930425584975,30.0,2,B,MEMPHIS,SHELBY,City of Memphis,4500,19.68930425584975
301016061,2025-05-05,2025-05-05 05:34:00,2025,5,Monday,5,35.148259,-90.043566,Fatal,Pedestrian,Intersection-In Crosswalk,Intersection-Related,Dark-Lighted,Not Collision with Motor Vehicle in Transport,Pedestrian,1,True,City of Memphis,N DANNY THOMAS BLVD,Principal Arterial,35.0,7.0,1,7.0,1.2539036562597607,POPLAR AVE,0.3372736288116839,35.0,5,B,MEMPHIS,SHELBY,TDOT,50319,0.33727362881168393
300922007,2023-11-05,2023-11-05 18:17:00,2023,11,Sunday,18,35.068485,-90.02571,Fatal,Pedestrian,Not Intersection-Other Not On Roadway,Entrance/Exit Ramp Related,Dark-Lighted,Front to Rear,Other,3,True,Interstate (TDOT),,,,,,,342.9517364504116,INTERSTATE 55 N,0.3059325558104949,65.0,5,FT,MEMPHIS,SHELBY,City of Memphis,39888,0.3059325558104949
300937038,2024-01-23,2024-01-23 21:42:00,2024,1,Tuesday,21,35.039467,-90.06915,Fatal,Pedestrian,Not Intersection-On Roadway Crosswalk not Available,Non-Junction,Dark-Lighted,Not Collision with Motor Vehicle in Transport,Pedestrian,1,True,TDOT state route,S THIRD ST,Principal Arterial,45.0,7.0,14,6.0,2.800904364891279,S THIRD ST,0.3236580454831363,45.0,7,B,MEMPHIS,SHELBY,TDOT,46471,0.3236580454831363
300994606,2025-01-01,2025-01-01 21:06:00,2025,1,Wednesday,21,35.128716,-90.02108,Fatal,Pedestrian,Not Intersection-On Roadway Not In Crosswalk,OtherLocation,Dark-Lighted,Not Collision with Motor Vehicle in Transport,Pedestrian,1,True,TDOT state route,S BELLEVUE BLVD,Minor Arterial,35.0,4.0,3,6.0,0.1613578382113724,LAMAR AVE,0.364993029068438,40.0,7,B,MEMPHIS,SHELBY,TDOT,47391,0.364993029068438