MstrRecNbrTxt,CollisionDate,CollisionDteTime,YearNmb,Month,DayOfWeek,Hour,Latitude,Longitude,InjuryClass,PersonType,NonMotoristLocation,RelationToJunction,LightCondition,MannerOfCollision,FirstHarmfulEvent,VictimsInCrash,InMemphis,Jurisdiction,StateRoute_NAME,StateRoute_F_System,StateRoute_SPDLIMIT,StateRoute_LANES,StateRoute_ALTNAME_1,StateRoute_Council_District,DistToStateRoute_m,Street_Name,DistToStreet_m,Street_SPDLIMIT,Street_LANES,Street_ONEWAY,Street_CITY_L,Street_COUNTY_L,Jurisdiction_prev,Seg_OBJECTID,DistToSeg_m
300928875,2023-12-09,2023-12-09 21:16:00,2023,12,Saturday,21,35.099583,-89.95098,Fatal,Pedestrian,Intersection-Unknown,Intersection,Dark-Lighted,Not Collision with Motor Vehicle in Transport,Pedestrian,1,True,City of Memphis,,,,,,,1705.7954470314885,BARRON AVE,16.206752320224368,40.0,4,B,MEMPHIS,SHELBY,City of Memphis,51169,16.206752320224368
300974213,2024-09-08,2024-09-08 02:18:00,2024,9,Sunday,2,35.163914,-89.86537,Suspected Serious Injury,Pedestrian,Not Intersection-On Roadway Crosswalk not Available,Non-Junction,Dark-Lighted,Other,Other,1,True,Interstate (TDOT),,,,,,,791.887373915036,INTERSTATE 40 W,0.2550242488702952,65.0,5,TF,MEMPHIS,SHELBY,City of Memphis,39454,0.25502424887029523
301007302,2025-03-19,2025-03-19 19:48:00,2025,3,Wednesday,19,35.148705,-89.9071,Fatal,Pedestrian,Not Intersection-On Roadway Not In Crosswalk,Non-Junction,Dark-Lighted,Not Collision with Motor Vehicle in Transport,Pedestrian,1,True,TDOT state route,SUMMER AVE,Principal Arterial,40.0,7.0,1,5.0,3.614957974694347,SUMMER AVE,1.040314419989351,40.0,7,B,MEMPHIS,SHELBY,TDOT,48639,1.040314419989351
300965374,2024-07-07,2024-07-07 04:59:00,2024,7,Sunday,4,35.053356,-89.98646,Fatal,Pedestrian,Not Intersection-On Roadway Not In Crosswalk,OtherLocation,Dark-Lighted,Not Collision with Motor Vehicle in Transport,Pedestrian,1,True,City of Memphis,,,,,,,3498.9526883163,WINCHESTER RD,0.1673131963122187,40.0,2,TF,MEMPHIS,SHELBY,City of Memphis,52411,0.16731319631221878
300937420,2024-01-24,2024-01-24 20:06:00,2024,1,Wednesday,20,35.21127,-89.923004,Fatal,Pedestrian,Not Intersection-On Roadway Not In Crosswalk,Non-Junction,Dark-Not Lighted,Not Collision with Motor Vehicle in Transport,Pedestrian,1,True,City of Memphis,,,,,,,282.9062749729678,RALEIGH MILLINGTON RD,1.3039717416002787,40.0,4,B,MEMPHIS,SHELBY,City of Memphis,47206,1.3039717416002787
301018662,2025-05-17,2025-05-17 20:00:00,2025,5,Saturday,20,35.106117,-89.98578,Fatal,Pedestrian,Intersection-On Roadway not in Crosswalk,Non-Junction,Dusk,Not Collision with Motor Vehicle in Transport,Pedestrian,1,True,TDOT state route,,,,,,,51.67962385647821,AIRWAYS BLVD,54.12359660470135,35.0,5,B,MEMPHIS,SHELBY,City of Memphis,46983,54.12359660470135
300962531,2024-06-18,2024-06-18 20:43:00,2024,6,Tuesday,20,35.035297,-90.03157,Fatal,Pedestrian,Intersection-On Roadway not in Crosswalk,Non-Junction,Dark-Lighted,Not Collision with Motor Vehicle in Transport,Pedestrian,1,True,City of Memphis,,,,,,,584.4981240138404,E RAINES RD,0.4555564764580087,40.0,5,B,MEMPHIS,SHELBY,City of Memphis,52325,0.45555647645800873
301003002,2025-02-20,2025-02-20 21:36:00,2025,2,Thursday,21,35.020798,-89.95201,Fatal,Pedestrian,Intersection-On Roadway not in Crosswalk,Non-Junction,Dark-Lighted,Not Collision with Motor Vehicle in Transport,Pedestrian,1,True,TDOT state route,E SHELBY DR,Principal Arterial,45.0,7.0,175,3.0,2.105047996510579,E SHELBY DR,6.790705341952289,45.0,7,B,MEMPHIS,SHELBY,TDOT,46398,6.790705341952289
300977561,2024-09-29,2024-09-29 00:48:00,2024,9,Sunday,0,35.135178,-90.000084,Fatal,Pedestrian,Intersection-On Roadway not in Crosswalk,Crossover-Related,Dark-Lighted,Not Collision with Motor Vehicle in Transport,Pedestrian,1,True,City of Memphis,UNION AVE,Principal Arterial,35.0,6.0,23,5.0,4.998838579112223,S MCLEAN BLVD,0.4053085897067741,35.0,4,B,MEMPHIS,SHELBY,TDOT,53276,0.40530858970677414
300953626,2024-04-24,2024-04-24 23:05:00,2024,4,Wednesday,23,35.177692,-89.93764,Fatal,Pedestrian,Not Intersection-On Roadway Not In Crosswalk,Intersection,Dark-Lighted,Not Collision with Motor Vehicle in Transport,Pedestrian,1,True,City of Memphis,JACKSON AVE,Principal Arterial,40.0,6.0,14,7.0,2.8419500532047715,JACKSON AVE,0.014088718291081,35.0,2,B,MEMPHIS,SHELBY,TDOT,7422,0.014088718291081085
300991307,2024-12-15,2024-12-15 12:09:00,2024,12,Sunday,12,35.199184,-89.97582,Fatal,Pedestrian,Not Intersection-Adjacent to Roadway,OtherLocation,Daylight,Not Collision with Motor Vehicle in Transport,Pedestrian,1,True,City of Memphis,,,,,,,4199.932091959759,N HOLLYWOOD ST,0.0161401726862878,40.0,6,B,MEMPHIS,SHELBY,City of Memphis,52416,0.016140172686287813
300987969,2024-11-26,2024-11-26 23:19:00,2024,11,Tuesday,23,35.223107,-89.940349,Fatal,Pedestrian,Not Intersection-On Roadway Crosswalk not Available,Non-Junction,Dark-Lighted,"Sideswipe, Same Direction",Other,1,True,City of Memphis,,,,,,,2336.389438678822,FRAYSER RALEIGH RD,2.5382448054689424,45.0,5,B,MEMPHIS,SHELBY,City of Memphis,49971,2.5382448054689424
300999297,2025-01-31,2025-01-31 19:34:00,2025,1,Friday,19,35.06502,-90.02272,Fatal,Pedestrian,Not Intersection-On Roadway Not In Crosswalk,Intersection,Dark-Lighted,Not Collision with Motor Vehicle in Transport,Pedestrian,1,True,TDOT state route,ELVIS PRESLEY BLVD,,40.0,4.0,3,6.0,1.205975767631999,ELVIS PRESLEY BLVD,0.1194978088568433,40.0,4,B,MEMPHIS,SHELBY,TDOT,48179,0.11949780885684336
301001337,2025-02-12,2025-02-12 19:21:00,2025,2,Wednesday,19,35.021038,-89.98985,Fatal,Pedestrian,Not Intersection-On Roadway Not In Crosswalk,AccelDecelLane,Dark-Lighted,Not Collision with Motor Vehicle in Transport,Pedestrian,1,True,TDOT state route,E SHELBY DR,Principal Arterial,40.0,7.0,175,3.0,5.414436759214895,E SHELBY DR,0.7213376781942263,40.0,7,B,MEMPHIS,SHELBY,TDOT,47849,0.7213376781942263
300872985,2023-03-12,2023-03-12 22:50:00,2023,3,Sunday,22,35.173855,-89.97571,Fatal,Pedestrian,Not Intersection-On Roadway Crosswalk not Available,Non-Junction,Dark-Lighted,Not Collision with Motor Vehicle in Transport,Pedestrian,1,True,City of Memphis,,,,,,,1759.779508824996,HUBBARD AVE,18.506632935399644,30.0,2,B,MEMPHIS,SHELBY,City of Memphis,4478,18.506632935399644
300928926,2023-12-10,2023-12-10 05:09:00,2023,12,Sunday,5,35.143723,-89.87304,Fatal,Pedestrian,Not Intersection-On Roadway Crosswalk not Available,Non-Junction,Dark-Lighted,Not Collision with Motor Vehicle in Transport,Pedestrian,1,True,Interstate (TDOT),,,,,,,1399.4359878117414,INTERSTATE 240 E,21.27618803061258,65.0,3,FT,MEMPHIS,SHELBY,City of Memphis,39435,21.27618803061258
300895366,2023-06-26,2023-06-26 22:01:00,2023,6,Monday,22,35.08891,-90.02559,Fatal,Pedestrian,Not Intersection-On Roadway Crosswalk not Available,Non-Junction,Dark-Lighted,Not Collision with Motor Vehicle in Transport,Pedestrian,1,True,Interstate (TDOT),,,,,,,664.4931546114075,INTERSTATE 240 S,0.1699688503253475,65.0,3,FT,MEMPHIS,SHELBY,City of Memphis,39419,0.16996885032534753
300970306,2024-08-12,2024-08-12 23:05:00,2024,8,Monday,23,35.13782,-90.02203,Fatal,Pedestrian,Intersection-On Roadway Crosswalk Not Available,Intersection,Dark-Not Lighted,Not Collision with Motor Vehicle in Transport,Pedestrian,1,True,TDOT state route,,,,,,,44.13132129988332,UNION AVE,48.71009287787376,35.0,6,B,MEMPHIS,SHELBY,City of Memphis,46759,48.71009287787376
301000444,2025-02-08,2025-02-08 18:30:00,2025,2,Saturday,18,35.146454,-89.96133,Fatal,Pedestrian,Not Intersection-On Roadway Not In Crosswalk,Non-Junction,Dark-Lighted,Not Collision with Motor Vehicle in Transport,Pedestrian,1,True,City of Memphis,,,,,,,343.1509525461206,SAM COOPER BLVD,0.1342620987919687,40.0,6,B,MEMPHIS,SHELBY,City of Memphis,52332,0.13426209879196874
300961034,2024-06-08,2024-06-08 03:16:00,2024,6,Saturday,3,35.101815,-89.87006,Fatal,Pedestrian,Not Intersection-On Roadway Crosswalk not Available,Entrance/Exit Ramp Related,Dark-Lighted,Not Collision with Motor Vehicle in Transport,Pedestrian,1,True,TDOT state route,POPLAR AVE,Principal Arterial,40.0,3.0,57,2.0,4.562143451354431,POPLAR AVE,0.4039885095995953,40.0,3,FT,MEMPHIS,SHELBY,TDOT,6879,0.40398850959959537
301013612,2025-04-21,2025-04-21 21:06:00,2025,4,Monday,21,35.199146,-89.839071,Fatal,Pedestrian,Not Intersection-On Roadway Not In Crosswalk,Non-Junction,Dark-Lighted,Not Collision with Motor Vehicle in Transport,Pedestrian,1,True,City of Memphis,,,,,,,855.9234436570605,KIRBY WHITTEN RD,55.44515284084375,45.0,7,B,MEMPHIS,SHELBY,City of Memphis,50197,55.44515284084375
301034170,2025-08-16,2025-08-16 16:34:00,2025,8,Saturday,16,35.10771,-89.97426,Possible Injury,Pedestrian,Not Intersection-On Roadway Crosswalk Availability Unknown,Non-Junction,Daylight,Not Collision with Motor Vehicle in Transport,Pedestrian,1,True,City of Memphis,,,,,,,834.2861085894409,DAVID ST,19.093223922437307,35.0,2,B,MEMPHIS,SHELBY,City of Memphis,82612,19.093223922437307
301033024,2025-08-09,2025-08-09 21:00:00,2025,8,Saturday,21,35.15796,-89.97498,Suspected Serious Injury,Pedestrian,Not Intersection-On Roadway Not In Crosswalk,Non-Junction,Dark-Lighted,Not Collision with Motor Vehicle in Transport,Pedestrian,1,True,TDOT state route,JACKSON AVE,Principal Arterial,40.0,5.0,14,7.0,4.556386682384061,JACKSON AVE,0.1034235124730102,40.0,5,B,MEMPHIS,SHELBY,TDOT,46908,0.1034235124730102
301038704,2025-09-10,2025-09-10 23:51:00,2025,9,Wednesday,23,35.020397,-89.84869,Suspected Serious Injury,Pedestrian,Intersection-On Roadway not in Crosswalk,Non-Junction,Dark-Not Lighted,Not Collision with Motor Vehicle in Transport,Pedestrian,1,True,TDOT state route,E SHELBY DR,Principal Arterial,45.0,7.0,175,3.0,4.912424048362988,E SHELBY DR,0.2381315620583727,45.0,7,B,MEMPHIS,SHELBY,TDOT,46444,0.23813156205837277
301037335,2025-09-03,2025-09-03 14:15:00,2025,9,Wednesday,14,35.098927,-89.97895,Possible Injury,Pedestrian,Intersection-Unknown,Non-Junction,Daylight,Not Collision with Motor Vehicle in Transport,Pedestrian,1,True,City of Memphis,,,,,,,218.13090193059617,ARLINGTON AVE,21.7827418471728,30.0,2,B,MEMPHIS,SHELBY,City of Memphis,5293,21.7827418471728
301037336,2025-09-02,2025-09-02 13:00:00,2025,9,Tuesday,13,35.086872,-89.96323,Possible Injury,Pedestrian,Not Intersection-On Roadway Not In Crosswalk,Non-Junction,Daylight,Not Collision with Motor Vehicle in Transport,Pedestrian,1,True,TDOT state route,LAMAR AVE,Principal Arterial,40.0,5.0,4,4.0,2.724683999822977,LAMAR AVE,0.0453945104097351,40.0,5,B,MEMPHIS,SHELBY,TDOT,47381,0.045394510409735134
301037654,2025-09-04,2025-09-04 15:30:00,2025,9,Thursday,15,35.21724,-89.99357,Possible Injury,Pedestrian,Intersection-On Roadway not in Crosswalk,Intersection,Daylight,Not Collision with Motor Vehicle in Transport,Pedestrian,2,True,City of Memphis,,,,,,,2736.384943577855,FRAYSER BLVD,0.0192695083068895,40.0,4,B,MEMPHIS,SHELBY,City of Memphis,49906,0.019269508306889574
301036535,2025-08-28,2025-08-28 19:50:00,2025,8,Thursday,19,35.162021,-89.917347,Suspected Minor Injury,Pedestrian,Intersection-On Roadway not in Crosswalk,Intersection-Related,Dark-Lighted,Not Collision with Motor Vehicle in Transport,Pedestrian,1,True,City of Memphis,,,,,,,1449.3916515835845,WARING RD,0.0127911261974729,35.0,2,B,MEMPHIS,SHELBY,City of Memphis,73878,0.012791126197472927
301036539,2025-08-29,2025-08-29 14:28:00,2025,8,Friday,14,35.035427,-90.00755,Suspected Serious Injury,Pedestrian,Intersection-In Crosswalk,Intersection,Daylight,Not Collision with Motor Vehicle in Transport,Pedestrian,1,True,City of Memphis,,,,,,,1593.1405646887663,MILLBRANCH RD,3.3378219285128923,40.0,4,B,MEMPHIS,SHELBY,City of Memphis,49779,3.3378219285128923
301036020,2025-08-26,2025-08-26 23:41:00,2025,8,Tuesday,23,35.086807,-89.93405,Suspected Serious Injury,Pedestrian,Not Intersection-On Roadway Not In Crosswalk,Intersection-Related,Dark-Lighted,Not Collision with Motor Vehicle in Transport,Pedestrian,1,True,City of Memphis,,,,,,,745.1111497387392,ELLISTON RD,0.1593091098701085,35.0,2,B,MEMPHIS,SHELBY,City of Memphis,73693,0.15930910987010852
301038526,2025-09-09,2025-09-09 23:18:00,2025,9,Tuesday,23,35.217155,-89.98451,Possible Injury,Pedestrian,Not Intersection-On Roadway Not In Crosswalk,AccelDecelLane,Dark-Lighted,Not Collision with Motor Vehicle in Transport,Pedestrian,1,True,City of Memphis,,,,,,,3417.350513889954,FRAYSER BLVD,0.0557982155459074,40.0,4,B,MEMPHIS,SHELBY,City of Memphis,49912,0.05579821554590741
301039213,2025-09-13,2025-09-13 23:26:00,2025,9,Saturday,23,35.064995,-89.90531,Possible Injury,Pedestrian,Not Intersection-On Roadway Crosswalk not Available,Non-Junction,Dark-Lighted,Not Collision with Motor Vehicle in Transport,Pedestrian,1,True,City of Memphis,,,,,,,2375.8331966632754,S PERKINS RD,33.904395635408854,40.0,7,B,MEMPHIS,SHELBY,City of Memphis,49377,33.904395635408854
301036285,2025-08-27,2025-08-27 22:00:00,2025,8,Wednesday,22,35.16249,-90.01069,Possible Injury,Pedestrian,Intersection-On Roadway Crosswalk Not Available,Intersection,Dark-Lighted,Not Collision with Motor Vehicle in Transport,Pedestrian,1,True,City of Memphis,,,,,,,443.9044897546296,HENRY AVE,0.0684503879205188,30.0,2,B,MEMPHIS,SHELBY,City of Memphis,3986,0.0684503879205188
301035802,2025-08-25,2025-08-25 21:01:00,2025,8,Monday,21,35.14348,-90.01052,Suspected Serious Injury,Pedestrian,Intersection-In Crosswalk,Intersection,Dark-Lighted,Not Collision with Motor Vehicle in Transport,Pedestrian,1,True,City of Memphis,,,,,,,794.2746198930608,STONEWALL ST,0.0960012412893031,30.0,2,B,MEMPHIS,SHELBY,City of Memphis,81164,0.09600124128930315
301036720,2025-08-31,2025-08-31 00:00:00,2025,8,Sunday,99,35.139866,-90.04583,Suspected Serious Injury,Pedestrian,Intersection-Unknown,Intersection,Dark-Not Lighted,Not Collision with Motor Vehicle in Transport,Pedestrian,1,True,TDOT state route,S DANNY THOMAS BLVD,Principal Arterial,35.0,2.0,1,6.0,0.7470468604132207,GAYOSO AVE,0.0704895761961974,30.0,2,B,MEMPHIS,SHELBY,TDOT,7066,0.07048957619619749
300971008,2024-08-17,2024-08-17 22:03:00,2024,8,Saturday,22,35.091835,-89.908585,Suspected Serious Injury,Pedestrian,Intersection-On Roadway not in Crosswalk,Non-Junction,Dark-Lighted,Not Collision with Motor Vehicle in Transport,Pedestrian,1,True,City of Memphis,,,,,,,2424.68003526541,QUINCE RD,0.6981245698011641,40.0,5,B,MEMPHIS,SHELBY,City of Memphis,51487,0.6981245698011641
301035593,2025-08-24,2025-08-24 14:50:00,2025,8,Sunday,14,35.069164,-89.93214,Suspected Minor Injury,Pedestrian,Intersection-Not on Roadway,AccelDecelLane,Daylight,Not Collision with Motor Vehicle in Transport,Pedestrian,1,True,City of Memphis,GETWELL RD,Principal Arterial,40.0,7.0,176,4.0,0.4551115591263445,COMANCHE RD,0.0017265753342134,35.0,2,B,MEMPHIS,SHELBY,TDOT,71151,0.0017265753342134067
301039474,2025-09-14,2025-09-14 19:34:00,2025,9,Sunday,19,35.066723,-89.843605,Suspected Serious Injury,Pedestrian,Not Intersection-Unknown,Non-Junction,Dark-Lighted,Unknown,Other,1,True,TDOT state route,STATE ROUTE 385,Freeway and Expressway,65.0,3.0,NONCONNAH PKWY,2.0,3.991584068948181,STATE ROUTE 385 E,0.024449502916851,65.0,3,FT,MEMPHIS,SHELBY,TDOT,47693,0.02444950291685103
301039253,2025-09-14,2025-09-14 08:28:00,2025,9,Sunday,8,35.128185,-90.02065,Possible Injury,Pedestrian,Not Intersection-Outside Traffic,Non-Junction,Daylight,Not Collision with Motor Vehicle in Transport,Pedestrian,1,True,TDOT state route,,,,,,,30.72740597491522,LAMAR AVE,27.03219033198857,40.0,6,B,MEMPHIS,SHELBY,City of Memphis,46751,27.03219033198857
301035241,2025-08-22,2025-08-22 10:38:00,2025,8,Friday,10,35.107265,-90.03995,Suspected Serious Injury,Pedestrian,Not Intersection-On Roadway Not In Crosswalk,Intersection-Related,Daylight,Not Collision with Motor Vehicle in Transport,Pedestrian,1,True,City of Memphis,,,,,,,1402.9217691469594,S PARKWAY E,0.019759615587522,35.0,5,B,MEMPHIS,SHELBY,City of Memphis,53327,0.019759615587522067
301035434,2025-08-23,2025-08-23 18:20:00,2025,8,Saturday,18,35.11944,-89.90809,Possible Injury,Pedestrian,Intersection-In Crosswalk,Intersection,Daylight,Not Collision with Motor Vehicle in Transport,Pedestrian,1,True,City of Memphis,,,,,,,265.6400222210493,PERKINS ROAD EXT,39.17481293500977,35.0,5,B,MEMPHIS,SHELBY,City of Memphis,53637,39.17481293500977
301037973,2025-09-06,2025-09-06 19:54:00,2025,9,Saturday,19,35.03558,-90.007515,Suspected Serious Injury,Pedestrian,Intersection-In Crosswalk,Intersection,Dark-Lighted,Not Collision with Motor Vehicle in Transport,Pedestrian,1,True,City of Memphis,,,,,,,1610.1150033923598,MILLBRANCH RD,0.0690957689695692,40.0,4,B,MEMPHIS,SHELBY,City of Memphis,49779,0.06909576896956925
300980509,2024-10-17,2024-10-17 09:43:00,2024,10,Thursday,9,35.114505,-89.902893,Fatal,Pedestrian,Intersection-In Crosswalk,Intersection,Daylight,Not Collision with Motor Vehicle in Transport,Pedestrian,1,True,TDOT state route,,,,,,,33.41056102570867,POPLAR AVE,29.028949480918747,40.0,7,B,MEMPHIS,SHELBY,City of Memphis,47118,29.028949480918747
301038869,2025-09-12,2025-09-12 00:22:00,2025,9,Friday,0,35.20825,-90.00381,Possible Injury,Pedestrian,Not Intersection-On Roadway Not In Crosswalk,Non-Junction,Dark-Lighted,Not Collision with Motor Vehicle in Transport,Pedestrian,1,True,City of Memphis,,,,,,,2539.4347316623484,WHITNEY AVE,0.1445836923110096,40.0,2,B,MEMPHIS,SHELBY,City of Memphis,2757,0.14458369231100968
301038388,2025-09-08,2025-09-08 11:45:00,2025,9,Monday,11,35.106586,-89.89542,Possible Injury,Pedestrian,Intersection-In Crosswalk,Intersection-Related,Daylight,Not Collision with Motor Vehicle in Transport,Pedestrian,1,True,City of Memphis,,,,,,,589.6945051060169,PARK AVE,0.2394355724660056,40.0,4,B,MEMPHIS,SHELBY,City of Memphis,51567,0.23943557246600564
301039120,2025-09-12,2025-09-12 23:15:00,2025,9,Friday,23,35.071957,-90.058495,Possible Injury,Pedestrian,Not Intersection-Unknown,AccelDecelLane,Dark-Not Lighted,Not Collision with Motor Vehicle in Transport,Pedestrian,1,True,TDOT state route,S THIRD ST,Principal Arterial,45.0,7.0,14,6.0,18.038743398136862,S THIRD ST,18.69566105417112,45.0,7,B,MEMPHIS,SHELBY,TDOT,47482,18.69566105417112
301037797,2025-09-05,2025-09-05 15:25:00,2025,9,Friday,15,35.199127,-89.9446,Possible Injury,Pedestrian,Intersection-In Crosswalk,Intersection,Daylight,Not Collision with Motor Vehicle in Transport,Pedestrian,1,True,City of Memphis,,,,,,,1779.5691499464658,STAGE JAMES RD,0.0572415567240273,45.0,7,B,MEMPHIS,SHELBY,City of Memphis,49962,0.057241556724027365
301037388,2025-09-03,2025-09-03 15:35:00,2025,9,Wednesday,15,35.2081,-89.97567,Possible Injury,Pedestrian,Intersection-In Crosswalk,Intersection,Daylight,Not Collision with Motor Vehicle in Transport,Pedestrian,1,True,City of Memphis,,,,,,,4653.263031544003,WHITNEY AVE,0.003440059025238,40.0,4,B,MEMPHIS,SHELBY,City of Memphis,2946,0.0034400590252380864
300996345,2025-01-14,2025-01-14 01:05:00,2025,1,Tuesday,1,35.123558,-89.86841,Suspected Serious Injury,Pedestrian,Not Intersection-On Roadway Crosswalk not Available,Non-Junction,Dark-Lighted,Front to Rear,Other,2,True,Interstate (TDOT),,,,,,,826.4338425234458,INTERSTATE 240 E,3.1013871209593407,65.0,3,FT,MEMPHIS,SHELBY,City of Memphis,39732,3.1013871209593407
301035290,2025-08-18,2025-08-18 14:32:00,2025,8,Monday,14,35.148895,-90.04847,Unknown,Other Non-Motorist,Intersection-Unknown,OtherLocation,Daylight,Not Collision with Motor Vehicle in Transport,Other,1,True,TDOT state route,N THIRD ST,Minor Arterial,35.0,3.0,3,6.0,9.448117389995785,N B B KING BLVD,7.644904195725398,35.0,3,FT,MEMPHIS,SHELBY,TDOT,53242,7.644904195725398
301035667,2025-08-25,2025-08-25 07:35:00,2025,8,Monday,7,35.08577,-89.9109,Possible Injury,Pedestrian,Intersection-On Roadway Crosswalk Not Available,Intersection,Daylight,Not Collision with Motor Vehicle in Transport,Pedestrian,2,True,City of Memphis,,,,,,,1951.0915136021013,SEA ISLE RD,0.0171013904512618,30.0,2,B,MEMPHIS,SHELBY,City of Memphis,74109,0.017101390451261817
301038185,2025-09-08,2025-09-08 05:30:00,2025,9,Monday,5,35.05026,-89.87318,No Injury,Pedestrian,Unknown,Through Roadway,Dark-Lighted,Other,Other,1,True,City of Memphis,,,,,,,2829.0808640840023,WINCHESTER RD,0.1275709966362224,45.0,7,B,MEMPHIS,SHELBY,City of Memphis,49427,0.12757099663622246
301035093,2025-08-21,2025-08-21 12:00:00,2025,8,Thursday,12,35.1602,-90.03969,No Injury,Pedestrian,Not Intersection-Other Not On Roadway,Intersection,Daylight,Not Collision with Motor Vehicle in Transport,Other,1,True,City of Memphis,,,,,,,264.86289815066084,N SIXTH ST,18.097680882816796,30.0,2,B,MEMPHIS,SHELBY,City of Memphis,80655,18.097680882816793
301038688,2025-09-10,2025-09-10 13:30:00,2025,9,Wednesday,13,35.19589,-89.80971,Possible Injury,Pedestrian,Intersection-In Crosswalk,Intersection,Daylight,Not Collision with Motor Vehicle in Transport,Pedestrian,1,True,City of Memphis,,,,,,,974.647620950297,LAURELCREST DR,21.87696428176276,30.0,2,B,MEMPHIS,SHELBY,City of Memphis,29278,21.876964281762756
301037265,2025-09-03,2025-09-03 05:40:00,2025,9,Wednesday,5,35.12847,-89.87194,No Injury,Pedestrian,Not Intersection-Other Not On Roadway,"Driveway, Alley Access, etc",Dawn,Not Collision with Motor Vehicle in Transport,Other,1,True,City of Memphis,,,,,,,290.26117287959715,N ANGELA RD,35.11450900113669,30.0,2,B,MEMPHIS,SHELBY,City of Memphis,76144,35.11450900113669
301037269,2025-08-30,2025-08-30 00:00:00,2025,8,Saturday,99,35.020878,-90.02629,Suspected Serious Injury,Pedestrian,Not Intersection-In Crosswalk,AccelDecelLane,Unknown,Not Collision with Motor Vehicle in Transport,Pedestrian,1,True,TDOT state route,E SHELBY DR,Minor Arterial,45.0,5.0,175,6.0,13.08049553139796,E SHELBY DR,8.417620069590336,45.0,5,B,MEMPHIS,SHELBY,TDOT,49711,8.417620069590336
301035706,2025-08-25,2025-08-25 08:55:00,2025,8,Monday,8,35.125347,-90.05519,Suspected Minor Injury,Pedestrian,Not Intersection-Outside Traffic,Intersection-Related,Daylight,Not Collision with Motor Vehicle in Transport,Other,1,True,TDOT state route,S THIRD ST,Minor Arterial,35.0,5.0,14,6.0,26.74802876781674,S B B KING BLVD,27.152201552649636,35.0,5,B,MEMPHIS,SHELBY,TDOT,53402,27.152201552649633
301038931,2025-09-11,2025-09-11 06:37:00,2025,9,Thursday,6,35.06899,-89.96371,Possible Injury,Pedestrian,Intersection-In Crosswalk,Intersection,Dawn,Not Collision with Motor Vehicle in Transport,Pedestrian,1,True,City of Memphis,,,,,,,1409.2061557771303,DEMOCRAT RD,0.0016861312995763,45.0,5,B,MEMPHIS,SHELBY,City of Memphis,53710,0.001686131299576353
301036456,2025-08-29,2025-08-29 07:40:00,2025,8,Friday,7,35.016445,-89.989845,Possible Injury,Pedestrian,Intersection-Not on Roadway,Intersection,Daylight,Not Collision with Motor Vehicle in Transport,Pedestrian,1,True,City of Memphis,,,,,,,514.9544779339383,AIRWAYS BLVD,0.1392059626788363,45.0,7,B,MEMPHIS,SHELBY,City of Memphis,53447,0.13920596267883634
301029586,2025-07-17,2025-07-17 00:16:00,2025,7,Thursday,0,35.152752,-89.951546,Suspected Serious Injury,Pedestrian,Not Intersection-On Roadway Not In Crosswalk,Non-Junction,Dark-Lighted,Not Collision with Motor Vehicle in Transport,Pedestrian,1,True,City of Memphis,,,,,,,371.7110853552956,N HOLMES ST,23.85624798519942,35.0,2,B,MEMPHIS,SHELBY,City of Memphis,83091,23.85624798519942
301038500,2025-09-08,2025-09-08 16:00:00,2025,9,Monday,16,35.165207,-89.861404,Possible Injury,Pedestrian,Intersection-On Roadway Crosswalk Not Available,AccelDecelLane,Daylight,Not Collision with Motor Vehicle in Transport,Pedestrian,1,True,Interstate (TDOT),,,,,,,978.034449998758,INTERSTATE 40 E,0.0487716277268189,65.0,4,FT,MEMPHIS,SHELBY,City of Memphis,39681,0.04877162772681897
301042568,2025-10-02,2025-10-02 11:30:00,2025,10,Thursday,11,35.13921,-90.019516,Possible Injury,Pedestrian,Intersection-On Roadway Crosswalk availability Unknown,Intersection-Related,Daylight,Not Collision with Motor Vehicle in Transport,Pedestrian,1,True,City of Memphis,,,,,,,224.778291877628,N MONTGOMERY ST,0.0324722270946526,30.0,2,B,MEMPHIS,SHELBY,City of Memphis,80931,0.03247222709465265
301044910,2025-10-16,2025-10-16 18:51:00,2025,10,Thursday,18,35.11567,-89.971756,Possible Injury,Pedestrian,Intersection-Not on Roadway,Intersection,Dawn,Angle,Other,1,True,City of Memphis,,,,,,,1160.4270258152897,SOUTHERN AVE,0.148059678445836,35.0,3,B,MEMPHIS,SHELBY,City of Memphis,51051,0.14805967844583606
301043683,2025-09-08,2025-09-08 10:22:00,2025,9,Monday,10,35.00638,-90.025276,Suspected Minor Injury,Pedestrian,Intersection-In Crosswalk,Intersection,Daylight,Not Collision with Motor Vehicle in Transport,Pedestrian,1,True,TDOT state route,ELVIS PRESLEY BLVD,Principal Arterial,40.0,5.0,3,3.0,0.3272990056877377,ELVIS PRESLEY BLVD,0.0222494369773176,40.0,5,B,MEMPHIS,SHELBY,TDOT,46482,0.022249436977317637