MstrRecNbrTxt,CollisionDate,CollisionDteTime,YearNmb,Month,DayOfWeek,Hour,Latitude,Longitude,InjuryClass,PersonType,NonMotoristLocation,RelationToJunction,LightCondition,MannerOfCollision,FirstHarmfulEvent,VictimsInCrash,InMemphis,Jurisdiction,StateRoute_NAME,StateRoute_F_System,StateRoute_SPDLIMIT,StateRoute_LANES,StateRoute_ALTNAME_1,StateRoute_Council_District,DistToStateRoute_m,Street_Name,DistToStreet_m,Street_SPDLIMIT,Street_LANES,Street_ONEWAY,Street_CITY_L,Street_COUNTY_L,Jurisdiction_prev,Seg_OBJECTID,DistToSeg_m
301049296,2025-11-04,2025-11-04 09:55:00,2025,11,Tuesday,9,35.17046,-90.018524,Possible Injury,Pedestrian,Not Intersection-Outside Traffic,Non-Junction,Daylight,Unknown,Other,2,True,Interstate (TDOT),,,,,,,1315.0045233609974,INTERSTATE 40 W,0.0235898111118141,65.0,3,TF,MEMPHIS,SHELBY,City of Memphis,39538,0.02358981111181415
301065744,2026-02-17,2026-02-17 18:05:00,2026,2,Tuesday,18,35.077816,-90.02018,Possible Injury,Pedestrian,Intersection-On Roadway Crosswalk availability Unknown,"Driveway, Alley Access, etc",Dark-Lighted,Not Collision with Motor Vehicle in Transport,Pedestrian,1,True,City of Memphis,,,,,,,54.195197274986285,E ALCY RD,32.123782546372844,35.0,2,B,MEMPHIS,SHELBY,City of Memphis,75728,32.123782546372844
301065922,2026-02-18,2026-02-18 19:25:00,2026,2,Wednesday,19,35.136402,-90.01229,Suspected Serious Injury,Pedestrian,Intersection-In Crosswalk,Intersection,Dark-Lighted,Not Collision with Motor Vehicle in Transport,Pedestrian,1,True,City of Memphis,UNION AVE,Principal Arterial,35.0,6.0,23,5.0,4.462121401923693,S MCNEIL ST,0.0160717378394956,30.0,2,B,MEMPHIS,SHELBY,TDOT,81079,0.016071737839495608
301065945,2026-02-12,2026-02-12 18:40:00,2026,2,Thursday,18,35.234871,-89.893177,Possible Injury,Pedestrian,Not Intersection-On Roadway Not In Crosswalk,Non-Junction,Dark-Not Lighted,Not Collision with Motor Vehicle in Transport,Pedestrian,1,True,TDOT state route,,,,,,,121.98066961619554,NEW COVINGTON PIKE,125.11581968994466,45.0,5,B,MEMPHIS,SHELBY,City of Memphis,48076,125.11581968994466
301064945,2026-02-10,2026-02-10 06:15:00,2026,2,Tuesday,6,35.108124,-89.97131,Possible Injury,Pedestrian,Not Intersection-On Roadway Not In Crosswalk,Intersection,Dawn,Not Collision with Motor Vehicle in Transport,Pedestrian,1,True,City of Memphis,,,,,,,1016.686876953724,PARK AVE,1.2597551458071463,35.0,4,B,MEMPHIS,SHELBY,City of Memphis,51048,1.2597551458071465
301056159,2025-12-16,2025-12-16 17:34:00,2025,12,Tuesday,17,35.053406,-89.88612,Possible Injury,Pedestrian,Not Intersection-On Roadway Crosswalk not Available,Non-Junction,Dark-Lighted,Not Collision with Motor Vehicle in Transport,Pedestrian,2,True,City of Memphis,,,,,,,3091.771992716997,S MENDENHALL RD,0.4150666931694092,40.0,7,B,MEMPHIS,SHELBY,City of Memphis,51903,0.4150666931694092
301066210,2026-02-20,2026-02-20 12:00:00,2026,2,Friday,12,35.108547,-89.98474,Possible Injury,Pedestrian,Intersection-In Crosswalk,Intersection-Related,Daylight,Not Collision with Motor Vehicle in Transport,Pedestrian,1,True,City of Memphis,AIRWAYS BLVD,Principal Arterial,35.0,5.0,277,4.0,14.719779806174769,PARK AVE,0.7112191199228795,35.0,4,B,MEMPHIS,SHELBY,TDOT,51017,0.7112191199228795
301064679,2026-02-11,2026-02-11 19:00:00,2026,2,Wednesday,19,35.116024,-90.05953,Possible Injury,Pedestrian,Not Intersection-Outside Traffic,Non-Junction,Dark-Lighted,Not Collision with Motor Vehicle in Transport,Pedestrian,1,True,City of Memphis,,,,,,,392.91124151046427,S MAIN ST,6.851429071288579,30.0,2,B,MEMPHIS,SHELBY,City of Memphis,82077,6.851429071288579
301064069,2026-02-07,2026-02-07 17:00:00,2026,2,Saturday,17,35.108543,-89.98489,Possible Injury,Pedestrian,Intersection-In Crosswalk,Intersection,Daylight,Not Collision with Motor Vehicle in Transport,Pedestrian,1,True,City of Memphis,AIRWAYS BLVD,Principal Arterial,35.0,5.0,277,4.0,1.0840112498052452,PARK AVE,0.0582363721352716,35.0,4,B,MEMPHIS,SHELBY,TDOT,51017,0.058236372135271636
300964552,2024-07-02,2024-07-02 22:59:00,2024,7,Tuesday,22,35.063282,-90.07291,Suspected Serious Injury,Pedestrian,Not Intersection-On Roadway Crosswalk not Available,SharedUsePathOrTrail,Dark-Lighted,Not Collision with Motor Vehicle in Transport,Pedestrian,1,True,City of Memphis,,,,,,,1247.0468003725937,W BROOKS RD,0.1479198101880126,35.0,4,B,MEMPHIS,SHELBY,City of Memphis,49609,0.14791981018801262
301065988,2026-02-19,2026-02-19 08:40:00,2026,2,Thursday,8,35.104794,-90.00043,Suspected Minor Injury,Pedestrian,Intersection-Not on Roadway,Through Roadway,Daylight,Not Collision with Motor Vehicle in Transport,Pedestrian,1,True,City of Memphis,,,,,,,993.549444430309,S BARKSDALE ST,23.36113208888421,30.0,2,B,MEMPHIS,SHELBY,City of Memphis,81286,23.361132088884215
301066234,2026-02-20,2026-02-20 19:48:00,2026,2,Friday,19,35.05938,-89.92223,Suspected Minor Injury,Pedestrian,Intersection-On Roadway Crosswalk Not Available,Intersection,Dark-Lighted,Not Collision with Motor Vehicle in Transport,Pedestrian,1,True,City of Memphis,,,,,,,796.0505300303206,FOREST VIEW DR,0.2694585663791594,30.0,2,B,MEMPHIS,SHELBY,City of Memphis,26037,0.2694585663791594
301066238,2026-02-20,2026-02-20 19:00:00,2026,2,Friday,19,35.243095,-89.92586,Possible Injury,Pedestrian,Intersection-On Roadway not in Crosswalk,Intersection-Related,Dark-Lighted,Not Collision with Motor Vehicle in Transport,Pedestrian,2,True,City of Memphis,,,,,,,2712.98573343828,EGYPT CENTRAL RD,0.1451887370357739,45.0,5,B,MEMPHIS,SHELBY,City of Memphis,53112,0.14518873703577395
301064481,2026-02-10,2026-02-10 18:45:00,2026,2,Tuesday,18,35.13938,-89.95824,Possible Injury,Pedestrian,Not Intersection-On Roadway Not In Crosswalk,Non-Junction,Dark-Lighted,Not Collision with Motor Vehicle in Transport,Pedestrian,1,True,City of Memphis,,,,,,,513.9671138308546,BALTIC ST,19.51828199545709,30.0,2,B,MEMPHIS,SHELBY,City of Memphis,82869,19.51828199545709
301042813,2025-10-02,2025-10-02 20:05:00,2025,10,Thursday,20,35.11538,-89.99917,Fatal,Pedestrian,Intersection-Not on Roadway,Intersection,Dark-Lighted,Not Collision with Motor Vehicle in Transport,Pedestrian,2,True,TDOT state route,LAMAR AVE,Principal Arterial,40.0,4.0,4,4.0,3.7907066239074174,LAMAR AVE,0.3036564401260377,40.0,4,B,MEMPHIS,SHELBY,TDOT,46820,0.30365644012603776
301066599,2026-02-23,2026-02-23 10:10:00,2026,2,Monday,10,35.148514,-90.04872,Possible Injury,Pedestrian,Intersection-Not on Roadway,Intersection-Related,Daylight,Not Collision with Motor Vehicle in Transport,Pedestrian,1,True,TDOT state route,N THIRD ST,Minor Arterial,35.0,3.0,3,6.0,1.810046264052154,N B B KING BLVD,0.0917096098768913,35.0,3,FT,MEMPHIS,SHELBY,TDOT,53242,0.0917096098768913
301064499,2026-02-10,2026-02-10 17:00:00,2026,2,Tuesday,17,35.15055,-89.97693,Possible Injury,Pedestrian,Intersection-In Crosswalk,Intersection,Daylight,Not Collision with Motor Vehicle in Transport,Pedestrian,2,True,City of Memphis,SUMMER AVE,Principal Arterial,35.0,5.0,1,5.0,4.809049077534227,N HOLLYWOOD ST,0.1211265685577443,35.0,2,B,MEMPHIS,SHELBY,TDOT,53539,0.1211265685577443
301068410,2026-03-05,2026-03-05 15:47:00,2026,3,Thursday,15,35.137707,-89.999671,Fatal,Pedestrian,Not Intersection-In Crosswalk,Non-Junction,Daylight,Not Collision with Motor Vehicle in Transport,Pedestrian,1,True,City of Memphis,,,,,,,278.0915883459914,MADISON AVE,1.0960402204660002,35.0,3,B,MEMPHIS,SHELBY,City of Memphis,50548,1.0960402204660002
301065286,2026-02-15,2026-02-15 01:30:00,2026,2,Sunday,1,35.136803,-89.99027,Suspected Minor Injury,Pedestrian,Intersection-On Roadway not in Crosswalk,Intersection,Dark-Lighted,Not Collision with Motor Vehicle in Transport,Pedestrian,1,True,City of Memphis,,,,,,,286.27204832750624,N COOPER ST,17.02728990627099,35.0,4,B,MEMPHIS,SHELBY,City of Memphis,84243,17.02728990627099
301039285,2025-09-14,2025-09-14 01:09:00,2025,9,Sunday,1,35.059162,-89.93354,Fatal,Pedestrian,Not Intersection-On Roadway Crosswalk not Available,Non-Junction,Dark-Lighted,Not Collision with Motor Vehicle in Transport,Pedestrian,1,True,City of Memphis,,,,,,,84.94960679341386,OLD GETWELL RD,10.673435087619294,30.0,2,B,MEMPHIS,SHELBY,City of Memphis,71148,10.673435087619294
300996151,2025-01-12,2025-01-12 19:16:00,2025,1,Sunday,19,35.122568,-90.054533,Fatal,Pedestrian,Intersection-On Roadway not in Crosswalk,Intersection-Related,Dark-Lighted,Not Collision with Motor Vehicle in Transport,Pedestrian,1,True,City of Memphis,,,,,,,41.74652639479327,MARYLAND AVE,25.20312861772193,30.0,2,B,MEMPHIS,SHELBY,City of Memphis,7189,25.20312861772193
301050532,2025-11-15,2025-11-15 09:00:00,2025,11,Saturday,9,35.182857,-89.856219,Fatal,Pedestrian,Intersection-Not on Roadway,Non-Junction,Daylight,Not Collision with Motor Vehicle in Transport,Pedestrian,1,True,City of Memphis,,,,,,,85.60819612464158,SUMMER HILLS CIR,15.150915083489556,25.0,2,B,MEMPHIS,SHELBY,City of Memphis,9884,15.150915083489556
301067720,2026-03-01,2026-03-01 20:47:00,2026,3,Sunday,20,35.242843,-89.919394,Suspected Minor Injury,Pedestrian,Not Intersection-On Roadway Crosswalk not Available,Non-Junction,Dark-Not Lighted,Not Collision with Motor Vehicle in Transport,Pedestrian,1,True,City of Memphis,,,,,,,2239.6350784675874,EGYPT CENTRAL RD,14.354759207694952,45.0,2,B,MEMPHIS,SHELBY,City of Memphis,52822,14.354759207694952
301068022,2026-03-03,2026-03-03 16:42:00,2026,3,Tuesday,16,35.051945,-90.00755,Possible Injury,Pedestrian,Not Intersection-On Roadway Crosswalk Availability Unknown,AccelDecelLane,Daylight,Not Collision with Motor Vehicle in Transport,Pedestrian,1,True,City of Memphis,,,,,,,1596.3703471335446,MILLBRANCH RD,8.093302503984232,40.0,4,B,MEMPHIS,SHELBY,City of Memphis,49792,8.093302503984232
301067817,2026-03-02,2026-03-02 12:10:00,2026,3,Monday,12,35.143955,-90.01564,Suspected Minor Injury,Pedestrian,Intersection-In Crosswalk,Intersection-Related,Daylight,Not Collision with Motor Vehicle in Transport,Pedestrian,1,True,City of Memphis,,,,,,,789.8753669485542,POPLAR AVE,0.1332189960499262,40.0,7,B,MEMPHIS,SHELBY,City of Memphis,50416,0.13321899604992624
301068051,2026-03-03,2026-03-03 20:00:00,2026,3,Tuesday,20,35.160507,-90.03022,Possible Injury,Pedestrian,Not Intersection-On Roadway Not In Crosswalk,Unknown,Dawn,Not Collision with Motor Vehicle in Transport,Pedestrian,1,True,City of Memphis,,,,,,,379.96636923390514,N DUNLAP ST,0.0966625929385106,30.0,2,B,MEMPHIS,SHELBY,City of Memphis,80838,0.09666259293851064
301069129,2026-03-10,2026-03-10 07:20:00,2026,3,Tuesday,7,35.21943,-89.97326,Possible Injury,Pedestrian,Intersection-In Crosswalk,Intersection,Dawn,Not Collision with Motor Vehicle in Transport,Pedestrian,1,True,City of Memphis,,,,,,,4109.482548724659,MCGREGOR AVE,21.16384651468524,30.0,2,B,MEMPHIS,SHELBY,City of Memphis,2990,21.16384651468524
301069855,2026-03-13,2026-03-13 19:00:00,2026,3,Friday,19,35.01912,-90.04311,Possible Injury,Pedestrian,Not Intersection-On Roadway Not In Crosswalk,"Driveway, Alley Access, etc",Dark-Lighted,Not Collision with Motor Vehicle in Transport,Pedestrian,1,True,City of Memphis,,,,,,,200.051067669344,HAVEN CT,1.1607516853168958,30.0,2,B,MEMPHIS,SHELBY,City of Memphis,11230,1.1607516853168958
301069704,2026-03-13,2026-03-13 08:00:00,2026,3,Friday,8,35.075638,-89.92319,Possible Injury,Pedestrian,Intersection-On Roadway Crosswalk Not Available,Non-Junction,Daylight,Not Collision with Motor Vehicle in Transport,Pedestrian,2,True,City of Memphis,,,,,,,764.5854042949028,COLONY PARK DR,38.53321822863794,30.0,2,B,MEMPHIS,SHELBY,City of Memphis,26038,38.53321822863794
301074929,2026-04-12,2026-04-12 23:00:00,2026,4,Sunday,23,35.099876,-89.86282,Possible Injury,Pedestrian,Intersection-In Crosswalk,Intersection,Dark-Lighted,Not Collision with Motor Vehicle in Transport,Pedestrian,1,True,City of Memphis,,,,,,,275.5332039705707,PARK AVE,10.63229220982627,40.0,4,B,MEMPHIS,SHELBY,City of Memphis,53655,10.63229220982627
301073157,2026-04-02,2026-04-02 20:32:00,2026,4,Thursday,20,35.051453,-90.00747,Suspected Serious Injury,Pedestrian,Not Intersection-On Roadway Crosswalk not Available,Intersection-Related,Dark-Lighted,Not Collision with Motor Vehicle in Transport,Pedestrian,1,True,City of Memphis,,,,,,,1604.027423703318,MILLBRANCH RD,0.3923881868436938,40.0,4,B,MEMPHIS,SHELBY,City of Memphis,49792,0.39238818684369386
301072316,2026-03-28,2026-03-28 16:50:00,2026,3,Saturday,16,35.09949,-89.86321,Possible Injury,Pedestrian,Not Intersection-On Roadway Not In Crosswalk,Non-Junction,Daylight,Not Collision with Motor Vehicle in Transport,Pedestrian,1,True,City of Memphis,,,,,,,324.32765480174885,PARK AVE,51.67506179622211,40.0,4,B,MEMPHIS,SHELBY,City of Memphis,53655,51.67506179622211
301009788,2025-04-01,2025-04-01 21:16:00,2025,4,Tuesday,21,35.14281,-89.95136,Fatal,Pedestrian,Intersection-On Roadway Crosswalk Not Available,Intersection,Dark-Lighted,Not Collision with Motor Vehicle in Transport,Pedestrian,1,True,City of Memphis,,,,,,,731.4388335728005,N HOLMES ST,21.787061669341824,40.0,4,B,MEMPHIS,SHELBY,City of Memphis,84679,21.787061669341824
301073793,2026-04-05,2026-04-05 16:34:00,2026,4,Sunday,16,35.104935,-90.04287,Possible Injury,Pedestrian,Intersection-In Crosswalk,Intersection,Daylight,Not Collision with Motor Vehicle in Transport,Pedestrian,1,True,City of Memphis,,,,,,,1144.4596771282638,MCMILLAN ST,17.594597638572374,30.0,2,B,MEMPHIS,SHELBY,City of Memphis,82215,17.594597638572374
301071113,2026-03-22,2026-03-22 01:30:00,2026,3,Sunday,1,35.020687,-89.95011,Suspected Serious Injury,Pedestrian,Not Intersection-Bike Path,Intersection-Related,Dark-Lighted,Not Collision with Motor Vehicle in Transport,Pedestrian,1,True,City of Memphis,E SHELBY DR,Principal Arterial,45.0,7.0,175,3.0,8.960424289511769,CHEVRON RD,1.23156939836435,35.0,2,B,MEMPHIS,SHELBY,TDOT,71089,1.23156939836435
301074948,2026-04-12,2026-04-12 21:32:00,2026,4,Sunday,21,35.125786,-90.00115,Suspected Serious Injury,Pedestrian,Not Intersection-Outside Traffic,"Driveway, Alley Access, etc",Dark-Lighted,Not Collision with Motor Vehicle in Transport,Pedestrian,1,True,City of Memphis,,,,,,,794.3394383053416,S MCLEAN BLVD,22.494329283708694,35.0,4,B,MEMPHIS,SHELBY,City of Memphis,50543,22.494329283708698
301075525,2026-04-15,2026-04-15 19:39:00,2026,4,Wednesday,19,35.11159,-90.05228,Possible Injury,Pedestrian,Not Intersection-On Roadway Not In Crosswalk,Through Roadway,Dark-Lighted,Not Collision with Motor Vehicle in Transport,Pedestrian,1,True,City of Memphis,,,,,,,271.4963901173215,LATHAM ST,0.5115859678240254,30.0,2,B,MEMPHIS,SHELBY,City of Memphis,82134,0.5115859678240254
301074651,2026-04-10,2026-04-10 15:57:00,2026,4,Friday,15,35.107227,-89.98316,No Injury,Pedestrian,Not Intersection-On Roadway Crosswalk Availability Unknown,OtherLocation,Daylight,Not Collision with Motor Vehicle in Transport,Pedestrian,1,True,City of Memphis,,,,,,,166.3334627697659,ETHEL ST,15.469083260657758,30.0,2,B,MEMPHIS,SHELBY,City of Memphis,84527,15.469083260657758
301033012,2025-08-10,2025-08-10 01:02:00,2025,8,Sunday,1,35.054753,-89.8291,Fatal,Pedestrian,Not Intersection-Outside Traffic,Non-Junction,Dark-Lighted,Rear to Side,Other,1,True,TDOT state route,STATE ROUTE 385,Freeway and Expressway,65.0,3.0,NONCONNAH PKWY,2.0,3.657847971183304,RIVERDALE RD,0.002695828224256,45.0,6,B,MEMPHIS,SHELBY,TDOT,52550,0.002695828224256058
301076080,2026-04-18,2026-04-18 23:25:00,2026,4,Saturday,23,35.115795,-90.04454,Suspected Serious Injury,Pedestrian,Not Intersection-On Roadway Not In Crosswalk,Non-Junction,Dark-Lighted,Not Collision with Motor Vehicle in Transport,Pedestrian,1,True,City of Memphis,,,,,,,948.3194439630122,E MCLEMORE AVE,1.9730150545743108,35.0,2,B,MEMPHIS,SHELBY,City of Memphis,50890,1.9730150545743108
301006644,2025-03-16,2025-03-16 01:59:00,2025,3,Sunday,1,35.168148,-89.86397,Fatal,Pedestrian,Not Intersection-On Roadway Not In Crosswalk,Non-Junction,Dark-Lighted,Not Collision with Motor Vehicle in Transport,Pedestrian,1,True,City of Memphis,,,,,,,589.5564986513074,SYCAMORE VIEW RD,30.066080971845395,45.0,7,B,MEMPHIS,SHELBY,City of Memphis,51746,30.066080971845395
301075323,2026-04-14,2026-04-14 01:40:00,2026,4,Tuesday,1,35.09949,-89.86321,Possible Injury,Pedestrian,Not Intersection-On Roadway Not In Crosswalk,OtherLocation,Dark-Lighted,Not Collision with Motor Vehicle in Transport,Pedestrian,1,True,City of Memphis,,,,,,,324.32765480174885,PARK AVE,51.67506179622211,40.0,4,B,MEMPHIS,SHELBY,City of Memphis,53655,51.67506179622211
301075328,2026-04-14,2026-04-14 17:39:00,2026,4,Tuesday,17,35.064632,-89.86523,Possible Injury,Pedestrian,Intersection-On Roadway not in Crosswalk,Non-Junction,Daylight,Not Collision with Motor Vehicle in Transport,Pedestrian,1,True,City of Memphis,,,,,,,1110.3417985693902,FOX RIDGE DR,1.2595324367004477,30.0,2,B,MEMPHIS,SHELBY,City of Memphis,26229,1.2595324367004477
301071963,2026-03-26,2026-03-26 16:00:00,2026,3,Thursday,16,35.031788,-90.03665,Possible Injury,Pedestrian,Intersection-On Roadway Crosswalk Not Available,Intersection,Daylight,Not Collision with Motor Vehicle in Transport,Pedestrian,1,True,City of Memphis,,,,,,,1047.2708173794936,BROWNLEE RD,99.22097028384896,35.0,2,B,MEMPHIS,SHELBY,City of Memphis,72272,99.22097028384896
301074437,2026-04-09,2026-04-09 20:00:00,2026,4,Thursday,20,35.21758,-89.994064,Possible Injury,Pedestrian,Not Intersection-On Roadway Crosswalk not Available,Intersection-Related,Dawn,Angle,Other,1,True,City of Memphis,,,,,,,2677.8980087144173,FRAYSER BLVD,36.29735801444973,40.0,5,B,MEMPHIS,SHELBY,City of Memphis,53098,36.29735801444973
301074447,2026-04-09,2026-04-09 19:18:00,2026,4,Thursday,19,35.221107,-89.97553,Suspected Minor Injury,Pedestrian,Not Intersection-On Roadway Not In Crosswalk,AccelDecelLane,Daylight,Not Collision with Motor Vehicle in Transport,Pedestrian,1,True,City of Memphis,,,,,,,3833.442738510477,FRAYSER BLVD,0.0929208191451962,40.0,4,B,MEMPHIS,SHELBY,City of Memphis,49933,0.09292081914519629
301071977,2026-03-26,2026-03-26 21:05:00,2026,3,Thursday,21,35.07205,-89.93236,Suspected Serious Injury,Pedestrian,Not Intersection-On Roadway Not In Crosswalk,AccelDecelLane,Dark-Lighted,Not Collision with Motor Vehicle in Transport,Pedestrian,1,True,City of Memphis,,,,,,,38.209779523471546,ARROWHEAD AVE,30.229953265007317,30.0,2,B,MEMPHIS,SHELBY,City of Memphis,7555,30.229953265007314
301076761,2026-04-22,2026-04-22 13:07:00,2026,4,Wednesday,13,35.00787,-90.046455,No Injury,Pedestrian,Not Intersection-Adjacent to Roadway,SharedUsePathOrTrail,Daylight,Not Collision with Motor Vehicle in Transport,Other,2,True,City of Memphis,,,,,,,1445.1893112437056,BERTA RD,30.909774880361773,35.0,2,B,MEMPHIS,SHELBY,City of Memphis,72172,30.909774880361773
301075347,2026-04-14,2026-04-14 20:20:00,2026,4,Tuesday,20,35.20799,-89.91052,Suspected Serious Injury,Pedestrian,Not Intersection-On Roadway Crosswalk not Available,Through Roadway,Dark-Unknown Lighting,Not Collision with Motor Vehicle in Transport,Pedestrian,1,True,City of Memphis,,,,,,,179.23657467089214,SCHEIBLER RD,58.20073227216148,35.0,2,B,MEMPHIS,SHELBY,City of Memphis,50008,58.20073227216148
301028565,2025-07-15,2025-07-15 20:00:00,2025,7,Tuesday,20,35.101875,-89.859383,Fatal,Pedestrian,Not Intersection-On Roadway Not In Crosswalk,Non-Junction,Dusk,Not Collision with Motor Vehicle in Transport,Pedestrian,1,True,City of Memphis,POPLAR AVE,Principal Arterial,40.0,7.0,57,2.0,4.482872765848111,S SHADY GROVE RD,0.0085512398974288,35.0,5,B,MEMPHIS,SHELBY,TDOT,52758,0.008551239897428812
301069679,2026-03-10,2026-03-10 12:20:00,2026,3,Tuesday,12,35.035515,-90.02516,Suspected Minor Injury,Pedestrian,Intersection-In Crosswalk,Intersection,Daylight,Not Collision with Motor Vehicle in Transport,Pedestrian,1,True,TDOT state route,ELVIS PRESLEY BLVD,Principal Arterial,40.0,5.0,3,6.0,0.3167575447708924,ELVIS PRESLEY BLVD,0.0906632569156363,40.0,6,B,MEMPHIS,SHELBY,TDOT,48140,0.0906632569156363
301073009,2026-04-01,2026-04-01 08:53:00,2026,4,Wednesday,8,35.148502,-89.92846,Possible Injury,Pedestrian,Intersection-On Roadway Crosswalk Not Available,Non-Junction,Daylight,Not Collision with Motor Vehicle in Transport,Pedestrian,1,True,City of Memphis,,,,,,,73.70705205821697,N GRAHAM ST,37.32616322057602,40.0,5,B,MEMPHIS,SHELBY,City of Memphis,51368,37.32616322057602
301073690,2026-04-04,2026-04-04 13:00:00,2026,4,Saturday,13,35.142082,-90.03187,Possible Injury,Pedestrian,Not Intersection-On Roadway Not In Crosswalk,Intersection-Related,Daylight,Not Collision with Motor Vehicle in Transport,Pedestrian,1,True,City of Memphis,,,,,,,403.4662993468164,JEFFERSON AVE,60.67545480475181,40.0,4,B,MEMPHIS,SHELBY,City of Memphis,7296,60.67545480475181
301073359,2026-04-04,2026-04-04 04:13:00,2026,4,Saturday,4,35.105015,-90.02044,Possible Injury,Pedestrian,Intersection-On Roadway not in Crosswalk,Intersection,Dark-Unknown Lighting,Not Collision with Motor Vehicle in Transport,Pedestrian,1,True,TDOT state route,ELVIS PRESLEY BLVD,Minor Arterial,40.0,4.0,3,4.0,25.160586964638348,ELVIS PRESLEY BLVD,26.064238199645786,40.0,4,B,MEMPHIS,SHELBY,TDOT,46959,26.064238199645782
301072003,2026-03-26,2026-03-26 18:23:00,2026,3,Thursday,18,35.148026,-90.05299,Possible Injury,Pedestrian,Intersection-On Roadway not in Crosswalk,Intersection,Daylight,Not Collision with Motor Vehicle in Transport,Pedestrian,1,True,City of Memphis,,,,,,,232.6702927487761,N FRONT ST,10.65897103859549,30.0,5,B,MEMPHIS,SHELBY,City of Memphis,80521,10.65897103859549
301021460,2025-05-31,2025-05-31 23:45:00,2025,5,Saturday,23,35.0613,-90.05918,Fatal,Pedestrian,Not Intersection-On Roadway Not In Crosswalk,Non-Junction,Dark-Lighted,Not Collision with Motor Vehicle in Transport,Pedestrian,1,True,TDOT state route,S THIRD ST,Principal Arterial,45.0,7.0,14,6.0,19.467945836418004,S THIRD ST,18.85257463651745,45.0,7,B,MEMPHIS,SHELBY,TDOT,46474,18.852574636517446
301002080,2025-02-16,2025-02-16 03:05:00,2025,2,Sunday,3,35.088028,-89.931046,Fatal,Pedestrian,Intersection-Unknown,Intersection,Dark-Lighted,Not Collision with Motor Vehicle in Transport,Pedestrian,1,True,City of Memphis,,,,,,,837.549091773716,GETWELL RD,9.230402773959598,40.0,5,B,MEMPHIS,SHELBY,City of Memphis,51328,9.230402773959598
301070937,2026-03-20,2026-03-20 19:45:00,2026,3,Friday,19,35.000706,-90.015594,Possible Injury,Pedestrian,Intersection-On Roadway Crosswalk Not Available,Intersection-Related,Dark-Lighted,Not Collision with Motor Vehicle in Transport,Pedestrian,1,True,City of Memphis,,,,,,,890.5950381739507,WINFIELD AVE,2.741352964720899,35.0,2,B,MEMPHIS,SHELBY,City of Memphis,2529,2.741352964720899
301076569,2026-04-21,2026-04-21 17:43:00,2026,4,Tuesday,17,35.155178,-89.97616,Possible Injury,Pedestrian,Intersection-On Roadway not in Crosswalk,Through Roadway,Daylight,Not Collision with Motor Vehicle in Transport,Pedestrian,1,True,City of Memphis,,,,,,,311.9939495430041,N HOLLYWOOD ST,22.556441180838465,35.0,2,B,MEMPHIS,SHELBY,City of Memphis,81769,22.556441180838465
301073322,2026-04-03,2026-04-03 18:02:00,2026,4,Friday,18,35.061916,-89.885826,Possible Injury,Pedestrian,Not Intersection-On Roadway Not In Crosswalk,Through Roadway,Daylight,Not Collision with Motor Vehicle in Transport,Pedestrian,1,True,City of Memphis,,,,,,,2249.9886007677123,KNIGHT ARNOLD RD,0.0214838952679548,40.0,4,B,MEMPHIS,SHELBY,City of Memphis,52839,0.021483895267954824
301076345,2026-04-20,2026-04-20 08:40:00,2026,4,Monday,8,35.06133,-89.928825,Suspected Serious Injury,Pedestrian,Not Intersection-Outside Traffic,Non-Junction,Daylight,Not Collision with Motor Vehicle in Transport,Pedestrian,1,True,City of Memphis,,,,,,,197.08619372043248,CAMELOT LN,18.703781501283583,30.0,2,B,MEMPHIS,SHELBY,City of Memphis,44967,18.703781501283586
301070742,2026-03-19,2026-03-19 17:18:00,2026,3,Thursday,17,35.040314,-89.82702,Possible Injury,Pedestrian,Intersection-In Crosswalk,Intersection,Daylight,Not Collision with Motor Vehicle in Transport,Pedestrian,1,True,City of Memphis,,,,,,,1374.5268311036054,FROSTY MEADOW DR,84.40756792365039,30.0,2,B,MEMPHIS,SHELBY,City of Memphis,26731,84.40756792365039
301072428,2026-03-29,2026-03-29 15:35:00,2026,3,Sunday,15,35.05159,-90.00781,Possible Injury,Pedestrian,Intersection-Not on Roadway,Non-Junction,Daylight,Angle,Other,1,True,City of Memphis,,,,,,,1572.9085117991187,BELLBRANCH DR,16.065121714049948,30.0,2,B,MEMPHIS,SHELBY,City of Memphis,33264,16.065121714049948
301074031,2026-04-07,2026-04-07 08:15:00,2026,4,Tuesday,8,35.145485,-90.04989,Possible Injury,Pedestrian,Intersection-In Crosswalk,Intersection,Daylight,Not Collision with Motor Vehicle in Transport,Pedestrian,1,True,City of Memphis,N THIRD ST,Minor Arterial,35.0,3.0,3,6.0,5.4989885529656926,COURT AVE,2.900007619809668,30.0,2,B,MEMPHIS,SHELBY,TDOT,3361,2.9000076198096676
301079968,2026-05-09,2026-05-09 15:00:00,2026,5,Saturday,15,35.10211,-89.865555,Possible Injury,Pedestrian,Not Intersection-Other Not On Roadway,Non-Junction,Daylight,Not Collision with Motor Vehicle in Transport,Pedestrian,1,True,TDOT state route,,,,,,,36.596365217025536,POPLAR AVE,32.14270456085359,40.0,5,FT,MEMPHIS,SHELBY,City of Memphis,6863,32.14270456085359