MstrRecNbrTxt,CollisionDate,CollisionDteTime,YearNmb,Month,DayOfWeek,Hour,Latitude,Longitude,InjuryClass,PersonType,NonMotoristLocation,RelationToJunction,LightCondition,MannerOfCollision,FirstHarmfulEvent,VictimsInCrash,InMemphis,Jurisdiction,StateRoute_NAME,StateRoute_F_System,StateRoute_SPDLIMIT,StateRoute_LANES,StateRoute_ALTNAME_1,StateRoute_Council_District,DistToStateRoute_m,Street_Name,DistToStreet_m,Street_SPDLIMIT,Street_LANES,Street_ONEWAY,Street_CITY_L,Street_COUNTY_L,Jurisdiction_prev,Seg_OBJECTID,DistToSeg_m
301079472,2026-05-07,2026-05-07 09:04:00,2026,5,Thursday,9,35.14011,-89.96166,Possible Injury,Pedestrian,Intersection-On Roadway not in Crosswalk,Through Roadway,Daylight,Not Collision with Motor Vehicle in Transport,Pedestrian,1,True,City of Memphis,,,,,,,486.0395620641466,MCADOO AVE,0.013386151183517,30.0,2,B,MEMPHIS,SHELBY,City of Memphis,5508,0.013386151183517006
301077119,2026-04-23,2026-04-23 20:40:00,2026,4,Thursday,20,35.1334,-89.980545,Fatal,Pedestrian,Not Intersection-On Roadway Not In Crosswalk,Non-Junction,Dark-Lighted,Front to Rear,Other,1,True,TDOT state route,UNION AVE,Principal Arterial,35.0,7.0,23,5.0,4.591611917599473,UNION AVE,0.0561330426974538,35.0,7,B,MEMPHIS,SHELBY,TDOT,46880,0.05613304269745382
301032468,2025-08-07,2025-08-07 04:07:00,2025,8,Thursday,4,35.15228,-90.04579,Fatal,Pedestrian,Not Intersection-On Roadway Crosswalk not Available,Non-Junction,Dark-Lighted,Not Collision with Motor Vehicle in Transport,Pedestrian,1,True,Interstate (TDOT),,,,,,,123.53587085938744,INTERSTATE 40 E,0.7325668433445993,65.0,3,FT,MEMPHIS,SHELBY,City of Memphis,39700,0.7325668433445993
301052594,2025-11-26,2025-11-26 05:37:00,2025,11,Wednesday,5,35.074295,-90.00193,Fatal,Pedestrian,Not Intersection-Adjacent to Roadway,Non-Junction,Dark-Lighted,Front to Rear,Other,2,True,Interstate (TDOT),,,,,,,1654.653217609795,INTERSTATE 240 E,0.1795451231117863,65.0,3,FT,MEMPHIS,SHELBY,City of Memphis,39493,0.1795451231117863
300933529,2024-01-03,2024-01-03 18:25:00,2024,1,Wednesday,18,35.048794,-89.92077,Fatal,Pedestrian,Not Intersection-On Roadway Not In Crosswalk,Non-Junction,Dark-Lighted,Not Collision with Motor Vehicle in Transport,Pedestrian,1,True,City of Memphis,,,,,,,100.28217402207024,MOUNT HOOD ST,28.825120550973047,30.0,2,B,MEMPHIS,SHELBY,City of Memphis,83963,28.825120550973047
301078671,2026-05-03,2026-05-03 19:10:00,2026,5,Sunday,19,35.161133,-89.917366,Suspected Serious Injury,Pedestrian,Intersection-On Roadway Crosswalk Not Available,Intersection,Daylight,Not Collision with Motor Vehicle in Transport,Pedestrian,1,True,City of Memphis,,,,,,,1350.859328121981,EMILY AVE,0.0229696056616596,30.0,2,B,MEMPHIS,SHELBY,City of Memphis,6121,0.022969605661659634
301079833,2026-05-08,2026-05-08 20:48:00,2026,5,Friday,20,35.221107,-89.97553,Suspected Serious Injury,Pedestrian,Intersection-Unknown,Intersection,Dusk,Not Collision with Motor Vehicle in Transport,Pedestrian,1,True,City of Memphis,,,,,,,3833.442738510477,FRAYSER BLVD,0.0929208191451962,40.0,4,B,MEMPHIS,SHELBY,City of Memphis,49933,0.09292081914519629
301078016,2026-04-29,2026-04-29 10:55:00,2026,4,Wednesday,10,35.144867,-90.05153,Possible Injury,Pedestrian,Not Intersection-On Roadway Crosswalk not Available,AccelDecelLane,Daylight,Not Collision with Motor Vehicle in Transport,Other,1,True,City of Memphis,S SECOND ST,Minor Arterial,35.0,3.0,3,6.0,1.6045868898518296,MADISON AVE,0.0036460385718558,30.0,3,B,MEMPHIS,SHELBY,TDOT,3335,0.003646038571855815
301061148,2026-01-17,2026-01-17 10:00:00,2026,1,Saturday,10,35.07157,-90.0211,Fatal,Pedestrian,Not Intersection-On Roadway Crosswalk not Available,Non-Junction,Daylight,Not Collision with Motor Vehicle in Transport,Pedestrian,1,True,Interstate (TDOT),ELVIS PRESLEY BLVD,Minor Arterial,40.0,4.0,3,6.0,1.5858426191165067,INTERSTATE 240 W,0.0358675906749025,65.0,3,TF,MEMPHIS,SHELBY,TDOT,39484,0.03586759067490254
301078947,2026-05-03,2026-05-03 12:01:00,2026,5,Sunday,12,35.106583,-89.89539,Suspected Serious Injury,Pedestrian,Intersection-In Crosswalk,Intersection-Related,Daylight,Not Collision with Motor Vehicle in Transport,Pedestrian,1,True,City of Memphis,,,,,,,588.4932749318444,PARK AVE,0.0069955081820003,40.0,5,B,MEMPHIS,SHELBY,City of Memphis,51599,0.0069955081820003255
301077034,2026-04-23,2026-04-23 22:42:00,2026,4,Thursday,22,35.10871,-89.97572,Fatal,Pedestrian,Not Intersection-On Roadway Not In Crosswalk,Non-Junction,Dark-Lighted,Not Collision with Motor Vehicle in Transport,Pedestrian,1,True,City of Memphis,,,,,,,834.7511733893234,DALLAS ST,38.13646760592713,30.0,2,B,MEMPHIS,SHELBY,City of Memphis,82611,38.13646760592713
301047539,2025-10-29,2025-10-29 15:22:00,2025,10,Wednesday,15,35.23621,-90.00019,Suspected Serious Injury,Pedestrian,Intersection-On Roadway not in Crosswalk,Intersection,Daylight,Not Collision with Motor Vehicle in Transport,Pedestrian,1,True,City of Memphis,,,,,,,1033.3614692256624,WELLONS AVE,0.0855451791347576,30.0,2,B,MEMPHIS,SHELBY,City of Memphis,7036,0.08554517913475769
301081746,2026-05-18,2026-05-18 17:39:00,2026,5,Monday,17,35.104298,-89.97926,No Injury,Pedestrian,Unknown,Non-Junction,Daylight,Not Collision with Motor Vehicle in Transport,Other,1,True,City of Memphis,,,,,,,265.76464044333403,CELLA ST,18.92083551791549,30.0,2,B,MEMPHIS,SHELBY,City of Memphis,82562,18.92083551791549
301061695,2026-01-20,2026-01-20 12:50:00,2026,1,Tuesday,12,35.07659,-89.951195,Fatal,Pedestrian,Intersection-In Crosswalk,Entrance/Exit Ramp Related,Daylight,Not Collision with Motor Vehicle in Transport,Pedestrian,1,True,City of Memphis,LAMAR AVE,Principal Arterial,40.0,7.0,4,4.0,3.5209749691146155,AMERICAN WAY,0.148252488981297,45.0,7,B,MEMPHIS,SHELBY,TDOT,51744,0.14825248898129703
301077017,2026-04-23,2026-04-23 20:20:00,2026,4,Thursday,20,35.01894,-90.04959,Suspected Serious Injury,Pedestrian,Not Intersection-On Roadway Not In Crosswalk,Through Roadway,Dark-Lighted,Not Collision with Motor Vehicle in Transport,Pedestrian,1,True,City of Memphis,,,,,,,212.18974419184963,HODGE RD,0.9830640715270652,30.0,2,B,MEMPHIS,SHELBY,City of Memphis,72144,0.9830640715270653
301077018,2026-04-23,2026-04-23 22:00:00,2026,4,Thursday,22,35.209473,-90.03271,Possible Injury,Pedestrian,Intersection-Unknown,Intersection,Dark-Lighted,Not Collision with Motor Vehicle in Transport,Pedestrian,1,True,TDOT state route,THOMAS ST,,40.0,2.0,3,7.0,1.0786823203816067,THOMAS ST,0.0215984782611098,40.0,2,B,MEMPHIS,SHELBY,TDOT,46521,0.021598478261109857
301072422,2026-03-29,2026-03-29 20:40:00,2026,3,Sunday,20,35.14176,-90.04817,Fatal,Pedestrian,Not Intersection-On Roadway Not In Crosswalk,Intersection,Dawn,Not Collision with Motor Vehicle in Transport,Pedestrian,1,True,TDOT state route,UNION AVE,Minor Arterial,35.0,5.0,3,6.0,4.231060327454137,UNION AVE,0.0791469781493146,35.0,5,B,MEMPHIS,SHELBY,TDOT,52016,0.07914697814931462
301079340,2026-05-06,2026-05-06 15:55:00,2026,5,Wednesday,15,35.08793,-89.946815,Possible Injury,Pedestrian,Not Intersection-Outside Traffic,"Driveway, Alley Access, etc",Daylight,Not Collision with Motor Vehicle in Transport,Pedestrian,1,True,City of Memphis,,,,,,,1162.5997572111444,S HIGHLAND ST,45.16652787505057,30.0,2,B,MEMPHIS,SHELBY,City of Memphis,83058,45.16652787505057
301081352,2026-05-16,2026-05-16 17:51:00,2026,5,Saturday,17,35.134354,-89.83459,Possible Injury,Pedestrian,Intersection-On Roadway Crosswalk Not Available,Non-Junction,Daylight,Not Collision with Motor Vehicle in Transport,Pedestrian,1,True,City of Memphis,,,,,,,3045.5292867125727,WALNUT GROVE RD,0.1972429519889945,55.0,2,FT,MEMPHIS,SHELBY,City of Memphis,47915,0.19724295198899455
301078082,2026-04-28,2026-04-28 20:00:00,2026,4,Tuesday,20,35.0536,-90.019104,Possible Injury,Pedestrian,Intersection-On Roadway not in Crosswalk,Intersection,Dark-Lighted,Not Collision with Motor Vehicle in Transport,Pedestrian,1,True,City of Memphis,,,,,,,540.2223371974999,HERMITAGE DR,43.0728457840514,35.0,2,B,MEMPHIS,SHELBY,City of Memphis,27399,43.072845784051395
301078876,2026-05-04,2026-05-04 16:01:00,2026,5,Monday,16,35.156944,-90.04743,Fatal,Pedestrian,Not Intersection-On Roadway Not In Crosswalk,AccelDecelLane,Daylight,Not Collision with Motor Vehicle in Transport,Pedestrian,1,True,City of Memphis,,,,,,,61.26872083478026,A W WILLIS AVE,3.0739331893498543,35.0,5,B,MEMPHIS,SHELBY,City of Memphis,3411,3.0739331893498543
301014888,2025-04-28,2025-04-28 22:48:00,2025,4,Monday,22,35.06494,-89.90679,Fatal,Pedestrian,Intersection-On Roadway not in Crosswalk,Non-Junction,Dark-Lighted,Not Collision with Motor Vehicle in Transport,Pedestrian,1,True,City of Memphis,,,,,,,2246.139860973679,ALOHA AVE,84.1036315859838,30.0,2,B,MEMPHIS,SHELBY,City of Memphis,2163,84.1036315859838
301057819,2025-12-26,2025-12-26 21:42:00,2025,12,Friday,21,35.072655,-89.98633,Fatal,Pedestrian,Not Intersection-Unknown,Intersection,Dark-Lighted,Not Collision with Motor Vehicle in Transport,Pedestrian,1,True,City of Memphis,,,,,,,2634.500981822921,AIRWAYS BLVD,0.2555414391088242,40.0,3,FT,MEMPHIS,SHELBY,City of Memphis,47938,0.2555414391088242
301079367,2026-04-29,2026-04-29 11:45:00,2026,4,Wednesday,11,35.11443,-89.943054,Possible Injury,Pedestrian,Intersection-In Crosswalk,Intersection,Daylight,Not Collision with Motor Vehicle in Transport,Pedestrian,1,True,City of Memphis,,,,,,,1390.5433572680788,BRISTER ST,27.63455699328112,30.0,2,B,MEMPHIS,SHELBY,City of Memphis,83159,27.634556993281116
301036961,2025-09-01,2025-09-01 23:10:00,2025,9,Monday,23,35.177515,-89.861159,Suspected Serious Injury,Pedestrian,Not Intersection-On Roadway Crosswalk not Available,Non-Junction,Dark-Lighted,Not Collision with Motor Vehicle in Transport,Pedestrian,1,True,TDOT state route,,,,,,,119.8559683930522,SUMMER AVE,116.70517645210808,45.0,4,B,MEMPHIS,SHELBY,City of Memphis,47491,116.70517645210809
301079037,2026-05-05,2026-05-05 06:00:00,2026,5,Tuesday,6,35.051704,-90.01452,No Injury,Pedestrian,Intersection-Not on Roadway,AccelDecelLane,Dawn,Not Collision with Motor Vehicle in Transport,Other,1,True,City of Memphis,,,,,,,960.6554347716024,GRACELAND DR,0.1951429164530864,35.0,2,B,MEMPHIS,SHELBY,City of Memphis,27457,0.1951429164530864
301019499,2025-05-22,2025-05-22 21:48:00,2025,5,Thursday,21,35.167316,-89.94523,Fatal,Pedestrian,Not Intersection-On Roadway Crosswalk not Available,Non-Junction,Dark-Lighted,Not Collision with Motor Vehicle in Transport,Pedestrian,1,True,City of Memphis,,,,,,,274.7968933315731,NATIONAL ST,0.6958721657818167,40.0,4,B,MEMPHIS,SHELBY,City of Memphis,51292,0.6958721657818167
301077875,2026-04-25,2026-04-25 16:50:00,2026,4,Saturday,16,35.160507,-90.03022,Possible Injury,Pedestrian,Intersection-On Roadway not in Crosswalk,Intersection,Daylight,Not Collision with Motor Vehicle in Transport,Pedestrian,1,True,City of Memphis,,,,,,,379.96636923390514,N DUNLAP ST,0.0966625929385106,30.0,2,B,MEMPHIS,SHELBY,City of Memphis,80838,0.09666259293851064
301081368,2026-05-16,2026-05-16 23:43:00,2026,5,Saturday,23,35.138874,-90.058,Possible Injury,Pedestrian,Not Intersection-Outside Traffic,Intersection-Related,Dark-Lighted,Angle,Other,1,True,City of Memphis,,,,,,,314.2209278613448,PONTOTOC AVE,3.1511166004084386,30.0,2,B,MEMPHIS,SHELBY,City of Memphis,3290,3.1511166004084386
301077901,2026-04-28,2026-04-28 16:00:00,2026,4,Tuesday,16,35.079296,-90.05733,Suspected Minor Injury,Pedestrian,Not Intersection-Unknown,AccelDecelLane,Daylight,Angle,Other,1,True,TDOT state route,S THIRD ST,Principal Arterial,40.0,5.0,14,6.0,0.0822730516659195,S THIRD ST,0.0899439157165226,40.0,5,B,MEMPHIS,SHELBY,TDOT,47780,0.08994391571652267
301065830,2026-02-18,2026-02-18 06:52:00,2026,2,Wednesday,6,35.109688,-90.02922,Fatal,Pedestrian,Not Intersection-On Roadway Crosswalk not Available,Non-Junction,Dawn,Not Collision with Motor Vehicle in Transport,Pedestrian,1,True,City of Memphis,,,,,,,679.0105178131615,S PARKWAY E,0.0250817137802205,35.0,3,FT,MEMPHIS,SHELBY,City of Memphis,53253,0.025081713780220567
301078187,2026-04-30,2026-04-30 18:35:00,2026,4,Thursday,18,35.14742,-89.88427,No Injury,Pedestrian,Not Intersection-Outside Traffic,Non-Junction,Daylight,Angle,Other,1,True,City of Memphis,,,,,,,719.7211401873622,PODESTA ST,0.2421509551100433,30.0,2,B,MEMPHIS,SHELBY,City of Memphis,83531,0.24215095511004334
300957664,2024-05-17,2024-05-17 20:53:00,2024,5,Friday,20,35.1073,-90.04194,Fatal,Pedestrian,Intersection-On Roadway not in Crosswalk,Non-Junction,Dark-Lighted,Not Collision with Motor Vehicle in Transport,Pedestrian,1,True,City of Memphis,,,,,,,1221.4547653615823,S PARKWAY E,0.2730163186740336,35.0,5,B,MEMPHIS,SHELBY,City of Memphis,50894,0.27301631867403364
301085161,2026-06-07,2026-06-07 09:08:00,2026,6,Sunday,9,35.143417,-90.006004,Suspected Minor Injury,Pedestrian,Not Intersection-On Roadway Not In Crosswalk,Non-Junction,Daylight,Not Collision with Motor Vehicle in Transport,Other,1,True,City of Memphis,,,,,,,834.0943055300941,ANGELUS ST,10.214842275337569,30.0,2,B,MEMPHIS,SHELBY,City of Memphis,81240,10.214842275337569
301084357,2026-06-02,2026-06-02 17:45:00,2026,6,Tuesday,17,35.086903,-89.97048,No Injury,Pedestrian,Not Intersection-Outside Traffic,Intersection-Related,Daylight,Angle,Other,1,True,City of Memphis,,,,,,,552.8718889290313,SEMMES ST,0.1441793849065098,30.0,4,B,MEMPHIS,SHELBY,City of Memphis,82638,0.14417938490650986
301082844,2026-05-25,2026-05-25 00:00:00,2026,5,Monday,99,35.108906,-90.00335,Suspected Serious Injury,Pedestrian,Intersection-Unknown,Unknown,Unknown,Unknown,Other,1,True,City of Memphis,,,,,,,802.8813077972484,S PARKWAY E,10.03172746852881,35.0,4,B,MEMPHIS,SHELBY,City of Memphis,50500,10.03172746852881
301084359,2026-06-02,2026-06-02 15:00:00,2026,6,Tuesday,15,35.088875,-89.96287,Possible Injury,Pedestrian,Intersection-Not on Roadway,Intersection,Daylight,Not Collision with Motor Vehicle in Transport,Pedestrian,1,True,City of Memphis,,,,,,,150.19648826316762,DICKMANN AVE,61.2992154674291,30.0,2,B,MEMPHIS,SHELBY,City of Memphis,5451,61.2992154674291
301017287,2025-05-11,2025-05-11 23:42:00,2025,5,Sunday,23,35.151276,-89.94446,Suspected Serious Injury,Pedestrian,Not Intersection-On Roadway Crosswalk not Available,Non-Junction,Dark-Lighted,Not Collision with Motor Vehicle in Transport,Pedestrian,1,True,City of Memphis,,,,,,,195.94192324546808,N HIGHLAND ST,1.413069855950847,40.0,4,B,MEMPHIS,SHELBY,City of Memphis,51278,1.413069855950847
301085919,2026-06-11,2026-06-11 22:50:00,2026,6,Thursday,22,35.115646,-90.03716,Suspected Serious Injury,Pedestrian,Not Intersection-On Roadway Not In Crosswalk,Non-Junction,Dark-Lighted,Not Collision with Motor Vehicle in Transport,Pedestrian,1,True,City of Memphis,,,,,,,1011.1121846127872,E MCLEMORE AVE,0.1178438606939849,35.0,3,B,MEMPHIS,SHELBY,City of Memphis,50921,0.1178438606939849
301082549,2026-05-22,2026-05-22 02:50:00,2026,5,Friday,2,35.17474,-89.979675,Suspected Serious Injury,Pedestrian,Not Intersection-Unknown,Through Roadway,Dark-Lighted,Not Collision with Motor Vehicle in Transport,Pedestrian,1,True,City of Memphis,,,,,,,1795.7390630781397,CHELSEA AVE,2.4009176192396717,40.0,4,B,MEMPHIS,SHELBY,City of Memphis,50719,2.4009176192396713
301082557,2026-05-22,2026-05-22 19:42:00,2026,5,Friday,19,35.150623,-89.97994,Suspected Minor Injury,Pedestrian,Not Intersection-On Roadway Crosswalk not Available,Intersection-Related,Dark-Lighted,Not Collision with Motor Vehicle in Transport,Pedestrian,1,True,TDOT state route,SUMMER AVE,Principal Arterial,35.0,6.0,1,5.0,29.053536563294745,SUMMER AVE,24.481510254068585,35.0,6,B,MEMPHIS,SHELBY,TDOT,46884,24.481510254068585
300966431,2024-07-16,2024-07-16 20:56:00,2024,7,Tuesday,20,35.07365,-89.900955,Fatal,Pedestrian,Not Intersection-On Roadway Not In Crosswalk,AccelDecelLane,Dark-Lighted,Not Collision with Motor Vehicle in Transport,Pedestrian,1,True,City of Memphis,,,,,,,2386.830723853393,FAIRBROOK AVE,106.76001343183742,30.0,2,B,MEMPHIS,SHELBY,City of Memphis,2212,106.76001343183742
301083087,2026-05-26,2026-05-26 17:59:00,2026,5,Tuesday,17,35.073963,-89.91918,Possible Injury,Pedestrian,Not Intersection-On Roadway Not In Crosswalk,AccelDecelLane,Dawn,Not Collision with Motor Vehicle in Transport,Pedestrian,1,True,City of Memphis,,,,,,,1143.9804879983965,AMERICAN WAY,0.1296677207495485,45.0,6,B,MEMPHIS,SHELBY,City of Memphis,49363,0.12966772074954855
301084410,2026-06-02,2026-06-02 20:04:00,2026,6,Tuesday,20,35.14776,-89.97406,Possible Injury,Pedestrian,Intersection-On Roadway not in Crosswalk,Intersection-Related,Dawn,Not Collision with Motor Vehicle in Transport,Pedestrian,1,True,City of Memphis,,,,,,,282.3438965877799,BROAD AVE,15.08690346360352,40.0,2,B,MEMPHIS,SHELBY,City of Memphis,50724,15.08690346360352
301083684,2026-05-29,2026-05-29 13:24:00,2026,5,Friday,13,35.123043,-90.04289,Possible Injury,Pedestrian,Not Intersection-On Roadway Not In Crosswalk,Non-Junction,Daylight,Not Collision with Motor Vehicle in Transport,Pedestrian,1,True,City of Memphis,,,,,,,139.727753529296,E ALSTON AVE,20.06866222659727,30.0,2,B,MEMPHIS,SHELBY,City of Memphis,7190,20.06866222659727
301049362,2025-11-08,2025-11-08 17:03:00,2025,11,Saturday,17,35.14743,-90.02614,Fatal,Pedestrian,Not Intersection-Outside Traffic,Intersection,Daylight,Not Collision with Motor Vehicle in Transport,Pedestrian,1,True,City of Memphis,,,,,,,810.6376369487522,DECATUR ST,0.0841083394598099,30.0,2,B,MEMPHIS,SHELBY,City of Memphis,80875,0.08410833945980999
301083130,2026-05-26,2026-05-26 17:18:00,2026,5,Tuesday,17,35.064816,-89.929436,Suspected Serious Injury,Pedestrian,Not Intersection-On Roadway Not In Crosswalk,AccelDecelLane,Daylight,Angle,Other,1,True,City of Memphis,,,,,,,263.460910794813,KNIGHT ARNOLD RD,0.1245584338298921,40.0,5,B,MEMPHIS,SHELBY,City of Memphis,49339,0.12455843382989214
301083138,2026-05-26,2026-05-26 22:14:00,2026,5,Tuesday,22,35.175045,-89.952995,Possible Injury,Pedestrian,Intersection-On Roadway Crosswalk Not Available,AccelDecelLane,Dark-Lighted,Not Collision with Motor Vehicle in Transport,Pedestrian,1,True,City of Memphis,,,,,,,836.6377439727005,MOUNT OLIVE RD,13.925275351382714,25.0,2,B,MEMPHIS,SHELBY,City of Memphis,73618,13.925275351382714
301050619,2025-11-16,2025-11-16 21:23:00,2025,11,Sunday,21,35.135696,-90.00856,Fatal,Pedestrian,Intersection-On Roadway Crosswalk Not Available,Intersection,Dark-Not Lighted,Not Collision with Motor Vehicle in Transport,Pedestrian,1,True,City of Memphis,,,,,,,43.0781747334769,S AVALON ST,29.318780607506387,35.0,2,B,MEMPHIS,SHELBY,City of Memphis,81152,29.318780607506387
301086210,2026-06-13,2026-06-13 18:08:00,2026,6,Saturday,18,35.09006,-89.96577,Possible Injury,Pedestrian,Intersection-On Roadway Crosswalk Not Available,Intersection-Related,Dawn,Not Collision with Motor Vehicle in Transport,Pedestrian,1,True,TDOT state route,LAMAR AVE,Principal Arterial,40.0,5.0,4,4.0,2.5100181329235807,LAMAR AVE,0.1735915119006116,40.0,5,B,MEMPHIS,SHELBY,TDOT,48180,0.17359151190061162
301086396,2026-06-14,2026-06-14 17:45:00,2026,6,Sunday,17,35.105953,-89.98519,Possible Injury,Pedestrian,Not Intersection-On Roadway Not In Crosswalk,Through Roadway,Daylight,Not Collision with Motor Vehicle in Transport,Pedestrian,1,True,TDOT state route,AIRWAYS BLVD,Principal Arterial,35.0,5.0,277,4.0,4.253475210364219,AIRWAYS BLVD,1.8976057696307795,35.0,5,B,MEMPHIS,SHELBY,TDOT,46983,1.8976057696307793
301086649,2026-06-10,2026-06-10 04:00:00,2026,6,Wednesday,4,34.99923,-89.996284,No Injury,Pedestrian,Not Intersection-Unknown,Unknown,Dark-Lighted,Not Collision with Motor Vehicle in Transport,Other,1,True,City of Memphis,,,,,,,2423.1879907008883,JORDAN DR,23.45007942295077,35.0,2,B,MEMPHIS,SHELBY,City of Memphis,34033,23.45007942295077
301084458,2026-06-03,2026-06-03 15:19:00,2026,6,Wednesday,15,35.137985,-90.028175,Suspected Serious Injury,Pedestrian,Intersection-On Roadway not in Crosswalk,Intersection-Related,Daylight,Not Collision with Motor Vehicle in Transport,Pedestrian,1,True,TDOT state route,UNION AVE,Principal Arterial,35.0,6.0,3,6.0,4.528239216543177,UNION AVE,0.0434846282204983,35.0,6,B,MEMPHIS,SHELBY,TDOT,48512,0.043484628220498305
300922722,2023-11-09,2023-11-09 17:35:00,2023,11,Thursday,17,35.02193,-89.85966,Fatal,Pedestrian,Intersection-On Roadway Crosswalk availability Unknown,Intersection-Related,Dark-Lighted,Not Collision with Motor Vehicle in Transport,Pedestrian,1,True,City of Memphis,,,,,,,170.06354847177352,CRUMP RD,1.0844191078383787,30.0,2,B,MEMPHIS,SHELBY,City of Memphis,71323,1.0844191078383787
301086226,2026-06-13,2026-06-13 11:35:00,2026,6,Saturday,11,35.10014,-89.987175,Suspected Serious Injury,Pedestrian,Not Intersection-On Roadway Crosswalk Availability Unknown,Non-Junction,Daylight,Not Collision with Motor Vehicle in Transport,Pedestrian,1,True,City of Memphis,,,,,,,541.806760606801,LOWELL AVE,0.0999093939933831,30.0,2,B,MEMPHIS,SHELBY,City of Memphis,5237,0.0999093939933831
301085130,2026-06-07,2026-06-07 20:38:00,2026,6,Sunday,20,35.09702,-89.93052,Suspected Serious Injury,Pedestrian,Intersection-In Crosswalk,Intersection,Dark-Lighted,Not Collision with Motor Vehicle in Transport,Pedestrian,1,True,City of Memphis,,,,,,,1836.2349010341825,GETWELL RD,37.12506988688704,40.0,5,B,MEMPHIS,SHELBY,City of Memphis,51338,37.12506988688704
301084953,2026-06-05,2026-06-05 21:26:00,2026,6,Friday,21,35.174706,-89.977776,Suspected Minor Injury,Pedestrian,Intersection-On Roadway not in Crosswalk,Intersection,Dark-Lighted,Not Collision with Motor Vehicle in Transport,Pedestrian,1,True,City of Memphis,,,,,,,1837.7133662286144,CHELSEA AVE,0.0209721843429707,40.0,4,B,MEMPHIS,SHELBY,City of Memphis,50731,0.020972184342970754
301084079,2026-05-30,2026-05-30 14:26:00,2026,5,Saturday,14,35.2313,-89.96782,No Injury,Pedestrian,Intersection-Not on Roadway,Non-Junction,Daylight,Unknown,Other,1,True,City of Memphis,,,,,,,3764.5854587933086,GRUBER DR,23.21076350521316,30.0,2,B,MEMPHIS,SHELBY,City of Memphis,27995,23.210763505213162
301082802,2026-05-24,2026-05-24 20:30:00,2026,5,Sunday,20,35.07397,-89.905876,Suspected Serious Injury,Pedestrian,Not Intersection-On Roadway Not In Crosswalk,Non-Junction,Dusk,Not Collision with Motor Vehicle in Transport,Pedestrian,1,True,City of Memphis,,,,,,,2353.495591834213,S PERKINS RD,0.0687522200047778,40.0,7,B,MEMPHIS,SHELBY,City of Memphis,49379,0.06875222000477782
301084105,2026-05-31,2026-05-31 18:30:00,2026,5,Sunday,18,35.134834,-90.027626,Possible Injury,Pedestrian,Intersection-In Crosswalk,Through Roadway,Daylight,Not Collision with Motor Vehicle in Transport,Pedestrian,1,True,TDOT state route,S SOMERVILLE ST,Minor Arterial,30.0,2.0,208,6.0,4.312071701446079,DR MARTIN LUTHER KING JR AVE,0.158646254740493,35.0,2,B,MEMPHIS,SHELBY,TDOT,3684,0.15864625474049307
301089995,2026-07-05,2026-07-05 21:30:00,2026,7,Sunday,21,35.21314,-90.00916,Suspected Serious Injury,Pedestrian,Not Intersection-On Roadway Not In Crosswalk,Through Roadway,Dark-Lighted,Not Collision with Motor Vehicle in Transport,Pedestrian,1,True,City of Memphis,,,,,,,1828.795835353539,DELLWOOD AVE,0.1755987985797959,35.0,3,B,MEMPHIS,SHELBY,City of Memphis,2759,0.17559879857979596
301090426,2026-07-07,2026-07-07 09:44:00,2026,7,Tuesday,9,35.205616,-89.73298,Possible Injury,Pedestrian,Intersection-On Roadway Crosswalk availability Unknown,Intersection-Related,Daylight,Not Collision with Motor Vehicle in Transport,Other,1,True,TDOT state route,US HIGHWAY 64,Principal Arterial,55.0,5.0,15,1.0,6.9983130391793,US HIGHWAY 64,2.343551965060761,55.0,5,B,LAKELAND,SHELBY,TDOT,48482,2.343551965060761
301090706,2026-07-08,2026-07-08 10:00:00,2026,7,Wednesday,10,35.088844,-89.9649,Possible Injury,Pedestrian,Intersection-In Crosswalk,Intersection,Daylight,Not Collision with Motor Vehicle in Transport,Pedestrian,1,True,TDOT state route,LAMAR AVE,Principal Arterial,40.0,5.0,4,4.0,7.896348845421152,LAMAR AVE,5.558202856138732,40.0,5,B,MEMPHIS,SHELBY,TDOT,48180,5.558202856138732
301087459,2026-06-20,2026-06-20 18:50:00,2026,6,Saturday,18,35.148525,-89.90743,Possible Injury,Pedestrian,Not Intersection-On Roadway Not In Crosswalk,Non-Junction,Daylight,Not Collision with Motor Vehicle in Transport,Pedestrian,1,True,TDOT state route,SUMMER AVE,Principal Arterial,40.0,7.0,1,5.0,24.34858401603212,SUMMER AVE,19.69239711472521,40.0,7,B,MEMPHIS,SHELBY,TDOT,48639,19.69239711472521
301091090,2026-07-11,2026-07-11 00:00:00,2026,7,Saturday,99,35.096195,-89.997635,No Injury,Other Non-Motorist,Unknown,Intersection-Related,Unknown,Angle,Other,1,True,City of Memphis,,,,,,,1488.5578124755932,KELTNER CIR,71.13028771188596,30.0,2,B,MEMPHIS,SHELBY,City of Memphis,9275,71.13028771188596