MstrRecNbrTxt,CollisionDate,CollisionDteTime,YearNmb,Month,DayOfWeek,Hour,Latitude,Longitude,InjuryClass,PersonType,NonMotoristLocation,RelationToJunction,LightCondition,MannerOfCollision,FirstHarmfulEvent,VictimsInCrash,InMemphis,Jurisdiction,StateRoute_NAME,StateRoute_F_System,StateRoute_SPDLIMIT,StateRoute_LANES,StateRoute_ALTNAME_1,StateRoute_Council_District,DistToStateRoute_m,Street_Name,DistToStreet_m,Street_SPDLIMIT,Street_LANES,Street_ONEWAY,Street_CITY_L,Street_COUNTY_L,Jurisdiction_prev,Seg_OBJECTID,DistToSeg_m
301086391,2026-06-14,2026-06-14 21:50:00,2026,6,Sunday,21,35.175377,-90.02148,Possible Injury,Pedestrian,Intersection-In Crosswalk,Intersection,Dark-Lighted,Not Collision with Motor Vehicle in Transport,Pedestrian,1,True,City of Memphis,,,,,,,1309.1783208767388,CAPITAL AVE,2.135219788333273,30.0,2,B,MEMPHIS,SHELBY,City of Memphis,3783,2.1352197883332735
301086991,2026-06-16,2026-06-16 23:20:00,2026,6,Tuesday,23,35.107895,-89.98464,Suspected Serious Injury,Pedestrian,Intersection-On Roadway not in Crosswalk,AccelDecelLane,Dark-Lighted,Not Collision with Motor Vehicle in Transport,Pedestrian,1,True,City of Memphis,AIRWAYS BLVD,Principal Arterial,35.0,5.0,277,4.0,27.47017187975971,ENTERPRISE AVE,16.90015788099042,30.0,2,B,MEMPHIS,SHELBY,TDOT,5259,16.90015788099042
301086941,2026-06-16,2026-06-16 15:47:00,2026,6,Tuesday,15,35.236862,-89.93903,Possible Injury,Pedestrian,Not Intersection-On Roadway Not In Crosswalk,Intersection-Related,Daylight,Not Collision with Motor Vehicle in Transport,Pedestrian,1,True,City of Memphis,,,,,,,3205.0644250086825,HOBSON RD,26.20948816862536,30.0,2,B,MEMPHIS,SHELBY,City of Memphis,72760,26.20948816862536
301069106,2026-03-10,2026-03-10 05:00:00,2026,3,Tuesday,5,35.175415,-89.97533,Fatal,Pedestrian,Not Intersection-On Roadway Not In Crosswalk,Non-Junction,Dark-Lighted,Not Collision with Motor Vehicle in Transport,Pedestrian,1,True,City of Memphis,,,,,,,1932.2519989666469,N HOLLYWOOD ST,8.232795788074926,40.0,4,B,MEMPHIS,SHELBY,City of Memphis,50751,8.232795788074926
301090186,2026-07-06,2026-07-06 22:34:00,2026,7,Monday,22,35.108857,-89.995672,Suspected Serious Injury,Pedestrian,Not Intersection-On Roadway Not In Crosswalk,Non-Junction,Dark-Lighted,Not Collision with Motor Vehicle in Transport,Pedestrian,1,True,City of Memphis,,,,,,,371.004181493284,WORTHINGTON ST,3.6483787369950793,30.0,2,B,MEMPHIS,SHELBY,City of Memphis,81471,3.6483787369950793
301090250,2026-07-04,2026-07-04 21:39:00,2026,7,Saturday,21,35.12752,-89.774086,Possible Injury,Pedestrian,Not Intersection-On Roadway Crosswalk not Available,Non-Junction,Dark-Lighted,Not Collision with Motor Vehicle in Transport,Pedestrian,1,True,City of Memphis,,,,,,,2150.393125678536,SHELLEY RENEE LN,0.0603943834447387,30.0,2,B,MEMPHIS,SHELBY,City of Memphis,41752,0.06039438344473877
301092403,2026-07-19,2026-07-19 00:00:00,2026,7,Sunday,99,35.08613,-89.93971,Suspected Serious Injury,Pedestrian,Intersection-On Roadway Crosswalk Not Available,Intersection,Unknown,Not Collision with Motor Vehicle in Transport,Pedestrian,1,True,City of Memphis,,,,,,,990.1670221379876,ROBIN HOOD LN,25.90347760505744,35.0,2,B,MEMPHIS,SHELBY,City of Memphis,42585,25.90347760505744
301091335,2026-07-13,2026-07-13 20:20:00,2026,7,Monday,20,35.185516,-89.92818,No Injury,Pedestrian,Unknown,AccelDecelLane,Dark-Lighted,Not Collision with Motor Vehicle in Transport,Other,1,True,City of Memphis,,,,,,,203.62283489626543,WALES AVE,23.32619897407481,35.0,2,B,MEMPHIS,SHELBY,City of Memphis,50039,23.32619897407481
301092404,2026-07-20,2026-07-20 00:30:00,2026,7,Monday,0,35.092815,-89.935936,No Injury,Pedestrian,Not Intersection-Outside Traffic,Non-Junction,Dark-Lighted,Not Collision with Motor Vehicle in Transport,Other,1,True,City of Memphis,,,,,,,1432.0445476794353,KIMBALL AVE,33.10816160342313,40.0,4,B,MEMPHIS,SHELBY,City of Memphis,5789,33.10816160342313
301089020,2026-06-27,2026-06-27 21:36:00,2026,6,Saturday,21,35.145916,-90.03486,Possible Injury,Pedestrian,Intersection-On Roadway not in Crosswalk,Intersection-Related,Dark-Lighted,Not Collision with Motor Vehicle in Transport,Pedestrian,1,True,City of Memphis,,,,,,,795.0678962832359,N MANASSAS ST,0.0861941122874318,30.0,4,B,MEMPHIS,SHELBY,City of Memphis,80711,0.08619411228743185
301089856,2026-07-04,2026-07-04 23:45:00,2026,7,Saturday,23,35.141994,-90.04908,Possible Injury,Pedestrian,Not Intersection-On Roadway Crosswalk Availability Unknown,Intersection,Dark-Not Lighted,Not Collision with Motor Vehicle in Transport,Pedestrian,1,True,City of Memphis,UNION AVE,Minor Arterial,35.0,5.0,3,6.0,5.0178996676787415,S FOURTH ST,0.136026411603792,30.0,3,B,MEMPHIS,SHELBY,TDOT,80537,0.136026411603792
301089861,2026-07-04,2026-07-04 21:25:00,2026,7,Saturday,21,35.21638,-89.89551,Possible Injury,Pedestrian,Not Intersection-On Roadway Not In Crosswalk,AccelDecelLane,Dark-Lighted,Not Collision with Motor Vehicle in Transport,Pedestrian,1,True,TDOT state route,,,,,,,105.32911924423098,COVINGTON PIKE,105.7009028964576,40.0,5,B,MEMPHIS,SHELBY,City of Memphis,46577,105.70090289645759
301087330,2026-06-19,2026-06-19 17:55:00,2026,6,Friday,17,35.105698,-89.878204,Suspected Minor Injury,Pedestrian,Not Intersection-On Roadway Not In Crosswalk,Intersection-Related,Daylight,Not Collision with Motor Vehicle in Transport,Pedestrian,1,True,TDOT state route,,,,,,,33.24928176741871,POPLAR AVE,28.831322969261745,40.0,7,B,MEMPHIS,SHELBY,City of Memphis,47149,28.831322969261745
301090975,2026-07-10,2026-07-10 10:50:00,2026,7,Friday,10,35.145847,-89.95656,Possible Injury,Pedestrian,Intersection-On Roadway not in Crosswalk,Intersection-Related,Daylight,Not Collision with Motor Vehicle in Transport,Pedestrian,1,True,City of Memphis,,,,,,,398.9942340364164,VANDALIA ST,16.267728911056327,30.0,2,B,MEMPHIS,SHELBY,City of Memphis,82941,16.267728911056327
301025278,2025-06-25,2025-06-25 22:21:00,2025,6,Wednesday,22,35.083027,-89.92271,Fatal,Pedestrian,Intersection-On Roadway not in Crosswalk,Intersection,Dark-Lighted,Not Collision with Motor Vehicle in Transport,Other,1,True,City of Memphis,,,,,,,833.0628298615674,E MALLORY AVE,10.923015672570545,35.0,2,B,MEMPHIS,SHELBY,City of Memphis,6202,10.923015672570543
301090517,2026-07-08,2026-07-08 22:30:00,2026,7,Wednesday,22,35.142082,-90.03187,Possible Injury,Pedestrian,Intersection-Unknown,Entrance/Exit Ramp Related,Dark-Lighted,Not Collision with Motor Vehicle in Transport,Pedestrian,1,True,City of Memphis,,,,,,,403.4662993468164,JEFFERSON AVE,60.67545480475181,40.0,4,B,MEMPHIS,SHELBY,City of Memphis,7296,60.67545480475181
301078384,2026-04-30,2026-04-30 20:49:00,2026,4,Thursday,20,35.150913,-89.98125,Suspected Serious Injury,Pedestrian,Intersection-In Crosswalk,Intersection,Daylight,Not Collision with Motor Vehicle in Transport,Pedestrian,1,True,TDOT state route,E PARKWAY,Principal Arterial,40.0,7.0,57,5.0,5.887332979204862,E PARKWAY N,5.011341285644677,40.0,7,B,MEMPHIS,SHELBY,TDOT,48235,5.011341285644677
301092758,2026-07-21,2026-07-21 15:10:00,2026,7,Tuesday,15,35.142,-90.04908,Possible Injury,Pedestrian,Intersection-In Crosswalk,Intersection,Daylight,Not Collision with Motor Vehicle in Transport,Pedestrian,1,True,TDOT state route,UNION AVE,Minor Arterial,35.0,5.0,3,6.0,4.384453242663626,UNION AVE,0.0759402177493732,35.0,5,B,MEMPHIS,SHELBY,TDOT,53087,0.07594021774937328
301092761,2026-07-21,2026-07-21 17:53:00,2026,7,Tuesday,17,35.12926,-89.949524,Possible Injury,Pedestrian,Not Intersection-On Roadway Crosswalk Availability Unknown,Non-Junction,Daylight,Not Collision with Motor Vehicle in Transport,Pedestrian,1,True,TDOT state route,,,,,,,32.96454421773032,POPLAR AVE,37.30322722552315,40.0,7,B,MEMPHIS,SHELBY,City of Memphis,47046,37.30322722552315
301090815,2026-07-09,2026-07-09 13:38:00,2026,7,Thursday,13,35.09949,-89.86321,Possible Injury,Pedestrian,Intersection-In Crosswalk,Through Roadway,Daylight,Not Collision with Motor Vehicle in Transport,Pedestrian,1,True,City of Memphis,,,,,,,324.32765480174885,PARK AVE,51.67506179622211,40.0,4,B,MEMPHIS,SHELBY,City of Memphis,53655,51.67506179622211
301089766,2026-07-03,2026-07-03 21:30:00,2026,7,Friday,21,35.104225,-89.88371,Possible Injury,Pedestrian,Not Intersection-On Roadway Crosswalk not Available,Non-Junction,Dark-Lighted,Not Collision with Motor Vehicle in Transport,Pedestrian,1,True,City of Memphis,,,,,,,335.5680277801108,ESTATE DR,54.992369566584095,30.0,5,B,MEMPHIS,SHELBY,City of Memphis,34382,54.992369566584095
301091044,2026-07-11,2026-07-11 21:16:00,2026,7,Saturday,21,35.060165,-89.84378,Possible Injury,Pedestrian,Intersection-In Crosswalk,Intersection,Dark-Lighted,Not Collision with Motor Vehicle in Transport,Pedestrian,1,True,City of Memphis,,,,,,,560.8842743372786,KNIGHT ARNOLD RD,0.0132610498694047,40.0,7,B,MEMPHIS,SHELBY,City of Memphis,76434,0.013261049869404753
301088653,2026-06-26,2026-06-26 21:50:00,2026,6,Friday,21,35.157948,-89.976006,Suspected Minor Injury,Pedestrian,Intersection-Unknown,Intersection,Dawn,Not Collision with Motor Vehicle in Transport,Pedestrian,1,True,City of Memphis,JACKSON AVE,Principal Arterial,40.0,5.0,14,7.0,4.681920593647033,N HOLLYWOOD ST,0.0158747741983569,35.0,2,B,MEMPHIS,SHELBY,TDOT,81769,0.015874774198356954
301092166,2026-07-18,2026-07-18 00:57:00,2026,7,Saturday,0,35.022,-90.00709,Suspected Serious Injury,Pedestrian,Not Intersection-On Roadway Crosswalk not Available,AccelDecelLane,Dark-Not Lighted,Not Collision with Motor Vehicle in Transport,Pedestrian,1,True,City of Memphis,,,,,,,103.50604241350304,PINEBROOK DR,35.40322383151977,30.0,2,B,MEMPHIS,SHELBY,City of Memphis,32256,35.40322383151977
301086906,2026-06-16,2026-06-16 14:37:00,2026,6,Tuesday,14,35.02091,-90.08123,Possible Injury,Pedestrian,Not Intersection-On Roadway Not In Crosswalk,Non-Junction,Daylight,Not Collision with Motor Vehicle in Transport,Pedestrian,1,True,City of Memphis,W SHELBY DR,Minor Arterial,45.0,5.0,175,6.0,4.504456857177193,FORD RD,0.0541116098077463,35.0,2,B,MEMPHIS,SHELBY,TDOT,76919,0.05411160980774638
301087214,2026-06-18,2026-06-18 05:09:00,2026,6,Thursday,5,35.064842,-89.92936,Suspected Serious Injury,Pedestrian,Intersection-Not on Roadway,Intersection,Dawn,Not Collision with Motor Vehicle in Transport,Pedestrian,1,True,City of Memphis,,,,,,,270.2562425761548,KNIGHT ARNOLD RD,3.1969742058633672,40.0,5,B,MEMPHIS,SHELBY,City of Memphis,49341,3.1969742058633672
301088677,2026-06-27,2026-06-27 01:00:00,2026,6,Saturday,1,35.081566,-89.98546,Possible Injury,Pedestrian,Intersection-On Roadway Crosswalk Not Available,Intersection,Dark-Lighted,Not Collision with Motor Vehicle in Transport,Pedestrian,1,True,City of Memphis,,,,,,,2013.6647312650305,AIRWAYS BLVD,4.873711507519892,40.0,7,B,MEMPHIS,SHELBY,City of Memphis,51005,4.873711507519892
300990919,2024-12-12,2024-12-12 18:50:00,2024,12,Thursday,18,35.061245,-89.866714,Fatal,Pedestrian,Not Intersection-On Roadway Not In Crosswalk,Non-Junction,Dark-Not Lighted,Not Collision with Motor Vehicle in Transport,Pedestrian,1,True,City of Memphis,,,,,,,1491.196015308847,KNIGHT ARNOLD RD,54.566535164710594,40.0,4,B,MEMPHIS,SHELBY,City of Memphis,49451,54.566535164710594
301092622,2026-07-20,2026-07-20 16:03:00,2026,7,Monday,16,35.14036,-90.05172,Possible Injury,Pedestrian,Intersection-In Crosswalk,Intersection,Daylight,Not Collision with Motor Vehicle in Transport,Pedestrian,2,True,City of Memphis,S THIRD ST,Minor Arterial,35.0,3.0,14,6.0,1.1968502510781276,PEABODY PL,0.091473883480341,30.0,4,B,MEMPHIS,SHELBY,TDOT,55058,0.09147388348034102
301087581,2026-06-21,2026-06-21 20:18:00,2026,6,Sunday,20,35.11612,-89.90669,Suspected Minor Injury,Pedestrian,Intersection-On Roadway Crosswalk availability Unknown,Intersection,Dark-Lighted,Not Collision with Motor Vehicle in Transport,Pedestrian,1,True,City of Memphis,POPLAR AVE,Principal Arterial,40.0,7.0,57,5.0,3.7837593574200863,S PERKINS RD,0.0656597885747341,35.0,2,B,MEMPHIS,SHELBY,TDOT,77119,0.06565978857473413
301091563,2026-07-14,2026-07-14 18:22:00,2026,7,Tuesday,18,35.146473,-90.03697,Possible Injury,Pedestrian,Intersection-On Roadway not in Crosswalk,Intersection,Daylight,Not Collision with Motor Vehicle in Transport,Pedestrian,1,True,City of Memphis,,,,,,,625.904139219938,POPLAR AVE,0.0622480771732971,40.0,6,B,MEMPHIS,SHELBY,City of Memphis,50341,0.06224807717329711
301045948,2025-10-20,2025-10-20 11:15:00,2025,10,Monday,11,35.137028,-89.973434,Fatal,Pedestrian,Not Intersection-On Roadway Not In Crosswalk,Non-Junction,Daylight,"Sideswipe, Same Direction",Other,1,True,TDOT state route,POPLAR AVE,Principal Arterial,40.0,7.0,57,5.0,4.272525740041603,POPLAR AVE,0.059930164782053,40.0,7,B,MEMPHIS,SHELBY,TDOT,48600,0.059930164782053034
301096611,2026-08-13,2026-08-13 00:30:00,2026,8,Thursday,0,35.176876,-89.83668,Possible Injury,Pedestrian,Intersection-On Roadway not in Crosswalk,Entrance/Exit Ramp Related,Dark-Lighted,Not Collision with Motor Vehicle in Transport,Pedestrian,1,True,Interstate ramp,,,,,,,1877.5237401833583,WHITTEN RD TO 40W,0.252022568683407,45.0,1,FT,MEMPHIS,SHELBY,City of Memphis,36262,0.252022568683407
301083723,2026-05-30,2026-05-30 00:50:00,2026,5,Saturday,0,35.109856,-89.88973,Fatal,Pedestrian,Not Intersection-On Roadway Crosswalk not Available,Intersection-Related,Dark-Lighted,Not Collision with Motor Vehicle in Transport,Pedestrian,1,True,TDOT state route,POPLAR AVE,Principal Arterial,40.0,7.0,57,5.0,3.779460038369111,POPLAR AVE,0.0580801557896255,40.0,7,B,MEMPHIS,SHELBY,TDOT,47136,0.05808015578962554
301093390,2026-07-24,2026-07-24 22:10:00,2026,7,Friday,22,35.135464,-90.002884,Fatal,Pedestrian,Not Intersection-On Roadway Crosswalk not Available,Intersection-Related,Dark-Lighted,Not Collision with Motor Vehicle in Transport,Pedestrian,1,True,TDOT state route,UNION AVE,Principal Arterial,35.0,6.0,23,5.0,6.948871931964814,UNION AVE,2.361385745851184,35.0,6,B,MEMPHIS,SHELBY,TDOT,48114,2.3613857458511838
301095885,2026-08-06,2026-08-06 13:33:00,2026,8,Thursday,13,35.11604,-90.055214,Possible Injury,Pedestrian,Intersection-On Roadway Crosswalk availability Unknown,Intersection,Daylight,Not Collision with Motor Vehicle in Transport,Pedestrian,1,True,City of Memphis,S THIRD ST,Principal Arterial,40.0,5.0,14,6.0,0.5214254683854173,E MCLEMORE AVE,0.0097156395650323,35.0,2,B,MEMPHIS,SHELBY,TDOT,53309,0.009715639565032345
301094710,2026-08-01,2026-08-01 22:12:00,2026,8,Saturday,22,35.181942,-89.97655,Suspected Serious Injury,Pedestrian,Not Intersection-Other Not On Roadway,Through Roadway,Dark-Lighted,Not Collision with Motor Vehicle in Transport,Pedestrian,1,True,City of Memphis,,,,,,,2641.218420186578,OAKWOOD ST,16.4567166285866,30.0,2,B,MEMPHIS,SHELBY,City of Memphis,81788,16.4567166285866
301095524,2026-08-06,2026-08-06 08:37:00,2026,8,Thursday,8,35.08655,-90.11144,No Injury,Pedestrian,Not Intersection-Outside Traffic,Rail Grade Crossing,Daylight,Not Collision with Motor Vehicle in Transport,Other,2,True,City of Memphis,,,,,,,4966.58031228969,CHANNEL AVE,239.71058113963343,40.0,2,B,MEMPHIS,SHELBY,City of Memphis,4574,239.71058113963343
301093566,2026-07-25,2026-07-25 05:33:00,2026,7,Saturday,5,35.104927,-89.9826,Fatal,Pedestrian,Intersection-On Roadway not in Crosswalk,Non-Junction,Dark-Lighted,Not Collision with Motor Vehicle in Transport,Pedestrian,1,True,City of Memphis,,,,,,,133.5180290511542,DEADRICK AVE,0.0854704714818061,35.0,2,B,MEMPHIS,SHELBY,City of Memphis,5295,0.08547047148180617
301095003,2026-08-04,2026-08-04 07:38:00,2026,8,Tuesday,7,35.07458,-89.878075,Possible Injury,Pedestrian,Intersection-On Roadway Crosswalk Not Available,Non-Junction,Daylight,Not Collision with Motor Vehicle in Transport,Pedestrian,1,True,City of Memphis,,,,,,,686.5599022860067,MOUNT MORIAH RD,1.0582483769540565,40.0,7,B,MEMPHIS,SHELBY,City of Memphis,49426,1.0582483769540563
301094049,2026-07-28,2026-07-28 14:03:00,2026,7,Tuesday,14,35.172173,-89.914246,Suspected Minor Injury,Pedestrian,Not Intersection-On Roadway Not In Crosswalk,Intersection-Related,Daylight,Not Collision with Motor Vehicle in Transport,Pedestrian,1,True,City of Memphis,,,,,,,1132.6681045845414,GREY RD,8.44533957583762,30.0,2,B,MEMPHIS,SHELBY,City of Memphis,73941,8.44533957583762
301095546,2026-08-07,2026-08-07 00:00:00,2026,8,Friday,0,35.171684,-89.975235,Suspected Serious Injury,Pedestrian,Not Intersection-On Roadway Not In Crosswalk,Through Roadway,Dark-Lighted,Not Collision with Motor Vehicle in Transport,Pedestrian,1,True,City of Memphis,,,,,,,1518.2301034849618,MATTHEWS AVE,12.37943450515209,30.0,2,B,MEMPHIS,SHELBY,City of Memphis,4515,12.37943450515209
301096399,2026-08-11,2026-08-11 21:17:00,2026,8,Tuesday,21,35.04977,-89.85747,Suspected Serious Injury,Pedestrian,Not Intersection-On Roadway Crosswalk not Available,Non-Junction,Dark-Lighted,Not Collision with Motor Vehicle in Transport,Pedestrian,1,True,City of Memphis,,,,,,,2238.953896361769,WINCHESTER RD,0.0811327062429072,45.0,7,B,MEMPHIS,SHELBY,City of Memphis,49467,0.08113270624290729
301096452,2026-08-12,2026-08-12 06:50:00,2026,8,Wednesday,6,35.2124,-89.9238,Possible Injury,Pedestrian,Not Intersection-On Roadway Not In Crosswalk,Non-Junction,Daylight,Not Collision with Motor Vehicle in Transport,Pedestrian,1,True,City of Memphis,,,,,,,419.96836250985166,RALEIGH MILLINGTON RD,0.0402288729613298,40.0,4,B,MEMPHIS,SHELBY,City of Memphis,47209,0.04022887296132989
301093813,2026-07-27,2026-07-27 22:05:00,2026,7,Monday,22,35.195087,-89.89963,Suspected Serious Injury,Pedestrian,Not Intersection-On Roadway Not In Crosswalk,Intersection,Dark-Not Lighted,Not Collision with Motor Vehicle in Transport,Pedestrian,1,True,City of Memphis,,,,,,,379.0994590317419,RALEIGH LAGRANGE RD,0.3558859740585422,45.0,7,B,MEMPHIS,SHELBY,City of Memphis,51944,0.3558859740585422
301094602,2026-08-02,2026-08-02 02:40:00,2026,8,Sunday,2,35.213657,-89.9166,Possible Injury,Pedestrian,Intersection-On Roadway not in Crosswalk,Intersection,Dark-Lighted,Not Collision with Motor Vehicle in Transport,Pedestrian,1,True,TDOT state route,AUSTIN PEAY HWY,Principal Arterial,45.0,7.0,14,1.0,3.351465337200392,AUSTIN PEAY HWY,0.1507721730012708,45.0,7,B,MEMPHIS,SHELBY,TDOT,48086,0.1507721730012708
301094136,2026-07-29,2026-07-29 22:03:00,2026,7,Wednesday,22,35.169,-89.865364,Suspected Serious Injury,Pedestrian,Not Intersection-On Roadway Not In Crosswalk,Non-Junction,Dark-Not Lighted,Not Collision with Motor Vehicle in Transport,Pedestrian,1,True,City of Memphis,,,,,,,431.4935552697937,SYCAMORE VIEW RD,6.000045535677847,45.0,7,B,MEMPHIS,SHELBY,City of Memphis,50094,6.000045535677847
301094433,2026-07-31,2026-07-31 21:38:00,2026,7,Friday,21,35.053303,-89.99127,Possible Injury,Pedestrian,Not Intersection-On Roadway Not In Crosswalk,Non-Junction,Dark-Lighted,Not Collision with Motor Vehicle in Transport,Pedestrian,1,True,City of Memphis,,,,,,,3069.9405766705345,WINCHESTER RD,0.1192487783900673,40.0,6,B,MEMPHIS,SHELBY,City of Memphis,49833,0.11924877839006733
301096502,2026-08-12,2026-08-12 07:50:00,2026,8,Wednesday,7,35.177887,-89.974976,Possible Injury,Pedestrian,Intersection-On Roadway Crosswalk Not Available,Intersection,Daylight,Not Collision with Motor Vehicle in Transport,Pedestrian,1,True,City of Memphis,,,,,,,2201.5890682157224,N HOLLYWOOD ST,27.88742953286913,40.0,4,B,MEMPHIS,SHELBY,City of Memphis,50755,27.887429532869135
301097192,2026-08-16,2026-08-16 03:40:00,2026,8,Sunday,3,35.065907,-89.942213,Fatal,Pedestrian,Not Intersection-On Roadway Crosswalk not Available,Non-Junction,Dark-Not Lighted,Not Collision with Motor Vehicle in Transport,Pedestrian,1,True,TDOT state route,LAMAR AVE,Principal Arterial,40.0,7.0,4,4.0,5.609381735040643,LAMAR AVE,3.2233549832007165,40.0,7,B,MEMPHIS,SHELBY,TDOT,46408,3.2233549832007165
301094615,2026-08-01,2026-08-01 19:37:00,2026,8,Saturday,19,35.06163,-90.02371,Suspected Serious Injury,Pedestrian,Intersection-In Crosswalk,"Driveway, Alley Access, etc",Daylight,Not Collision with Motor Vehicle in Transport,Pedestrian,1,True,City of Memphis,ELVIS PRESLEY BLVD,Principal Arterial,40.0,6.0,3,6.0,11.840609877551683,E BROOKS RD,8.687367592865133,45.0,5,B,MEMPHIS,SHELBY,TDOT,49725,8.687367592865133
301096784,2026-08-13,2026-08-13 17:30:00,2026,8,Thursday,17,35.21042,-90.04211,Possible Injury,Pedestrian,Intersection-On Roadway Crosswalk availability Unknown,Through Roadway,Daylight,Not Collision with Motor Vehicle in Transport,Pedestrian,1,True,City of Memphis,,,,,,,860.6438736288111,SINCLAIR ST,4.873434892625304,30.0,2,B,MEMPHIS,SHELBY,City of Memphis,79750,4.873434892625304
301071209,2026-03-23,2026-03-23 03:18:00,2026,3,Monday,3,35.183582,-89.87671,Fatal,Pedestrian,Not Intersection-On Roadway Not In Crosswalk,Non-Junction,Dark-Lighted,Not Collision with Motor Vehicle in Transport,Pedestrian,1,True,City of Memphis,,,,,,,1399.298722893618,RALEIGH LAGRANGE RD,2.0183185849537955,45.0,6,B,MEMPHIS,SHELBY,City of Memphis,51825,2.0183185849537955
301094646,2026-08-02,2026-08-02 05:10:00,2026,8,Sunday,5,35.020283,-89.955055,Possible Injury,Pedestrian,Intersection-Unknown,Intersection-Related,Dawn,Not Collision with Motor Vehicle in Transport,Pedestrian,1,True,City of Memphis,,,,,,,57.2999889173319,TCHULAHOMA RD,45.32153255351846,35.0,2,B,MEMPHIS,SHELBY,City of Memphis,49314,45.32153255351846
301097684,2026-08-19,2026-08-19 02:40:00,2026,8,Wednesday,2,35.044685,-90.056244,No Injury,Other Non-Motorist,Unknown,Unknown,Dark-Lighted,Not Collision with Motor Vehicle in Transport,Other,1,True,City of Memphis,,,,,,,685.6871182383939,NEELY RD,0.0752783405803731,35.0,2,B,MEMPHIS,SHELBY,City of Memphis,49665,0.07527834058037314
301093089,2026-07-23,2026-07-23 05:15:00,2026,7,Thursday,5,35.24324,-89.931481,Fatal,Pedestrian,Not Intersection-On Roadway Crosswalk not Available,Non-Junction,Dark-Lighted,Not Collision with Motor Vehicle in Transport,Pedestrian,1,True,City of Memphis,,,,,,,3120.1503631795144,EGYPT CENTRAL RD,3.637061461866584,40.0,5,B,MEMPHIS,SHELBY,City of Memphis,52380,3.6370614618665837
301069623,2026-03-12,2026-03-12 16:20:00,2026,3,Thursday,16,35.208828,-90.011665,Fatal,Pedestrian,Not Intersection-On Roadway Not In Crosswalk,Intersection-Related,Daylight,Not Collision with Motor Vehicle in Transport,Pedestrian,1,True,City of Memphis,,,,,,,1902.3475893685409,WHITNEY AVE,0.1925227349397092,40.0,4,B,MEMPHIS,SHELBY,City of Memphis,2742,0.1925227349397092
301071051,2026-03-21,2026-03-21 21:20:00,2026,3,Saturday,21,35.064884,-89.93243,Fatal,Pedestrian,Intersection-Unknown,Intersection,Dark-Lighted,Not Collision with Motor Vehicle in Transport,Pedestrian,1,True,TDOT state route,NEW GETWELL RD,Principal Arterial,40.0,2.0,176,3.0,0.3183575722021206,GETWELL RD,0.0186755769238648,40.0,2,FT,MEMPHIS,SHELBY,TDOT,47309,0.01867557692386486
301093148,2026-07-22,2026-07-22 21:09:00,2026,7,Wednesday,21,35.02085,-89.96364,Suspected Serious Injury,Other Non-Motorist,Not Intersection-On Roadway Not In Crosswalk,Non-Junction,Dark-Lighted,Front to Rear,Other,1,True,TDOT state route,E SHELBY DR,Principal Arterial,45.0,6.0,175,3.0,4.939292727594661,E SHELBY DR,0.2546311738656366,45.0,6,B,TENNESSEE AIR NATIONAL GUARD,SHELBY,TDOT,47833,0.2546311738656366
301095135,2026-08-05,2026-08-05 03:10:00,2026,8,Wednesday,3,35.174644,-89.97543,Suspected Serious Injury,Pedestrian,Intersection-In Crosswalk,Intersection,Dark-Lighted,Not Collision with Motor Vehicle in Transport,Pedestrian,1,True,City of Memphis,,,,,,,1846.8770546868925,CHELSEA AVE,0.162213842592708,40.0,4,B,MEMPHIS,SHELBY,City of Memphis,50750,0.16221384259270802
301095121,2026-08-04,2026-08-04 23:00:00,2026,8,Tuesday,23,35.148716,-89.93196,Suspected Minor Injury,Pedestrian,Not Intersection-On Roadway Not In Crosswalk,OtherLocation,Dark-Lighted,Not Collision with Motor Vehicle in Transport,Pedestrian,1,True,TDOT state route,,,,,,,58.200697554837205,SUMMER AVE,53.54577260506491,40.0,7,B,MEMPHIS,SHELBY,City of Memphis,47085,53.54577260506491
301096076,2026-08-10,2026-08-10 09:00:00,2026,8,Monday,9,35.191555,-89.975784,No Injury,Pedestrian,Not Intersection-Unknown,Non-Junction,Daylight,Not Collision with Motor Vehicle in Transport,Pedestrian,1,True,Interstate (TDOT),,,,,,,3583.249500734013,INTERSTATE 40 E,0.1269906983531337,65.0,3,TF,MEMPHIS,SHELBY,City of Memphis,39528,0.12699069835313373
301093377,2026-07-24,2026-07-24 21:05:00,2026,7,Friday,21,35.23125,-89.96506,Possible Injury,Pedestrian,Intersection-On Roadway Crosswalk Not Available,Through Roadway,Dusk,Not Collision with Motor Vehicle in Transport,Pedestrian,1,True,City of Memphis,,,,,,,3973.531780406475,GRUBER DR,25.265438447279564,30.0,2,B,MEMPHIS,SHELBY,City of Memphis,27997,25.265438447279564
301096365,2026-08-11,2026-08-11 16:50:00,2026,8,Tuesday,16,35.053303,-89.99127,Possible Injury,Pedestrian,Not Intersection-On Roadway Not In Crosswalk,AccelDecelLane,Daylight,Not Collision with Motor Vehicle in Transport,Pedestrian,1,True,City of Memphis,,,,,,,3069.9405766705345,WINCHESTER RD,0.1192487783900673,40.0,6,B,MEMPHIS,SHELBY,City of Memphis,49833,0.11924877839006733