MstrRecNbrTxt,CollisionDate,CollisionDteTime,YearNmb,Month,DayOfWeek,Hour,Latitude,Longitude,InjuryClass,PersonType,NonMotoristLocation,RelationToJunction,LightCondition,MannerOfCollision,FirstHarmfulEvent,VictimsInCrash,InMemphis,Jurisdiction,StateRoute_NAME,StateRoute_F_System,StateRoute_SPDLIMIT,StateRoute_LANES,StateRoute_ALTNAME_1,StateRoute_Council_District,DistToStateRoute_m,Street_Name,DistToStreet_m,Street_SPDLIMIT,Street_LANES,Street_ONEWAY,Street_CITY_L,Street_COUNTY_L,Jurisdiction_prev,Seg_OBJECTID,DistToSeg_m
301101289,2026-09-07,2026-09-07 11:21:00,2026,9,Monday,11,35.143955,-90.01564,Possible Injury,Pedestrian,Intersection-In Crosswalk,Intersection,Daylight,Not Collision with Motor Vehicle in Transport,Pedestrian,1,True,City of Memphis,,,,,,,789.8753669485542,POPLAR AVE,0.1332189960499262,40.0,7,B,MEMPHIS,SHELBY,City of Memphis,50416,0.13321899604992624
301098725,2026-08-24,2026-08-24 12:38:00,2026,8,Monday,12,35.132137,-89.856064,Fatal,Pedestrian,Not Intersection-In Crosswalk,Non-Junction,Daylight,Not Collision with Motor Vehicle in Transport,Pedestrian,1,True,City of Memphis,,,,,,,1072.966421462778,WALNUT GROVE RD,2.5295402042886845,45.0,3,FT,MEMPHIS,SHELBY,City of Memphis,48569,2.5295402042886845
301102689,2026-09-14,2026-09-14 14:40:00,2026,9,Monday,14,35.136646,-90.01465,Suspected Minor Injury,Pedestrian,Intersection-On Roadway not in Crosswalk,Intersection,Daylight,Not Collision with Motor Vehicle in Transport,Pedestrian,1,True,TDOT state route,UNION AVE,Principal Arterial,35.0,6.0,23,7.0,4.570733433076683,UNION AVE,0.0092517492389433,35.0,6,B,MEMPHIS,SHELBY,TDOT,47870,0.009251749238943329
301102431,2026-09-13,2026-09-13 23:17:00,2026,9,Sunday,23,35.076416,-89.931526,Suspected Serious Injury,Pedestrian,Not Intersection-On Roadway Not In Crosswalk,Non-Junction,Dark-Lighted,Not Collision with Motor Vehicle in Transport,Pedestrian,1,True,City of Memphis,GETWELL RD,Principal Arterial,40.0,7.0,176,4.0,0.1746264389950035,AMERICAN WAY,0.0120421730620728,45.0,6,B,MEMPHIS,SHELBY,TDOT,49340,0.012042173062072864
301099680,2026-08-29,2026-08-29 18:15:00,2026,8,Saturday,18,35.20178,-89.807045,Possible Injury,Pedestrian,Intersection-On Roadway Crosswalk Not Available,Through Roadway,Daylight,Not Collision with Motor Vehicle in Transport,Pedestrian,1,True,City of Memphis,,,,,,,319.60518652493494,DEER TRAIL LN,18.47941094266657,30.0,2,B,MEMPHIS,SHELBY,City of Memphis,42494,18.479410942666572
301098264,2026-08-22,2026-08-22 03:20:00,2026,8,Saturday,3,35.16826,-89.86452,Suspected Serious Injury,Pedestrian,Not Intersection-On Roadway Not In Crosswalk,Intersection-Related,Dark-Lighted,Not Collision with Motor Vehicle in Transport,Pedestrian,1,True,City of Memphis,,,,,,,543.1408144178649,SHELBY OAKS DR,0.3160451960325066,40.0,4,B,MEMPHIS,SHELBY,City of Memphis,35005,0.3160451960325066
301100754,2026-09-02,2026-09-02 17:34:00,2026,9,Wednesday,17,35.135254,-90.05002,Suspected Serious Injury,Pedestrian,Intersection-In Crosswalk,Intersection,Daylight,Not Collision with Motor Vehicle in Transport,Other,1,True,City of Memphis,,,,,,,228.5408393174983,S FOURTH ST,0.4415131142193359,30.0,3,B,MEMPHIS,SHELBY,City of Memphis,80530,0.4415131142193359
301025660,2025-06-28,2025-06-28 04:39:00,2025,6,Saturday,4,35.167934,-90.00019,Fatal,Pedestrian,Intersection-On Roadway Crosswalk Not Available,Intersection,Dark-Unknown Lighting,Not Collision with Motor Vehicle in Transport,Pedestrian,1,True,City of Memphis,,,,,,,773.3552146475448,N EVERGREEN ST,13.491939131752298,35.0,3,B,MEMPHIS,SHELBY,City of Memphis,81441,13.491939131752298
301101816,2026-09-08,2026-09-08 13:00:00,2026,9,Tuesday,13,35.105324,-89.98564,Fatal,Pedestrian,Not Intersection-In Crosswalk,Intersection,Daylight,Not Collision with Motor Vehicle in Transport,Pedestrian,1,True,TDOT state route,LAMAR AVE,Principal Arterial,40.0,5.0,4,4.0,3.344926198094228,AIRWAYS BLVD,0.118502627105938,35.0,5,B,MEMPHIS,SHELBY,TDOT,47984,0.11850262710593801
301018340,2025-05-15,2025-05-15 22:10:00,2025,5,Thursday,22,35.142204,-90.03157,Fatal,Pedestrian,Not Intersection-On Roadway Not In Crosswalk,Non-Junction,Dark-Lighted,Not Collision with Motor Vehicle in Transport,Pedestrian,1,True,City of Memphis,,,,,,,420.5362771524241,JEFFERSON AVE,47.13312526057278,40.0,4,B,MEMPHIS,SHELBY,City of Memphis,7296,47.13312526057278
301068787,2026-03-07,2026-03-07 21:25:00,2026,3,Saturday,21,35.107857,-89.962135,Suspected Serious Injury,Pedestrian,Not Intersection-On Roadway Not In Crosswalk,Non-Junction,Dark-Unknown Lighting,Not Collision with Motor Vehicle in Transport,Pedestrian,1,True,City of Memphis,,,,,,,1471.3173364099243,PARK AVE,0.3117722781590764,35.0,4,B,MEMPHIS,SHELBY,City of Memphis,51103,0.31177227815907643
301099501,2026-08-28,2026-08-28 15:43:00,2026,8,Friday,15,35.066723,-89.843605,Possible Injury,Pedestrian,Not Intersection-Adjacent to Roadway,Non-Junction,Daylight,Angle,Other,1,True,TDOT state route,STATE ROUTE 385,Freeway and Expressway,65.0,3.0,NONCONNAH PKWY,2.0,3.991584068948181,STATE ROUTE 385 E,0.024449502916851,65.0,3,FT,MEMPHIS,SHELBY,TDOT,47693,0.02444950291685103
301100184,2026-09-01,2026-09-01 08:30:00,2026,9,Tuesday,8,35.034378,-90.05157,Possible Injury,Pedestrian,Not Intersection-Bike Path,"Driveway, Alley Access, etc",Daylight,Not Collision with Motor Vehicle in Transport,Other,1,True,City of Memphis,,,,,,,1497.7964755213527,WINDWARD DR,26.743841270106422,30.0,2,B,MEMPHIS,SHELBY,City of Memphis,27193,26.743841270106426
301084184,2026-06-01,2026-06-01 22:30:00,2026,6,Monday,22,35.085995,-89.962364,Fatal,Pedestrian,Not Intersection-On Roadway Not In Crosswalk,Non-Junction,Dark-Lighted,Not Collision with Motor Vehicle in Transport,Pedestrian,1,True,TDOT state route,LAMAR AVE,Principal Arterial,40.0,5.0,4,4.0,2.890305868855618,LAMAR AVE,0.1049243643498677,40.0,5,B,MEMPHIS,SHELBY,TDOT,47003,0.10492436434986777
301098780,2026-08-24,2026-08-24 07:15:00,2026,8,Monday,7,35.173267,-90.00771,Possible Injury,Pedestrian,Intersection-On Roadway Crosswalk Not Available,Non-Junction,Daylight,Not Collision with Motor Vehicle in Transport,Pedestrian,1,True,City of Memphis,,,,,,,1489.938689531524,N MCNEIL ST,15.724100177298869,30.0,2,B,MEMPHIS,SHELBY,City of Memphis,81271,15.724100177298867
301099008,2026-08-25,2026-08-25 22:35:00,2026,8,Tuesday,22,35.06311,-90.0592,Suspected Serious Injury,Pedestrian,Intersection-On Roadway not in Crosswalk,Intersection,Dark-Lighted,Not Collision with Motor Vehicle in Transport,Pedestrian,1,True,City of Memphis,S THIRD ST,Principal Arterial,45.0,7.0,14,6.0,0.4896950332508072,E BROOKS RD,0.017395256609359,35.0,3,B,MEMPHIS,SHELBY,TDOT,52491,0.01739525660935901
301101141,2026-09-06,2026-09-06 01:48:00,2026,9,Sunday,1,35.19512,-89.79238,Possible Injury,Pedestrian,Not Intersection-Unknown,Non-Junction,Dark-Lighted,Not Collision with Motor Vehicle in Transport,Pedestrian,1,True,TDOT state route,N GERMANTOWN PKWY,Principal Arterial,45.0,7.0,177,1.0,0.3999424724383709,N GERMANTOWN PKWY,0.0306330730583858,45.0,7,B,MEMPHIS,SHELBY,TDOT,47654,0.03063307305838586
301100538,2026-09-02,2026-09-02 20:33:00,2026,9,Wednesday,20,35.221336,-89.894196,Possible Injury,Pedestrian,Intersection-On Roadway not in Crosswalk,Through Roadway,Dark-Lighted,Not Collision with Motor Vehicle in Transport,Pedestrian,1,True,City of Memphis,COVINGTON PIKE,,40.0,5.0,204,1.0,0.0358320659752946,YALE RD,0.0937831801408735,40.0,4,B,MEMPHIS,SHELBY,TDOT,50036,0.09378318014087357
301100540,2026-08-31,2026-08-31 21:12:00,2026,8,Monday,21,35.15837,-90.01507,Suspected Serious Injury,Pedestrian,Not Intersection-On Roadway Not In Crosswalk,Non-Junction,Dark-Lighted,Not Collision with Motor Vehicle in Transport,Pedestrian,1,True,TDOT state route,JACKSON AVE,Principal Arterial,35.0,4.0,14,7.0,4.809251655002903,JACKSON AVE,0.2090482799710761,35.0,4,B,MEMPHIS,SHELBY,TDOT,46781,0.20904827997107614
301099899,2026-08-31,2026-08-31 08:07:00,2026,8,Monday,8,35.015633,-90.02658,Suspected Minor Injury,Pedestrian,Not Intersection-On Roadway Not In Crosswalk,Through Roadway,Daylight,Not Collision with Motor Vehicle in Transport,Pedestrian,1,True,City of Memphis,,,,,,,123.26723657204596,MCCLURE RD,116.24648805749564,35.0,2,B,MEMPHIS,SHELBY,City of Memphis,72290,116.24648805749563
301102771,2026-09-14,2026-09-14 20:36:00,2026,9,Monday,20,35.101883,-89.87028,Fatal,Pedestrian,Not Intersection-Outside Traffic,Non-Junction,Dark-Lighted,Not Collision with Motor Vehicle in Transport,Pedestrian,1,True,TDOT state route,POPLAR AVE,Principal Arterial,40.0,3.0,57,5.0,4.382984339568191,POPLAR AVE,0.0757495367295001,40.0,2,FT,MEMPHIS,SHELBY,TDOT,6941,0.07574953672950017
301102325,2026-09-13,2026-09-13 00:00:00,2026,9,Sunday,0,35.17911,-89.861206,Suspected Minor Injury,Pedestrian,Not Intersection-Adjacent to Roadway,Intersection,Dark-Not Lighted,Not Collision with Motor Vehicle in Transport,Pedestrian,1,True,City of Memphis,SUMMER AVE,Principal Arterial,45.0,4.0,1,1.0,3.3097291966119182,E GLENHOME DR,0.1545715647676634,30.0,2,B,MEMPHIS,SHELBY,TDOT,34917,0.15457156476766348
301100278,2026-09-01,2026-09-01 20:00:00,2026,9,Tuesday,20,35.16857,-89.86386,Possible Injury,Pedestrian,Intersection-On Roadway Crosswalk availability Unknown,Non-Junction,Dawn,Not Collision with Motor Vehicle in Transport,Pedestrian,1,True,City of Memphis,,,,,,,567.2245773346496,SHELBY OAKS DR,4.073699828360989,35.0,4,B,MEMPHIS,SHELBY,City of Memphis,52778,4.073699828360989
301101652,2026-09-09,2026-09-09 08:07:00,2026,9,Wednesday,8,35.128716,-90.02107,Possible Injury,Pedestrian,Intersection-In Crosswalk,Intersection,Daylight,Not Collision with Motor Vehicle in Transport,Pedestrian,1,True,TDOT state route,S BELLEVUE BLVD,Minor Arterial,35.0,4.0,3,6.0,0.7494499111183989,LAMAR AVE,0.1448637063314194,40.0,6,B,MEMPHIS,SHELBY,TDOT,46751,0.14486370633141948
301066701,2026-02-23,2026-02-23 22:18:00,2026,2,Monday,22,35.19489,-89.79239,Fatal,Pedestrian,Not Intersection-On Roadway Crosswalk not Available,Non-Junction,Dark-Not Lighted,Not Collision with Motor Vehicle in Transport,Pedestrian,1,True,TDOT state route,N GERMANTOWN PKWY,Principal Arterial,45.0,7.0,177,1.0,0.4098703647731037,N GERMANTOWN PKWY,0.0677186861744766,45.0,7,B,MEMPHIS,SHELBY,TDOT,47654,0.06771868617447667
301101676,2026-09-09,2026-09-09 07:45:00,2026,9,Wednesday,7,35.099407,-89.93087,Possible Injury,Pedestrian,Intersection-In Crosswalk,Intersection,Daylight,Not Collision with Motor Vehicle in Transport,Pedestrian,2,True,City of Memphis,,,,,,,2100.043579057684,RHODES AVE,0.2033120863815145,35.0,4,B,MEMPHIS,SHELBY,City of Memphis,51318,0.20331208638151452
301098364,2026-08-22,2026-08-22 19:15:00,2026,8,Saturday,19,35.155006,-89.886444,Possible Injury,Pedestrian,Intersection-On Roadway not in Crosswalk,Intersection-Related,Daylight,Not Collision with Motor Vehicle in Transport,Pedestrian,1,True,TDOT state route,SUMMER AVE,Principal Arterial,40.0,5.0,1,5.0,5.554843224408257,SUMMER AVE,2.2724189281109197,40.0,5,B,MEMPHIS,SHELBY,TDOT,48494,2.2724189281109193
301085015,2026-06-07,2026-06-07 01:05:00,2026,6,Sunday,1,35.06263,-89.91606,Fatal,Pedestrian,Intersection-On Roadway Crosswalk Not Available,Intersection,Dark-Lighted,Not Collision with Motor Vehicle in Transport,Pedestrian,1,True,City of Memphis,,,,,,,1370.2440760912411,KNIGHT ARNOLD RD,0.0619803492012746,40.0,5,B,MEMPHIS,SHELBY,City of Memphis,53716,0.061980349201274654
301102189,2026-09-11,2026-09-11 23:40:00,2026,9,Friday,23,35.178204,-89.837234,No Injury,Other Non-Motorist,Unknown,Intersection,Dark-Lighted,Not Collision with Motor Vehicle in Transport,Other,1,True,City of Memphis,,,,,,,1744.0065261452824,RALEIGH LAGRANGE RD,34.48453540389828,45.0,5,B,MEMPHIS,SHELBY,City of Memphis,53643,34.48453540389828
301098884,2026-08-24,2026-08-24 05:42:00,2026,8,Monday,5,35.006416,-90.06072,Possible Injury,Pedestrian,Not Intersection-Adjacent to Roadway,AccelDecelLane,Dark-Not Lighted,Not Collision with Motor Vehicle in Transport,Pedestrian,2,True,City of Memphis,,,,,,,1616.7245248068025,HILLBROOK RD,0.0234367984220493,30.0,2,B,MEMPHIS,SHELBY,City of Memphis,72054,0.023436798422049324
301102643,2026-09-13,2026-09-13 22:50:00,2026,9,Sunday,22,35.135544,-90.00078,Possible Injury,Pedestrian,Intersection-Unknown,Intersection,Dark-Lighted,Not Collision with Motor Vehicle in Transport,Pedestrian,1,True,TDOT state route,UNION AVE,Principal Arterial,35.0,6.0,23,5.0,27.117338093801006,UNION AVE,31.708857835660364,35.0,6,B,MEMPHIS,SHELBY,TDOT,46816,31.708857835660364
301102647,2026-09-14,2026-09-14 15:35:00,2026,9,Monday,15,35.178997,-89.849144,Possible Injury,Pedestrian,Not Intersection-Outside Traffic,Non-Junction,Daylight,Not Collision with Motor Vehicle in Transport,Pedestrian,1,True,City of Memphis,,,,,,,855.0239248116595,SHELBY VIEW DR,4.697223773959618,30.0,2,B,MEMPHIS,SHELBY,City of Memphis,30255,4.697223773959618
301101982,2026-09-10,2026-09-10 21:14:00,2026,9,Thursday,21,35.129837,-89.797615,Suspected Serious Injury,Pedestrian,Intersection-On Roadway not in Crosswalk,Non-Junction,Dark-Not Lighted,Not Collision with Motor Vehicle in Transport,Pedestrian,1,True,TDOT state route,S GERMANTOWN PKWY,Principal Arterial,50.0,6.0,177,2.0,1.6830061939331695,S GERMANTOWN PKWY,2.728714237500156,50.0,6,B,MEMPHIS,SHELBY,TDOT,47237,2.7287142375001556
301099614,2026-08-27,2026-08-27 17:06:00,2026,8,Thursday,17,35.1519,-90.01281,Possible Injury,Pedestrian,Not Intersection-Bike Path,AccelDecelLane,Daylight,Not Collision with Motor Vehicle in Transport,Pedestrian,1,True,City of Memphis,,,,,,,104.88426356361282,N WATKINS ST,0.2675114070602106,35.0,4,B,MEMPHIS,SHELBY,City of Memphis,53423,0.26751140706021065
301101750,2026-09-09,2026-09-09 14:58:00,2026,9,Wednesday,14,35.136547,-90.02067,Possible Injury,Pedestrian,Intersection-On Roadway Crosswalk availability Unknown,Through Roadway,Daylight,Not Collision with Motor Vehicle in Transport,Pedestrian,1,True,TDOT state route,S BELLEVUE BLVD,Major Collector,35.0,4.0,3,6.0,2.490350726459009,S BELLEVUE BLVD,2.1736161148887825,35.0,4,B,MEMPHIS,SHELBY,TDOT,46769,2.1736161148887825
301096413,2026-08-12,2026-08-12 03:58:00,2026,8,Wednesday,3,35.046463,-90.025276,Suspected Minor Injury,Pedestrian,Not Intersection-On Roadway Not In Crosswalk,Non-Junction,Dark-Lighted,Not Collision with Motor Vehicle in Transport,Other,1,True,TDOT state route,ELVIS PRESLEY BLVD,Principal Arterial,40.0,6.0,3,6.0,15.102614750423026,ELVIS PRESLEY BLVD,15.324155030726782,40.0,6,B,MEMPHIS,SHELBY,TDOT,47269,15.324155030726782
301101756,2026-09-09,2026-09-09 21:34:00,2026,9,Wednesday,21,35.068775,-89.95419,Possible Injury,Pedestrian,Intersection-On Roadway not in Crosswalk,Non-Junction,Dark-Not Lighted,Not Collision with Motor Vehicle in Transport,Pedestrian,1,True,City of Memphis,,,,,,,762.4719513324417,DEMOCRAT RD,0.2482756554183244,40.0,5,B,MEMPHIS,SHELBY,City of Memphis,52300,0.2482756554183244
301101129,2026-09-05,2026-09-05 23:10:00,2026,9,Saturday,23,35.008266,-89.949776,Possible Injury,Pedestrian,Not Intersection-Outside Traffic,Through Roadway,Dark-Lighted,Angle,Other,1,True,City of Memphis,,,,,,,1181.2190026336907,E HOLMES RD,230.62614091701303,45.0,7,B,MEMPHIS,SHELBY,City of Memphis,77025,230.62614091701306
301014726,2025-04-28,2025-04-28 01:39:00,2025,4,Monday,1,35.108875,-89.98901,Fatal,Pedestrian,Not Intersection-Unknown,Non-Junction,Dark-Lighted,Not Collision with Motor Vehicle in Transport,Pedestrian,1,True,TDOT state route,LAMAR AVE,Principal Arterial,40.0,7.0,4,4.0,2.4945988786715474,LAMAR AVE,6.05985898713311,40.0,7,B,MEMPHIS,SHELBY,TDOT,48603,6.05985898713311
301086179,2026-06-12,2026-06-12 15:28:00,2026,6,Friday,15,35.034172,-90.02463,Fatal,Pedestrian,Not Intersection-Outside Traffic,Non-Junction,Daylight,Not Collision with Motor Vehicle in Transport,Pedestrian,1,True,City of Memphis,,,,,,,49.36508803877312,MARLIN RD,22.628547005013512,35.0,2,B,MEMPHIS,SHELBY,City of Memphis,76924,22.628547005013512
301099692,2026-08-29,2026-08-29 20:00:00,2026,8,Saturday,20,35.16043,-89.79444,Possible Injury,Pedestrian,Intersection-On Roadway not in Crosswalk,Non-Junction,Dark-Lighted,Not Collision with Motor Vehicle in Transport,Pedestrian,1,True,City of Memphis,,,,,,,60.75632820503464,COUNTRY VILLAGE DR,43.29125049086762,30.0,2,B,MEMPHIS,SHELBY,City of Memphis,25091,43.29125049086762
301102875,2026-09-16,2026-09-16 07:19:00,2026,9,Wednesday,7,35.21584,-89.9931,Suspected Minor Injury,Pedestrian,Not Intersection-On Roadway Not In Crosswalk,Unknown,Daylight,Not Collision with Motor Vehicle in Transport,Pedestrian,1,True,City of Memphis,,,,,,,2860.973027404461,WOODROW ST,67.85452590795357,30.0,2,B,MEMPHIS,SHELBY,City of Memphis,84351,67.85452590795357
301073827,2026-04-06,2026-04-06 23:34:00,2026,4,Monday,23,35.215113,-90.003464,Fatal,Pedestrian,Not Intersection-On Roadway Crosswalk not Available,Intersection,Dark-Lighted,Not Collision with Motor Vehicle in Transport,Pedestrian,1,True,City of Memphis,,,,,,,2132.310257983269,N WATKINS ST,3.98232400839206,40.0,5,B,MEMPHIS,SHELBY,City of Memphis,49877,3.98232400839206
301007975,2025-03-23,2025-03-23 14:00:00,2025,3,Sunday,14,35.19155,-89.97579,Fatal,Pedestrian,Not Intersection-On Roadway Not In Crosswalk,Non-Junction,Daylight,Not Collision with Motor Vehicle in Transport,Pedestrian,1,True,City of Memphis,,,,,,,3583.217511224382,N HOLLYWOOD ST,0.3436253221397045,40.0,6,B,MEMPHIS,SHELBY,City of Memphis,52587,0.34362532213970454
301099828,2026-08-30,2026-08-30 19:21:00,2026,8,Sunday,19,35.10439,-89.87651,Possible Injury,Pedestrian,Not Intersection-In Parking Lane,Intersection,Daylight,Not Collision with Motor Vehicle in Transport,Pedestrian,1,True,City of Memphis,,,,,,,126.8299170751082,OAKHAVEN RD,25.955883860777103,30.0,2,B,MEMPHIS,SHELBY,City of Memphis,74490,25.955883860777103
301081667,2026-05-18,2026-05-18 12:54:00,2026,5,Monday,12,35.07929,-89.98485,Fatal,Pedestrian,Intersection-On Roadway not in Crosswalk,Non-Junction,Daylight,Not Collision with Motor Vehicle in Transport,Pedestrian,1,True,City of Memphis,,,,,,,2111.968854138745,AIRWAYS BLVD,0.0125660271172345,40.0,7,B,MEMPHIS,SHELBY,City of Memphis,52437,0.01256602711723457
301088693,2026-06-27,2026-06-27 22:30:00,2026,6,Saturday,22,35.162476,-89.9559,Fatal,Pedestrian,Intersection-On Roadway not in Crosswalk,Intersection,Dark-Lighted,Not Collision with Motor Vehicle in Transport,Pedestrian,1,True,City of Memphis,,,,,,,33.10705011883469,HUDSON ST,13.465442755867452,30.0,2,B,MEMPHIS,SHELBY,City of Memphis,84144,13.465442755867453
301032288,2025-08-06,2025-08-06 03:55:00,2025,8,Wednesday,3,35.105316,-89.87507,Fatal,Pedestrian,Not Intersection-On Roadway Crosswalk not Available,Non-Junction,Dark-Not Lighted,Not Collision with Motor Vehicle in Transport,Pedestrian,1,True,TDOT state route,POPLAR AVE,Principal Arterial,40.0,6.0,57,5.0,10.031471654374682,POPLAR AVE,14.447559973344704,40.0,6,B,MEMPHIS,SHELBY,TDOT,47151,14.447559973344703
301104603,2026-09-25,2026-09-25 08:50:00,2026,9,Friday,8,35.053364,-89.8783,Possible Injury,Pedestrian,Intersection-In Crosswalk,AccelDecelLane,Daylight,Not Collision with Motor Vehicle in Transport,Pedestrian,1,True,City of Memphis,,,,,,,2820.048683410718,NEWBERRY AVE,7.303071794319232,30.0,2,B,MEMPHIS,SHELBY,City of Memphis,2271,7.303071794319232
301103222,2026-09-17,2026-09-17 19:45:00,2026,9,Thursday,19,35.217407,-89.90965,Possible Injury,Pedestrian,Intersection-On Roadway Crosswalk Not Available,Through Roadway,Dark-Not Lighted,Not Collision with Motor Vehicle in Transport,Pedestrian,1,True,City of Memphis,,,,,,,231.78322581514493,RALEIGH SPRINGS MALL,80.54150277050167,0.0,2,N,MEMPHIS,SHELBY,City of Memphis,48708,80.54150277050167
301103904,2026-09-21,2026-09-21 21:00:00,2026,9,Monday,21,35.2248,-90.001884,Possible Injury,Pedestrian,Not Intersection-On Roadway Crosswalk Availability Unknown,Non-Junction,Dark-Lighted,Not Collision with Motor Vehicle in Transport,Pedestrian,1,True,City of Memphis,,,,,,,1635.3853965576425,KENSETT DR,21.12011453628935,30.0,2,B,MEMPHIS,SHELBY,City of Memphis,27805,21.12011453628935
301103015,2026-09-16,2026-09-16 15:58:00,2026,9,Wednesday,15,35.218304,-89.92738,Possible Injury,Pedestrian,Not Intersection-On Roadway Crosswalk not Available,Intersection-Related,Daylight,Not Collision with Motor Vehicle in Transport,Pedestrian,1,True,City of Memphis,,,,,,,1082.1425927109992,RAMILL RD,0.4463778947537468,40.0,4,B,MEMPHIS,SHELBY,City of Memphis,51804,0.4463778947537468
301103685,2026-09-20,2026-09-20 15:11:00,2026,9,Sunday,15,35.18658,-89.88646,Possible Injury,Pedestrian,Intersection-In Crosswalk,Non-Junction,Daylight,Not Collision with Motor Vehicle in Transport,Pedestrian,1,True,City of Memphis,,,,,,,888.0143361899954,RALEIGH LAGRANGE RD,0.1081155000251174,45.0,7,B,MEMPHIS,SHELBY,City of Memphis,50051,0.1081155000251174
301103698,2026-09-20,2026-09-20 19:30:00,2026,9,Sunday,19,35.240242,-89.93011,Possible Injury,Pedestrian,Not Intersection-On Roadway Not In Crosswalk,Through Roadway,Dark-Lighted,Not Collision with Motor Vehicle in Transport,Pedestrian,1,True,City of Memphis,,,,,,,2813.246910608344,PRIVATE DR,61.38812822788911,25.0,2,B,MEMPHIS,SHELBY,City of Memphis,34742,61.388128227889105
301104288,2026-09-23,2026-09-23 05:50:00,2026,9,Wednesday,5,35.057175,-89.922295,Suspected Serious Injury,Pedestrian,Not Intersection-Other Not On Roadway,OtherLocation,Dark-Lighted,Not Collision with Motor Vehicle in Transport,Other,2,True,City of Memphis,,,,,,,675.5596261294867,GOODLETT RD,0.1671561365429106,35.0,2,B,MEMPHIS,SHELBY,City of Memphis,49353,0.16715613654291064
301077651,2026-04-28,2026-04-28 00:25:00,2026,4,Tuesday,0,35.06306,-89.905334,Fatal,Pedestrian,Not Intersection-On Roadway Crosswalk Availability Unknown,OtherLocation,Dark-Lighted,Not Collision with Motor Vehicle in Transport,Pedestrian,1,True,City of Memphis,,,,,,,2215.0091110341923,S PERKINS RD,37.44222671905717,40.0,7,B,MEMPHIS,SHELBY,City of Memphis,49377,37.442226719057174
301104308,2026-09-22,2026-09-22 14:32:00,2026,9,Tuesday,14,35.13117,-89.986176,Possible Injury,Pedestrian,Intersection-On Roadway Crosswalk Not Available,AccelDecelLane,Daylight,Not Collision with Motor Vehicle in Transport,Pedestrian,1,True,City of Memphis,,,,,,,196.8402316109089,TUNIS CV,19.768456636879417,25.0,2,B,MEMPHIS,SHELBY,City of Memphis,17243,19.768456636879417
301104528,2026-09-24,2026-09-24 23:27:00,2026,9,Thursday,23,35.178772,-89.926865,Suspected Serious Injury,Pedestrian,Intersection-Unknown,Intersection,Dark-Lighted,Not Collision with Motor Vehicle in Transport,Pedestrian,1,True,City of Memphis,,,,,,,720.7171946941971,N GRAHAM ST,10.81209513217842,35.0,2,B,MEMPHIS,SHELBY,City of Memphis,51409,10.812095132178419
301103729,2026-09-21,2026-09-21 01:15:00,2026,9,Monday,1,35.181332,-89.933793,Fatal,Pedestrian,Not Intersection-On Roadway Crosswalk not Available,Non-Junction,Dark-Lighted,Not Collision with Motor Vehicle in Transport,Pedestrian,1,True,TDOT state route,,,,,,,38.68884748818828,JACKSON AVE,35.89006863290912,40.0,7,B,MEMPHIS,SHELBY,City of Memphis,48212,35.89006863290912
300939947,2024-02-07,2024-02-07 15:30:00,2024,2,Wednesday,15,35.14416,-90.01663,Possible Injury,Pedestrian,Not Intersection-Outside Traffic,"Driveway, Alley Access, etc",Daylight,Not Collision with Motor Vehicle in Transport,Pedestrian,1,True,City of Memphis,,,,,,,801.5166506668162,POPLAR AVE,13.02203676776044,40.0,7,B,MEMPHIS,SHELBY,City of Memphis,50416,13.02203676776044
300942228,2024-02-20,2024-02-20 21:52:00,2024,2,Tuesday,21,35.2166,-90.02861,Possible Injury,Pedestrian,Not Intersection-Outside Traffic,Unknown,Dark-Not Lighted,Not Collision with Motor Vehicle in Transport,Pedestrian,1,True,City of Memphis,,,,,,,148.17791577082238,MILLINGTON ST,0.1139599958900322,40.0,2,B,MEMPHIS,SHELBY,City of Memphis,79776,0.11395999589003224
300941389,2024-02-16,2024-02-16 08:28:00,2024,2,Friday,8,35.03523,-90.00727,Possible Injury,Pedestrian,Intersection-In Crosswalk,Intersection-Related,Daylight,Not Collision with Motor Vehicle in Transport,Pedestrian,1,True,City of Memphis,,,,,,,1571.3070559529365,MILLBRANCH RD,22.11634693310004,40.0,4,B,MEMPHIS,SHELBY,City of Memphis,49779,22.11634693310004
300939738,2024-02-07,2024-02-07 14:47:00,2024,2,Wednesday,14,35.116596,-89.90878,Possible Injury,Pedestrian,Intersection-Unknown,AccelDecelLane,Daylight,Not Collision with Motor Vehicle in Transport,Pedestrian,1,True,City of Memphis,,,,,,,43.71230622000314,PERKINS ROAD EXT,33.58815286605281,35.0,5,B,MEMPHIS,SHELBY,City of Memphis,53658,33.58815286605281
300939951,2024-02-04,2024-02-04 11:00:00,2024,2,Sunday,11,35.23399,-89.89301,Suspected Serious Injury,Pedestrian,Not Intersection-Unknown,Unknown,Daylight,Not Collision with Motor Vehicle in Transport,Pedestrian,1,True,TDOT state route,,,,,,,62.9896923887765,NEW COVINGTON PIKE,65.9515079247413,45.0,5,B,MEMPHIS,SHELBY,City of Memphis,48076,65.9515079247413