MstrRecNbrTxt,CollisionDate,CollisionDteTime,YearNmb,Month,DayOfWeek,Hour,Latitude,Longitude,InjuryClass,PersonType,NonMotoristLocation,RelationToJunction,LightCondition,MannerOfCollision,FirstHarmfulEvent,VictimsInCrash,InMemphis,Jurisdiction,StateRoute_NAME,StateRoute_F_System,StateRoute_SPDLIMIT,StateRoute_LANES,StateRoute_ALTNAME_1,StateRoute_Council_District,DistToStateRoute_m,Street_Name,DistToStreet_m,Street_SPDLIMIT,Street_LANES,Street_ONEWAY,Street_CITY_L,Street_COUNTY_L,Jurisdiction_prev,Seg_OBJECTID,DistToSeg_m
300941629,2024-02-13,2024-02-13 20:59:00,2024,2,Tuesday,20,35.11744,-89.94505,Possible Injury,Pedestrian,Intersection-In Crosswalk,Intersection,Dark-Not Lighted,Not Collision with Motor Vehicle in Transport,Pedestrian,1,True,City of Memphis,,,,,,,1112.6974062375075,MYNDERS AVE,39.4486263930694,30.0,2,B,MEMPHIS,SHELBY,City of Memphis,5747,39.4486263930694
300937885,2024-01-28,2024-01-28 12:25:00,2024,1,Sunday,12,35.088028,-89.89613,Suspected Minor Injury,Pedestrian,Intersection-On Roadway Crosswalk Not Available,Intersection,Daylight,Not Collision with Motor Vehicle in Transport,Pedestrian,1,True,City of Memphis,,,,,,,1925.1118547602373,HELENE RD,0.0917333096757983,30.0,2,B,MEMPHIS,SHELBY,City of Memphis,74294,0.0917333096757983
300939243,2024-02-03,2024-02-03 19:00:00,2024,2,Saturday,19,35.156513,-90.035866,Possible Injury,Pedestrian,Intersection-Not on Roadway,OtherLocation,Dark-Lighted,Not Collision with Motor Vehicle in Transport,Pedestrian,1,True,TDOT state route,JACKSON AVE,Principal Arterial,35.0,4.0,14,7.0,4.662758873197413,JACKSON AVE,0.0311428968180989,35.0,4,B,MEMPHIS,SHELBY,TDOT,47863,0.031142896818098963
300942024,2024-02-20,2024-02-20 09:45:00,2024,2,Tuesday,9,35.04483,-90.05732,Suspected Serious Injury,Pedestrian,Intersection-On Roadway Crosswalk Not Available,Intersection-Related,Daylight,Not Collision with Motor Vehicle in Transport,Pedestrian,1,True,City of Memphis,,,,,,,589.6804020129028,E FAIRWAY AVE,6.492848384522747,30.0,2,B,MEMPHIS,SHELBY,City of Memphis,6990,6.492848384522747
300938415,2024-01-30,2024-01-30 21:27:00,2024,1,Tuesday,21,35.00638,-90.02528,Possible Injury,Pedestrian,Not Intersection-On Roadway Not In Crosswalk,AccelDecelLane,Dark-Not Lighted,Other,Other,1,True,City of Memphis,ELVIS PRESLEY BLVD,Principal Arterial,40.0,5.0,3,3.0,0.0377175879489809,E HOLMES RD,0.0789820616879858,40.0,4,B,MEMPHIS,SHELBY,TDOT,53039,0.07898206168798581
300939087,2024-01-29,2024-01-29 00:00:00,2024,1,Monday,0,35.145138,-90.031746,Possible Injury,Pedestrian,Intersection-On Roadway not in Crosswalk,Intersection,Dark-Not Lighted,Not Collision with Motor Vehicle in Transport,Pedestrian,1,True,City of Memphis,,,,,,,740.9813598882411,POPLAR AVE,34.890435608728744,40.0,7,B,MEMPHIS,SHELBY,City of Memphis,50350,34.890435608728744
300937709,2024-01-26,2024-01-26 21:58:00,2024,1,Friday,21,35.107098,-89.98816,Possible Injury,Pedestrian,Intersection-On Roadway not in Crosswalk,OtherLocation,Dark-Lighted,Not Collision with Motor Vehicle in Transport,Pedestrian,1,True,TDOT state route,,,,,,,63.96653404672249,LAMAR AVE,61.907417370474576,40.0,5,B,MEMPHIS,SHELBY,City of Memphis,46915,61.907417370474576
300941663,2024-02-17,2024-02-17 00:00:00,2024,2,Saturday,99,35.177235,-89.78453,No Injury,Other Non-Motorist,Unknown,Non-Junction,Unknown,Rear to Side,Other,1,True,City of Memphis,,,,,,,767.935055905888,KINGS TRAIL CV,26.68037302632055,25.0,2,B,MEMPHIS,SHELBY,City of Memphis,13897,26.68037302632055
300941851,2024-02-19,2024-02-19 09:30:00,2024,2,Monday,9,35.150013,-89.965576,Possible Injury,Pedestrian,Not Intersection-Outside Traffic,Non-Junction,Daylight,Not Collision with Motor Vehicle in Transport,Pedestrian,1,True,City of Memphis,,,,,,,44.04257464565355,LESTER ST,36.969242608308015,30.0,2,B,MEMPHIS,SHELBY,City of Memphis,82771,36.969242608308015
300938173,2024-01-30,2024-01-30 03:43:00,2024,1,Tuesday,3,35.16954,-89.986885,Possible Injury,Pedestrian,Intersection-Unknown,Unknown,Dark-Lighted,Not Collision with Motor Vehicle in Transport,Pedestrian,1,True,City of Memphis,,,,,,,1114.039631411758,HUNTER AVE,0.2594299480253762,30.0,2,B,MEMPHIS,SHELBY,City of Memphis,6469,0.2594299480253762
300914146,2023-09-30,2023-09-30 01:08:00,2023,9,Saturday,1,35.10479,-89.97786,Suspected Serious Injury,Pedestrian,Intersection-On Roadway Crosswalk Not Available,Intersection,Dark-Lighted,Not Collision with Motor Vehicle in Transport,Pedestrian,1,True,City of Memphis,,,,,,,384.4709813381621,DEADRICK AVE,0.1474343162103531,35.0,2,B,MEMPHIS,SHELBY,City of Memphis,5327,0.1474343162103531
300929665,2023-12-13,2023-12-13 18:07:00,2023,12,Wednesday,18,35.11741,-89.94256,Possible Injury,Pedestrian,Intersection-On Roadway Crosswalk availability Unknown,Intersection,Dark-Lighted,Not Collision with Motor Vehicle in Transport,Pedestrian,1,True,City of Memphis,,,,,,,1058.909464352069,MYNDERS AVE,35.74145069683987,30.0,2,B,MEMPHIS,SHELBY,City of Memphis,5805,35.74145069683987
300934493,2024-01-08,2024-01-08 18:00:00,2024,1,Monday,18,35.137287,-90.02113,Unknown,Pedestrian,Not Intersection-On Roadway Not In Crosswalk,AccelDecelLane,Dark-Lighted,Not Collision with Motor Vehicle in Transport,Pedestrian,1,True,TDOT state route,UNION AVE,Principal Arterial,35.0,6.0,3,6.0,4.647149300632669,UNION AVE,0.0668499746222642,35.0,6,B,MEMPHIS,SHELBY,TDOT,46758,0.06684997462226425
300932272,2023-12-26,2023-12-26 17:42:00,2023,12,Tuesday,17,35.10049,-89.8543,Suspected Minor Injury,Pedestrian,Not Intersection-On Roadway Not In Crosswalk,Non-Junction,Dark-Lighted,Not Collision with Motor Vehicle in Transport,Pedestrian,1,True,TDOT state route,,,,,,,53.692539833905016,POPLAR AVE,49.170321255883145,40.0,7,B,MEMPHIS,SHELBY,City of Memphis,46250,49.170321255883145
300935624,2024-01-11,2024-01-11 07:30:00,2024,1,Thursday,7,35.10098,-90.01408,Possible Injury,Pedestrian,Not Intersection-Adjacent to Roadway,Non-Junction,Daylight,Angle,Other,1,True,City of Memphis,,,,,,,417.7739355296047,E PERSON AVE,25.126932426691077,35.0,4,B,MEMPHIS,SHELBY,City of Memphis,50989,25.126932426691074
300932453,2023-12-24,2023-12-24 21:35:00,2023,12,Sunday,21,35.171764,-90.03605,Possible Injury,Pedestrian,Not Intersection-On Roadway Not In Crosswalk,Intersection,Dark-Lighted,Not Collision with Motor Vehicle in Transport,Pedestrian,1,True,City of Memphis,THOMAS ST,Minor Arterial,35.0,4.0,3,7.0,0.0557694346682412,ARRINGTON AVE,0.3253598150441659,30.0,2,B,MEMPHIS,SHELBY,TDOT,3575,0.3253598150441659
300930370,2023-12-16,2023-12-16 21:50:00,2023,12,Saturday,21,35.140656,-90.05613,Possible Injury,Pedestrian,Intersection-On Roadway Crosswalk availability Unknown,Intersection,Dark-Lighted,Unknown,Other,1,True,City of Memphis,,,,,,,249.25954299982752,BEALE ST,0.047459936773018,30.0,3,B,MEMPHIS,SHELBY,City of Memphis,80494,0.04745993677301808
300932015,2023-12-24,2023-12-24 23:50:00,2023,12,Sunday,23,35.055607,-89.85654,Possible Injury,Pedestrian,Not Intersection-On Roadway Not In Crosswalk,SharedUsePathOrTrail,Dark-Unknown Lighting,Not Collision with Motor Vehicle in Transport,Pedestrian,1,True,City of Memphis,,,,,,,1612.1345208291514,RIDGEWAY RD,67.69569431440094,45.0,5,B,MEMPHIS,SHELBY,City of Memphis,71373,67.69569431440094
300932772,2023-12-29,2023-12-29 17:00:00,2023,12,Friday,17,35.073807,-89.94823,Possible Injury,Pedestrian,Intersection-Not on Roadway,Non-Junction,Dark-Lighted,Not Collision with Motor Vehicle in Transport,Pedestrian,1,True,TDOT state route,LAMAR AVE,Principal Arterial,40.0,7.0,4,4.0,3.45261473090589,LAMAR AVE,0.9327361023361286,40.0,7,B,MEMPHIS,SHELBY,TDOT,47856,0.9327361023361286
300930392,2023-12-17,2023-12-17 00:48:00,2023,12,Sunday,0,35.2081,-90.00367,Possible Injury,Pedestrian,Intersection-On Roadway Crosswalk availability Unknown,Non-Junction,Dark-Lighted,Not Collision with Motor Vehicle in Transport,Pedestrian,1,True,City of Memphis,,,,,,,2559.4360761105727,N WATKINS ST,13.077781132327496,40.0,2,B,MEMPHIS,SHELBY,City of Memphis,49872,13.077781132327495
300940726,2024-02-13,2024-02-13 08:00:00,2024,2,Tuesday,8,35.034355,-90.01449,Possible Injury,Pedestrian,Intersection-In Crosswalk,Intersection,Daylight,Not Collision with Motor Vehicle in Transport,Pedestrian,1,True,City of Memphis,,,,,,,974.578440185098,GRACELAND DR,42.18893174132023,30.0,2,B,MEMPHIS,SHELBY,City of Memphis,27426,42.18893174132023
300935903,2024-01-07,2024-01-07 14:21:00,2024,1,Sunday,14,35.02445,-90.0263,No Injury,Pedestrian,Not Intersection-Unknown,Non-Junction,Daylight,Not Collision with Motor Vehicle in Transport,Other,1,True,City of Memphis,,,,,,,100.30010521840369,BLANCHARD RD,28.83072010582409,30.0,2,B,MEMPHIS,SHELBY,City of Memphis,72299,28.830720105824092
300925149,2023-11-20,2023-11-20 13:00:00,2023,11,Monday,13,35.080994,-90.022575,No Injury,Pedestrian,Not Intersection-Unknown,Non-Junction,Daylight,Not Collision with Motor Vehicle in Transport,Other,1,True,City of Memphis,,,,,,,334.1866037545536,PRATT ST,24.19423516503567,30.0,2,B,MEMPHIS,SHELBY,City of Memphis,82348,24.19423516503567
300931656,2023-12-22,2023-12-22 13:17:00,2023,12,Friday,13,35.166477,-89.95006,Possible Injury,Pedestrian,Not Intersection-Adjacent to Roadway,Non-Junction,Daylight,Not Collision with Motor Vehicle in Transport,Pedestrian,1,True,City of Memphis,,,,,,,43.02052612961994,FARMVILLE AVE,33.11720447522677,30.0,2,B,MEMPHIS,SHELBY,City of Memphis,5716,33.11720447522677
300937256,2024-01-24,2024-01-24 18:33:00,2024,1,Wednesday,18,35.21021,-90.03286,Possible Injury,Pedestrian,Not Intersection-On Roadway Not In Crosswalk,AccelDecelLane,Dawn,Not Collision with Motor Vehicle in Transport,Pedestrian,1,True,TDOT state route,THOMAS ST,,40.0,2.0,3,7.0,25.98064099658865,THOMAS ST,27.07119662084468,40.0,2,B,MEMPHIS,SHELBY,TDOT,46522,27.07119662084468
300936215,2024-01-16,2024-01-16 19:00:00,2024,1,Tuesday,19,35.1721,-89.916954,Possible Injury,Pedestrian,Intersection-On Roadway Crosswalk availability Unknown,Non-Junction,Dark-Not Lighted,Not Collision with Motor Vehicle in Transport,Pedestrian,1,True,City of Memphis,,,,,,,1368.8136026673683,GREY RD,0.033555392446371,30.0,2,B,MEMPHIS,SHELBY,City of Memphis,73842,0.033555392446371034
300935698,2024-01-13,2024-01-13 10:29:00,2024,1,Saturday,10,35.245056,-90.00627,Suspected Minor Injury,Pedestrian,Intersection-On Roadway not in Crosswalk,Intersection-Related,Daylight,Not Collision with Motor Vehicle in Transport,Pedestrian,1,True,City of Memphis,N US HIGHWAY 51,Principal Arterial,55.0,2.0,3,7.0,24.216061549771062,N US HIGHWAY 51,4.934403354642122,55.0,2,FT,MEMPHIS,SHELBY,TDOT,48344,4.934403354642122
300929530,2023-12-12,2023-12-12 09:50:00,2023,12,Tuesday,9,35.178947,-90.021279,Possible Injury,Pedestrian,Not Intersection-Adjacent to Roadway,Non-Junction,Daylight,Other,Other,1,True,City of Memphis,,,,,,,1311.927928311027,BREEDLOVE ST,0.4135705300959021,35.0,2,B,MEMPHIS,SHELBY,City of Memphis,80962,0.4135705300959021
300932285,2023-12-26,2023-12-26 18:46:00,2023,12,Tuesday,18,35.05005,-89.86638,Possible Injury,Pedestrian,Intersection-On Roadway not in Crosswalk,Non-Junction,Dusk,Not Collision with Motor Vehicle in Transport,Pedestrian,1,True,City of Memphis,,,,,,,2541.8172424614736,WINCHESTER RD,0.0975908332706381,45.0,7,B,MEMPHIS,SHELBY,City of Memphis,49448,0.09759083327063815
300931438,2023-12-21,2023-12-21 22:20:00,2023,12,Thursday,22,35.163002,-89.87765,Suspected Serious Injury,Pedestrian,Not Intersection-Adjacent to Roadway,Intersection,Dark-Lighted,Not Collision with Motor Vehicle in Transport,Pedal-cycle,1,True,TDOT state route,SUMMER AVE,Principal Arterial,45.0,4.0,1,1.0,3.038036805042975,SUMMER AVE,0.1608352832863658,45.0,4,B,MEMPHIS,SHELBY,TDOT,48460,0.16083528328636582
300930743,2023-12-15,2023-12-15 14:15:00,2023,12,Friday,14,35.217148,-89.98453,Unknown,Pedestrian,Intersection-Unknown,Intersection,Daylight,Not Collision with Motor Vehicle in Transport,Pedestrian,1,True,City of Memphis,,,,,,,3416.3062945961715,FRAYSER BLVD,0.0037576570599505,40.0,4,B,MEMPHIS,SHELBY,City of Memphis,49912,0.0037576570599505764
300935426,2024-01-12,2024-01-12 07:40:00,2024,1,Friday,7,35.050167,-89.88562,Possible Injury,Pedestrian,Intersection-On Roadway Crosswalk availability Unknown,Intersection,Dark-Lighted,Not Collision with Motor Vehicle in Transport,Pedestrian,1,True,City of Memphis,,,,,,,2886.151095406537,WINCHESTER RD,40.573443383246776,45.0,7,B,MEMPHIS,SHELBY,City of Memphis,51852,40.573443383246776
300929787,2023-12-13,2023-12-13 21:49:00,2023,12,Wednesday,21,35.11906,-89.94067,Possible Injury,Pedestrian,Intersection-In Crosswalk,Intersection,Dark-Not Lighted,Not Collision with Motor Vehicle in Transport,Pedestrian,1,True,City of Memphis,,,,,,,839.085417609747,MIDLAND AVE,0.2758074118041606,35.0,2,B,MEMPHIS,SHELBY,City of Memphis,5808,0.27580741180416063
300909242,2023-09-05,2023-09-05 20:00:00,2023,9,Tuesday,20,35.26113,-89.927155,No Injury,Pedestrian,Unknown,Non-Junction,Dark-Lighted,Not Collision with Motor Vehicle in Transport,Other,1,True,City of Memphis,,,,,,,4059.610044079952,KINARD CV,31.175205776290305,25.0,2,B,MEMPHIS,SHELBY,City of Memphis,17259,31.175205776290305
300931181,2023-12-20,2023-12-20 20:08:00,2023,12,Wednesday,20,35.18957,-89.92806,Suspected Serious Injury,Pedestrian,Not Intersection-On Roadway Not In Crosswalk,Non-Junction,Dark-Lighted,Not Collision with Motor Vehicle in Transport,Pedestrian,1,True,TDOT state route,,,,,,,37.76091773391071,JACKSON AVE,40.5758883356748,40.0,7,B,MEMPHIS,SHELBY,City of Memphis,46538,40.575888335674804
300932221,2023-12-22,2023-12-22 08:15:00,2023,12,Friday,8,35.079124,-90.01563,Possible Injury,Pedestrian,Intersection-On Roadway Crosswalk Not Available,Unknown,Daylight,Not Collision with Motor Vehicle in Transport,Pedestrian,1,True,City of Memphis,,,,,,,325.0464523797866,RALSTON AVE,22.819454784557912,30.0,2,B,MEMPHIS,SHELBY,City of Memphis,5138,22.819454784557912
300930678,2023-12-17,2023-12-17 20:30:00,2023,12,Sunday,20,35.090458,-89.93107,Possible Injury,Pedestrian,Not Intersection-On Roadway Not In Crosswalk,AccelDecelLane,Dark-Lighted,Not Collision with Motor Vehicle in Transport,Pedestrian,1,True,City of Memphis,,,,,,,1107.022776411824,GETWELL RD,1.517175437001629,40.0,5,B,MEMPHIS,SHELBY,City of Memphis,51331,1.517175437001629
300935626,2024-01-13,2024-01-13 05:45:00,2024,1,Saturday,5,35.051266,-90.00558,Possible Injury,Pedestrian,Intersection-In Crosswalk,AccelDecelLane,Dark-Lighted,Not Collision with Motor Vehicle in Transport,Pedestrian,1,True,City of Memphis,,,,,,,1776.5939869276874,COMMONWEALTH DR,16.522156290407175,30.0,2,B,MEMPHIS,SHELBY,City of Memphis,33229,16.522156290407175
300922681,2023-11-08,2023-11-08 20:42:00,2023,11,Wednesday,20,35.143936,-89.89806,Fatal,Pedestrian,Not Intersection-On Roadway Not In Crosswalk,Non-Junction,Dark-Lighted,Not Collision with Motor Vehicle in Transport,Pedestrian,1,True,City of Memphis,,,,,,,518.6939325465497,N MENDENHALL RD,2.0115758813675004,40.0,4,B,MEMPHIS,SHELBY,City of Memphis,51585,2.0115758813675004
300930135,2023-12-15,2023-12-15 18:17:00,2023,12,Friday,18,35.006474,-89.98989,Suspected Serious Injury,Pedestrian,Not Intersection-On Roadway Crosswalk not Available,AccelDecelLane,Dark-Lighted,Not Collision with Motor Vehicle in Transport,Pedestrian,1,True,City of Memphis,,,,,,,1621.0658323129085,E HOLMES RD,0.0737450295771866,40.0,2,B,MEMPHIS,SHELBY,City of Memphis,49819,0.07374502957718668
300929636,2023-12-12,2023-12-12 18:00:00,2023,12,Tuesday,18,35.0687,-89.98752,Possible Injury,Pedestrian,Intersection-On Roadway not in Crosswalk,Intersection,Dark-Lighted,Not Collision with Motor Vehicle in Transport,Pedestrian,1,True,City of Memphis,,,,,,,2993.713055209372,DEMOCRAT RD,0.1381165683353014,35.0,7,B,MEMPHIS,SHELBY,City of Memphis,72538,0.13811656833530148
300933726,2024-01-05,2024-01-05 06:40:00,2024,1,Friday,6,35.21489,-89.894775,Possible Injury,Pedestrian,Intersection-In Crosswalk,Intersection,Daylight,Not Collision with Motor Vehicle in Transport,Pedestrian,1,True,City of Memphis,,,,,,,34.381984100556,CRAIGMONT DR,32.0851575089798,35.0,2,B,MEMPHIS,SHELBY,City of Memphis,50042,32.0851575089798
300898436,2023-07-13,2023-07-13 00:52:00,2023,7,Thursday,0,35.20091,-89.912476,Fatal,Pedestrian,Not Intersection-On Roadway Not In Crosswalk,Non-Junction,Dark-Lighted,Not Collision with Motor Vehicle in Transport,Pedestrian,1,True,City of Memphis,,,,,,,566.0014016225538,RALEIGH LAGRANGE RD,0.210134278364077,35.0,4,B,MEMPHIS,SHELBY,City of Memphis,51806,0.21013427836407705
300935901,2024-01-14,2024-01-14 05:00:00,2024,1,Sunday,5,35.09865,-89.91224,Possible Injury,Pedestrian,Intersection-In Crosswalk,Intersection,Dark-Not Lighted,Not Collision with Motor Vehicle in Transport,Pedestrian,1,True,City of Memphis,,,,,,,1976.3983991726489,FAIR MEADOW RD,0.8898696833713388,30.0,2,B,MEMPHIS,SHELBY,City of Memphis,74104,0.8898696833713388
300930948,2023-12-18,2023-12-18 21:40:00,2023,12,Monday,21,35.140484,-89.98288,Suspected Minor Injury,Pedestrian,Intersection-On Roadway not in Crosswalk,Intersection-Related,Dark-Lighted,Other,Other,1,True,TDOT state route,E PARKWAY,Principal Arterial,40.0,3.0,277,5.0,3.423257970760932,E PARKWAY N,0.1030574163535228,40.0,3,TF,MEMPHIS,SHELBY,TDOT,48117,0.10305741635352289
300926176,2023-11-24,2023-11-24 09:22:00,2023,11,Friday,9,35.086906,-89.92768,Fatal,Pedestrian,Not Intersection-On Roadway Crosswalk not Available,Non-Junction,Daylight,Not Collision with Motor Vehicle in Transport,Pedestrian,1,True,City of Memphis,,,,,,,785.6250291179132,NEW WILLOW RD,28.55674113422205,35.0,2,B,MEMPHIS,SHELBY,City of Memphis,53320,28.55674113422205
300941070,2024-02-14,2024-02-14 16:10:00,2024,2,Wednesday,16,35.0104,-90.02526,Possible Injury,Pedestrian,Intersection-On Roadway not in Crosswalk,Intersection-Related,Daylight,Not Collision with Motor Vehicle in Transport,Pedestrian,1,True,City of Memphis,ELVIS PRESLEY BLVD,Principal Arterial,40.0,5.0,3,3.0,0.2563123780272443,HESTER RD,0.1498697084476167,35.0,2,B,MEMPHIS,SHELBY,TDOT,72336,0.1498697084476167
300940514,2024-02-11,2024-02-11 18:07:00,2024,2,Sunday,18,35.219906,-89.97871,Suspected Serious Injury,Pedestrian,Intersection-On Roadway Crosswalk availability Unknown,Intersection,Daylight,Not Collision with Motor Vehicle in Transport,Pedestrian,1,True,City of Memphis,,,,,,,3673.44826115948,FRAYSER BLVD,0.3733473805879249,40.0,4,B,MEMPHIS,SHELBY,City of Memphis,49920,0.3733473805879249
300939622,2024-02-06,2024-02-06 13:51:00,2024,2,Tuesday,13,35.206627,-89.90824,Possible Injury,Pedestrian,Intersection-On Roadway not in Crosswalk,Intersection,Daylight,Not Collision with Motor Vehicle in Transport,Pedestrian,1,True,City of Memphis,STAGE RD,Principal Arterial,45.0,6.0,15,1.0,4.608335799441317,ROBBIEDON ST,0.0064212701246943,30.0,2,B,MEMPHIS,SHELBY,TDOT,80213,0.006421270124694358
300938545,2024-01-31,2024-01-31 19:36:00,2024,1,Wednesday,19,35.099407,-89.93087,Possible Injury,Pedestrian,Intersection-In Crosswalk,Intersection,Dark-Lighted,Not Collision with Motor Vehicle in Transport,Pedestrian,1,True,City of Memphis,,,,,,,2100.043579057684,RHODES AVE,0.2033120863815145,35.0,4,B,MEMPHIS,SHELBY,City of Memphis,51318,0.20331208638151452
300927558,2023-12-02,2023-12-02 23:54:00,2023,12,Saturday,23,35.208508,-89.99435,Fatal,Pedestrian,Not Intersection-Other Not On Roadway,Intersection,Dark-Lighted,Not Collision with Motor Vehicle in Transport,Other,2,True,City of Memphis,,,,,,,3228.421977285844,OVERTON CROSSING ST,9.62188847319634,40.0,2,B,MEMPHIS,SHELBY,City of Memphis,79956,9.62188847319634
300937595,2024-01-26,2024-01-26 18:00:00,2024,1,Friday,18,35.082268,-89.97191,Suspected Minor Injury,Pedestrian,Not Intersection-Bike Path,OtherLocation,Dark-Lighted,Not Collision with Motor Vehicle in Transport,Pedestrian,1,True,City of Memphis,,,,,,,943.0101409281284,PENDLETON ST,0.6789040302169606,35.0,2,B,MEMPHIS,SHELBY,City of Memphis,82579,0.6789040302169606
300940372,2024-02-11,2024-02-11 02:05:00,2024,2,Sunday,2,35.115723,-89.96846,No Injury,Other Non-Motorist,Unknown,OtherLocation,Dark-Not Lighted,Not Collision with Motor Vehicle in Transport,Other,1,True,City of Memphis,,,,,,,1460.603851505565,SOUTHERN AVE,15.05776893072436,35.0,3,B,MEMPHIS,SHELBY,City of Memphis,51068,15.057768930724361
300940554,2024-02-12,2024-02-12 11:28:00,2024,2,Monday,11,35.030006,-90.02422,Possible Injury,Pedestrian,Not Intersection-Other Not On Roadway,Non-Junction,Daylight,Not Collision with Motor Vehicle in Transport,Pedestrian,1,True,City of Memphis,,,,,,,87.68376938291281,FINLEY RD,29.93311666811461,35.0,2,B,MEMPHIS,SHELBY,City of Memphis,72343,29.93311666811461
300938377,2024-01-30,2024-01-30 00:00:00,2024,1,Tuesday,99,35.13146,-90.02999,Unknown,Other Non-Motorist,Intersection-Unknown,AccelDecelLane,Unknown,Angle,Other,1,True,TDOT state route,,,,,,,43.14217674220798,E E H CRUMP BLVD,38.51633784251954,40.0,7,B,MEMPHIS,SHELBY,City of Memphis,47413,38.51633784251954
300966598,2024-07-17,2024-07-17 07:20:00,2024,7,Wednesday,7,35.1367,-90.019356,Possible Injury,Pedestrian,Intersection-In Crosswalk,Unknown,Daylight,Not Collision with Motor Vehicle in Transport,Pedestrian,1,True,TDOT state route,,,,,,,49.93936790364001,UNION AVE,45.35767035810835,35.0,6,B,MEMPHIS,SHELBY,City of Memphis,46770,45.35767035810835
300966573,2024-07-17,2024-07-17 00:00:00,2024,7,Wednesday,99,35.138954,-90.0459,Suspected Serious Injury,Pedestrian,Intersection-In Crosswalk,Intersection,Unknown,Not Collision with Motor Vehicle in Transport,Pedestrian,1,True,City of Memphis,S DANNY THOMAS BLVD,Principal Arterial,35.0,4.0,1,6.0,0.7020976177878029,BEALE ST,0.1919867622151174,35.0,2,B,MEMPHIS,SHELBY,TDOT,84354,0.19198676221511748
300858189,2023-01-01,2023-01-01 10:08:00,2023,1,Sunday,10,35.08672,-89.931175,Suspected Serious Injury,Pedestrian,Intersection-In Crosswalk,Intersection,Daylight,Not Collision with Motor Vehicle in Transport,Pedestrian,1,True,City of Memphis,,,,,,,692.2017551267472,ELLISTON RD,0.3785896588458956,35.0,3,B,MEMPHIS,SHELBY,City of Memphis,73694,0.3785896588458956
300861245,2023-01-16,2023-01-16 19:03:00,2023,1,Monday,19,35.05556,-90.07048,Suspected Serious Injury,Pedestrian,Intersection-In Crosswalk,Intersection,Dark-Lighted,Not Collision with Motor Vehicle in Transport,Pedestrian,1,True,City of Memphis,,,,,,,934.951519190071,W MITCHELL RD,0.472884465331182,35.0,2,B,MEMPHIS,SHELBY,City of Memphis,49608,0.472884465331182
300858766,2023-01-04,2023-01-04 00:00:00,2023,1,Wednesday,0,35.209473,-90.032715,Suspected Serious Injury,Pedestrian,Intersection-On Roadway not in Crosswalk,Non-Junction,Dark-Not Lighted,Not Collision with Motor Vehicle in Transport,Pedestrian,1,True,City of Memphis,THOMAS ST,,40.0,2.0,3,7.0,0.6292259868481577,WHITNEY AVE,0.1330750311370967,35.0,2,B,MEMPHIS,SHELBY,TDOT,2672,0.13307503113709673
300859362,2023-01-06,2023-01-06 16:45:00,2023,1,Friday,16,35.0261,-90.00753,Possible Injury,Pedestrian,Not Intersection-On Roadway Not In Crosswalk,AccelDecelLane,Daylight,Not Collision with Motor Vehicle in Transport,Pedestrian,3,True,City of Memphis,,,,,,,558.3440889313058,MILL STREAM DR,0.2535245681646892,30.0,2,B,MEMPHIS,SHELBY,City of Memphis,34846,0.2535245681646892
300860362,2023-01-11,2023-01-11 19:58:00,2023,1,Wednesday,19,35.1757,-89.89697,Suspected Serious Injury,Pedestrian,Not Intersection-On Roadway Crosswalk not Available,AccelDecelLane,Dark-Not Lighted,Not Collision with Motor Vehicle in Transport,Pedestrian,1,True,TDOT state route,COVINGTON PIKE,Principal Arterial,45.0,2.0,204,1.0,1.1044918418610985,COVINGTON PIKE,0.0837183256763394,45.0,2,FT,MEMPHIS,SHELBY,TDOT,47968,0.08371832567633943
300860817,2023-01-12,2023-01-12 14:00:00,2023,1,Thursday,14,35.151516,-89.89816,No Injury,Other Non-Motorist,Intersection-Unknown,Intersection,Daylight,Not Collision with Motor Vehicle in Transport,Other,1,True,City of Memphis,,,,,,,319.5450831720526,BOWEN AVE,21.00925470496488,30.0,2,B,MEMPHIS,SHELBY,City of Memphis,6841,21.009254704964878
300861535,2023-01-18,2023-01-18 09:20:00,2023,1,Wednesday,9,35.086098,-89.9416,Possible Injury,Pedestrian,Unknown,Non-Junction,Daylight,Not Collision with Motor Vehicle in Transport,Other,2,True,City of Memphis,,,,,,,1126.9386984706755,SHARPE AVE,20.70109216792221,35.0,2,B,MEMPHIS,SHELBY,City of Memphis,5723,20.701092167922212
300858269,2023-01-01,2023-01-01 21:41:00,2023,1,Sunday,21,35.02959,-90.01794,Possible Injury,Pedestrian,Not Intersection-On Roadway Not In Crosswalk,AccelDecelLane,Dark-Not Lighted,Not Collision with Motor Vehicle in Transport,Pedestrian,1,True,City of Memphis,,,,,,,660.7740506685366,FINLEY RD,21.99465774786994,35.0,2,B,MEMPHIS,SHELBY,City of Memphis,72380,21.99465774786994
300860889,2023-01-14,2023-01-14 16:05:00,2023,1,Saturday,16,35.136528,-90.05566,Possible Injury,Pedestrian,Intersection-In Crosswalk,Intersection-Related,Daylight,Not Collision with Motor Vehicle in Transport,Pedestrian,1,True,City of Memphis,S SECOND ST,Minor Arterial,35.0,2.0,14,6.0,2.2253796857439303,VANCE AVE,0.411549568357195,30.0,3,B,MEMPHIS,SHELBY,TDOT,3305,0.41154956835719503