MstrRecNbrTxt,CollisionDate,CollisionDteTime,YearNmb,Month,DayOfWeek,Hour,Latitude,Longitude,InjuryClass,PersonType,NonMotoristLocation,RelationToJunction,LightCondition,MannerOfCollision,FirstHarmfulEvent,VictimsInCrash,InMemphis,Jurisdiction,StateRoute_NAME,StateRoute_F_System,StateRoute_SPDLIMIT,StateRoute_LANES,StateRoute_ALTNAME_1,StateRoute_Council_District,DistToStateRoute_m,Street_Name,DistToStreet_m,Street_SPDLIMIT,Street_LANES,Street_ONEWAY,Street_CITY_L,Street_COUNTY_L,Jurisdiction_prev,Seg_OBJECTID,DistToSeg_m
300859928,2023-01-09,2023-01-09 12:40:00,2023,1,Monday,12,35.066715,-89.83936,Possible Injury,Pedestrian,Not Intersection-Adjacent to Roadway,SharedUsePathOrTrail,Daylight,Not Collision with Motor Vehicle in Transport,Pedestrian,1,True,City of Memphis,,,,,,,201.2033522555243,QUINCE RD,5.450015158932939,45.0,3,B,MEMPHIS,SHELBY,City of Memphis,52341,5.450015158932939
300859924,2023-01-09,2023-01-09 15:52:00,2023,1,Monday,15,35.04934,-89.88578,No Injury,Pedestrian,Not Intersection-On Roadway Not In Crosswalk,AccelDecelLane,Daylight,Not Collision with Motor Vehicle in Transport,Pedestrian,1,True,City of Memphis,,,,,,,2814.3362697195826,S MENDENHALL RD,42.31899446190003,45.0,7,B,MEMPHIS,SHELBY,City of Memphis,49405,42.31899446190003
300861083,2023-01-15,2023-01-15 03:04:00,2023,1,Sunday,3,35.19199,-90.007965,Possible Injury,Pedestrian,Not Intersection-Unknown,Unknown,Dark-Not Lighted,Not Collision with Motor Vehicle in Transport,Pedestrian,1,True,City of Memphis,,,,,,,2466.16193169006,N WATKINS ST,0.1967875824360946,50.0,5,B,MEMPHIS,SHELBY,City of Memphis,52585,0.19678758243609468
300861622,2023-01-16,2023-01-16 20:10:00,2023,1,Monday,20,35.085697,-89.90716,Suspected Serious Injury,Pedestrian,Intersection-On Roadway Crosswalk Not Available,Non-Junction,Dark-Lighted,Front to Rear,Other,1,True,City of Memphis,,,,,,,2276.6273295216047,WILLOW RD,0.1848576927063887,35.0,2,B,MEMPHIS,SHELBY,City of Memphis,51486,0.18485769270638872
300859656,2023-01-07,2023-01-07 19:40:00,2023,1,Saturday,19,35.099323,-89.84542,Possible Injury,Pedestrian,Intersection-On Roadway Crosswalk availability Unknown,Intersection,Dark-Lighted,Not Collision with Motor Vehicle in Transport,Pedestrian,2,True,TDOT state route,POPLAR AVE,Principal Arterial,40.0,7.0,57,2.0,3.6282573727104,POPLAR AVE,0.8959596700966981,40.0,7,B,MEMPHIS,SHELBY,TDOT,46254,0.8959596700966981
300859667,2023-01-07,2023-01-07 18:55:00,2023,1,Saturday,18,35.033012,-90.02144,Possible Injury,Pedestrian,Intersection-On Roadway Crosswalk Not Available,Intersection,Dark-Not Lighted,Not Collision with Motor Vehicle in Transport,Pedestrian,1,True,City of Memphis,,,,,,,340.6193832991055,WESLEY DR,70.68336639177157,30.0,2,B,MEMPHIS,SHELBY,City of Memphis,27304,70.68336639177157
300858949,2023-01-04,2023-01-04 15:10:00,2023,1,Wednesday,15,35.11676,-90.03054,Possible Injury,Pedestrian,Not Intersection-On Roadway Crosswalk not Available,SharedUsePathOrTrail,Daylight,Not Collision with Motor Vehicle in Transport,Pedestrian,1,True,City of Memphis,,,,,,,816.8513402500857,SAXON AVE,17.62857019427685,30.0,2,B,MEMPHIS,SHELBY,City of Memphis,5066,17.62857019427685
300859466,2023-01-07,2023-01-07 00:03:00,2023,1,Saturday,0,35.14826,-90.043564,Possible Injury,Pedestrian,Intersection-On Roadway Crosswalk availability Unknown,Intersection,Dark-Lighted,Not Collision with Motor Vehicle in Transport,Pedestrian,1,True,City of Memphis,N DANNY THOMAS BLVD,Principal Arterial,35.0,7.0,1,7.0,1.394637586416222,POPLAR AVE,0.1784069825667112,35.0,5,B,MEMPHIS,SHELBY,TDOT,50319,0.1784069825667112
300858660,2023-01-02,2023-01-02 22:45:00,2023,1,Monday,22,35.234222,-89.925735,Suspected Serious Injury,Pedestrian,Not Intersection-On Roadway Not In Crosswalk,Intersection,Dark-Lighted,Not Collision with Motor Vehicle in Transport,Pedestrian,1,True,City of Memphis,,,,,,,2082.267352723347,RALEIGH MILLINGTON RD,0.1658858622650912,45.0,5,B,MEMPHIS,SHELBY,City of Memphis,47393,0.16588586226509125
300860961,2023-01-14,2023-01-14 18:35:00,2023,1,Saturday,18,35.06228,-89.88635,Possible Injury,Pedestrian,Not Intersection-On Roadway Not In Crosswalk,Intersection,Dark-Lighted,Not Collision with Motor Vehicle in Transport,Pedestrian,1,True,City of Memphis,,,,,,,2241.208860033212,KNIGHT ARNOLD RD,39.03630843992335,40.0,4,B,MEMPHIS,SHELBY,City of Memphis,52839,39.03630843992335
300860031,2023-01-03,2023-01-03 12:00:00,2023,1,Tuesday,12,35.077984,-90.02098,No Injury,Other Non-Motorist,Unknown,Non-Junction,Daylight,Not Collision with Motor Vehicle in Transport,Other,1,True,City of Memphis,,,,,,,129.39967633498196,E ALCY RD,16.149314039419714,35.0,2,B,MEMPHIS,SHELBY,City of Memphis,75728,16.149314039419714
300860549,2023-01-12,2023-01-12 20:20:00,2023,1,Thursday,20,35.06016,-89.84379,Possible Injury,Pedestrian,Intersection-In Crosswalk,Intersection-Related,Dark-Not Lighted,Not Collision with Motor Vehicle in Transport,Pedestrian,1,True,City of Memphis,,,,,,,561.9511437548804,KNIGHT ARNOLD RD,0.5733442806773509,40.0,7,B,MEMPHIS,SHELBY,City of Memphis,76434,0.5733442806773509
300859497,2023-01-07,2023-01-07 17:54:00,2023,1,Saturday,17,35.048244,-90.082054,Unknown,Pedestrian,Intersection-Unknown,Intersection,Dark-Lighted,Not Collision with Motor Vehicle in Transport,Pedestrian,1,True,City of Memphis,,,,,,,1525.0835637256698,FORD RD,34.95430274214538,30.0,2,B,MEMPHIS,SHELBY,City of Memphis,71849,34.95430274214538
300860561,2023-01-11,2023-01-11 20:00:00,2023,1,Wednesday,20,35.055153,-89.856476,Possible Injury,Pedestrian,Intersection-On Roadway Crosswalk Not Available,Non-Junction,Dawn,Not Collision with Motor Vehicle in Transport,Pedestrian,1,True,City of Memphis,,,,,,,1655.8834074223232,VILLAGE GREEN LN,67.36080291942329,25.0,2,B,MEMPHIS,SHELBY,City of Memphis,44271,67.36080291942329
300864771,2023-02-02,2023-02-02 22:00:00,2023,2,Thursday,22,35.046165,-90.0574,No Injury,Pedestrian,Not Intersection-Other Not On Roadway,Unknown,Unknown,Not Collision with Motor Vehicle in Transport,Other,1,True,City of Memphis,,,,,,,523.3576985319885,MARTY ST,22.002396932629185,30.0,2,B,MEMPHIS,SHELBY,City of Memphis,84084,22.002396932629182
300863294,2023-01-26,2023-01-26 18:44:00,2023,1,Thursday,18,35.221054,-89.96052,Possible Injury,Pedestrian,Intersection-On Roadway not in Crosswalk,Intersection,Dawn,Not Collision with Motor Vehicle in Transport,Pedestrian,1,True,City of Memphis,,,,,,,3781.197386858452,FRAYSER RALEIGH RD,0.1778811969004743,30.0,2,B,MEMPHIS,SHELBY,City of Memphis,72644,0.17788119690047438
300867899,2023-02-18,2023-02-18 19:47:00,2023,2,Saturday,19,35.128242,-90.06182,Possible Injury,Pedestrian,Intersection-In Crosswalk,Intersection,Dark-Lighted,Not Collision with Motor Vehicle in Transport,Pedestrian,1,True,City of Memphis,,,,,,,394.4880919375932,W CAROLINA AVE,0.2491862449188062,30.0,2,B,MEMPHIS,SHELBY,City of Memphis,6603,0.2491862449188062
300862283,2023-01-21,2023-01-21 19:47:00,2023,1,Saturday,19,35.13463,-90.04869,Possible Injury,Pedestrian,Not Intersection-Bike Path,AccelDecelLane,Dark-Lighted,Not Collision with Motor Vehicle in Transport,Pedestrian,1,True,City of Memphis,,,,,,,191.351397248328,FOOTE PARK PL,0.2291092473891776,25.0,2,B,MEMPHIS,SHELBY,City of Memphis,55483,0.22910924738917765
300866809,2023-02-12,2023-02-12 21:03:00,2023,2,Sunday,21,35.16381,-90.0092,Possible Injury,Pedestrian,Intersection-On Roadway Crosswalk Not Available,AccelDecelLane,Unknown,Not Collision with Motor Vehicle in Transport,Pedestrian,1,True,City of Memphis,,,,,,,538.5587598279825,GARLAND ST,23.83733268115269,30.0,2,B,MEMPHIS,SHELBY,City of Memphis,81179,23.837332681152695
300862071,2023-01-20,2023-01-20 17:00:00,2023,1,Friday,17,35.061424,-90.023605,Possible Injury,Pedestrian,Intersection-In Crosswalk,Intersection,Dusk,Not Collision with Motor Vehicle in Transport,Pedestrian,1,True,TDOT state route,ELVIS PRESLEY BLVD,Principal Arterial,40.0,6.0,3,6.0,1.88989526332768,ELVIS PRESLEY BLVD,0.7930746934791529,40.0,6,B,MEMPHIS,SHELBY,TDOT,46512,0.7930746934791529
300868423,2023-02-21,2023-02-21 09:40:00,2023,2,Tuesday,9,35.124565,-89.90786,Possible Injury,Pedestrian,Not Intersection-Adjacent to Roadway,Intersection,Daylight,Not Collision with Motor Vehicle in Transport,Pedestrian,1,True,City of Memphis,,,,,,,728.9457465203587,WOODMONT DR,6.227763191459252,30.0,2,B,MEMPHIS,SHELBY,City of Memphis,29639,6.2277631914592515
300867695,2023-02-17,2023-02-17 19:00:00,2023,2,Friday,19,35.06423,-89.845,Suspected Serious Injury,Pedestrian,Not Intersection-On Roadway Not In Crosswalk,Non-Junction,Dawn,Not Collision with Motor Vehicle in Transport,Pedestrian,1,True,City of Memphis,,,,,,,307.4659022138898,MOUNT MORIAH ROAD EXT,6.72747575134795,45.0,5,B,MEMPHIS,SHELBY,City of Memphis,49519,6.72747575134795
300863323,2023-01-26,2023-01-26 22:40:00,2023,1,Thursday,22,35.010193,-90.00763,No Injury,Pedestrian,Not Intersection-Unknown,Intersection-Related,Dark-Not Lighted,Angle,Other,1,True,City of Memphis,,,,,,,1206.1447141587255,HESTER RD,0.1181928549852505,30.0,2,B,MEMPHIS,SHELBY,City of Memphis,72409,0.1181928549852505
300867946,2023-02-19,2023-02-19 00:20:00,2023,2,Sunday,0,35.15307,-89.88861,Suspected Serious Injury,Pedestrian,Intersection-Unknown,Intersection,Dark-Lighted,Not Collision with Motor Vehicle in Transport,Pedestrian,1,True,City of Memphis,SUMMER AVE,Principal Arterial,40.0,7.0,1,5.0,2.9276120821757807,N WHITE STATION RD,0.0447245150045424,40.0,5,B,MEMPHIS,SHELBY,TDOT,51458,0.04472451500454242
300862832,2023-01-24,2023-01-24 16:05:00,2023,1,Tuesday,16,35.02104,-89.98982,Unknown,Pedestrian,Intersection-On Roadway not in Crosswalk,Intersection,Daylight,Not Collision with Motor Vehicle in Transport,Pedestrian,1,True,City of Memphis,E SHELBY DR,Principal Arterial,40.0,7.0,175,3.0,5.227872065290232,AIRWAYS BLVD,0.3459765279712413,45.0,7,B,MEMPHIS,SHELBY,TDOT,53447,0.34597652797124134
300862344,2023-01-22,2023-01-22 01:30:00,2023,1,Sunday,1,35.083305,-90.01855,Possible Injury,Pedestrian,Not Intersection-On Roadway Not In Crosswalk,Intersection,Dark-Lighted,Not Collision with Motor Vehicle in Transport,Pedestrian,1,True,City of Memphis,ELVIS PRESLEY BLVD,Minor Arterial,40.0,4.0,3,6.0,0.025171471139501,NORRIS RD,0.1245076336166819,40.0,4,B,MEMPHIS,SHELBY,TDOT,50977,0.12450763361668198
300861852,2023-01-18,2023-01-18 17:32:00,2023,1,Wednesday,17,35.085995,-89.96237,Possible Injury,Pedestrian,Intersection-On Roadway Crosswalk availability Unknown,Intersection-Related,Dark-Not Lighted,Not Collision with Motor Vehicle in Transport,Pedestrian,1,True,City of Memphis,LAMAR AVE,Principal Arterial,40.0,5.0,4,4.0,3.2955919255992128,SEMMES ST,0.2076480411248226,30.0,5,B,MEMPHIS,SHELBY,TDOT,82735,0.20764804112482266
300862589,2023-01-23,2023-01-23 08:00:00,2023,1,Monday,8,35.057922,-90.08071,Suspected Minor Injury,Other Non-Motorist,Unknown,AccelDecelLane,Daylight,Not Collision with Motor Vehicle in Transport,Pedestrian,2,True,City of Memphis,,,,,,,1901.0869151816253,FORD RD,11.837558977431048,35.0,2,B,MEMPHIS,SHELBY,City of Memphis,71856,11.837558977431048
300867963,2023-02-16,2023-02-16 18:00:00,2023,2,Thursday,18,35.145138,-90.031746,Possible Injury,Pedestrian,Intersection-Unknown,Unknown,Unknown,Unknown,Other,1,True,City of Memphis,,,,,,,740.9813598882411,POPLAR AVE,34.890435608728744,40.0,7,B,MEMPHIS,SHELBY,City of Memphis,50350,34.890435608728744
300862887,2023-01-23,2023-01-23 17:48:00,2023,1,Monday,17,35.062195,-89.85703,Suspected Serious Injury,Pedestrian,Intersection-In Crosswalk,Intersection,Dawn,Not Collision with Motor Vehicle in Transport,Pedestrian,1,True,City of Memphis,,,,,,,961.0805311888058,BELLE FOREST DR,0.9940387012975016,30.0,2,B,MEMPHIS,SHELBY,City of Memphis,26254,0.9940387012975016
300867496,2023-02-16,2023-02-16 18:10:00,2023,2,Thursday,18,35.158142,-90.01176,Suspected Minor Injury,Pedestrian,Intersection-On Roadway not in Crosswalk,AccelDecelLane,Dark-Not Lighted,Not Collision with Motor Vehicle in Transport,Pedestrian,1,True,TDOT state route,JACKSON AVE,Principal Arterial,35.0,4.0,14,7.0,4.859198920869678,JACKSON AVE,0.251910251964106,35.0,4,B,MEMPHIS,SHELBY,TDOT,46790,0.25191025196410605
300864461,2023-01-21,2023-01-21 23:19:00,2023,1,Saturday,23,35.083454,-90.02569,Possible Injury,Pedestrian,Not Intersection-Adjacent to Roadway,Entrance/Exit Ramp Related,Dark-Not Lighted,Not Collision with Motor Vehicle in Transport,Pedestrian,1,True,City of Memphis,,,,,,,649.8630810089344,NORRIS RD,0.2932612253291314,40.0,5,B,MEMPHIS,SHELBY,City of Memphis,50953,0.2932612253291314
300862673,2023-01-23,2023-01-23 19:30:00,2023,1,Monday,19,35.21309,-90.00359,Possible Injury,Pedestrian,Intersection-In Crosswalk,Intersection,Dark-Lighted,Not Collision with Motor Vehicle in Transport,Pedestrian,1,True,City of Memphis,,,,,,,2247.451389386244,N WATKINS ST,1.4001628904015444,40.0,5,B,MEMPHIS,SHELBY,City of Memphis,49874,1.4001628904015444
300862268,2023-01-21,2023-01-21 15:50:00,2023,1,Saturday,15,35.20146,-90.007744,Suspected Minor Injury,Pedestrian,Not Intersection-On Roadway Not In Crosswalk,Intersection-Related,Daylight,Angle,Other,1,True,City of Memphis,,,,,,,2386.900657196444,OBERLE AVE,0.5646018111707996,30.0,2,B,MEMPHIS,SHELBY,City of Memphis,2753,0.5646018111707996
300865750,2023-02-08,2023-02-08 00:20:00,2023,2,Wednesday,0,35.0533,-89.99128,Suspected Serious Injury,Pedestrian,Not Intersection-On Roadway Not In Crosswalk,Non-Junction,Dark-Lighted,Not Collision with Motor Vehicle in Transport,Pedestrian,1,True,City of Memphis,,,,,,,3069.112007722229,WINCHESTER RD,0.243055540990609,40.0,7,B,MEMPHIS,SHELBY,City of Memphis,49820,0.243055540990609
300866299,2023-02-10,2023-02-10 14:21:00,2023,2,Friday,14,35.021023,-90.00753,Possible Injury,Pedestrian,Intersection-Not on Roadway,Intersection,Daylight,Angle,Other,1,True,City of Memphis,E SHELBY DR,Minor Arterial,40.0,7.0,175,3.0,4.930182143371714,MILLBRANCH RD,0.1033145586825456,40.0,7,B,MEMPHIS,SHELBY,TDOT,49769,0.10331455868254565
300864254,2023-01-30,2023-01-30 20:40:00,2023,1,Monday,20,35.1069,-90.02119,Suspected Minor Injury,Pedestrian,Not Intersection-On Roadway Crosswalk Availability Unknown,Intersection,Dark-Lighted,Not Collision with Motor Vehicle in Transport,Pedestrian,1,True,City of Memphis,ELVIS PRESLEY BLVD,Minor Arterial,40.0,4.0,3,4.0,1.141694593306949,KERR AVE,0.0553073224531724,35.0,3,B,MEMPHIS,SHELBY,TDOT,5121,0.055307322453172464
300864280,2023-01-28,2023-01-28 14:35:00,2023,1,Saturday,14,35.0133,-90.09468,Fatal,Pedestrian,Not Intersection-On Roadway Not In Crosswalk,Non-Junction,Daylight,Not Collision with Motor Vehicle in Transport,Pedestrian,1,True,TDOT state route,,,,,,,50.20447705938295,S THIRD ST,47.08365754568184,45.0,4,B,MEMPHIS,SHELBY,City of Memphis,46461,47.08365754568184
300863500,2023-01-27,2023-01-27 19:13:00,2023,1,Friday,19,35.09297,-89.93103,Suspected Serious Injury,Pedestrian,Intersection-On Roadway not in Crosswalk,AccelDecelLane,Dark-Lighted,Not Collision with Motor Vehicle in Transport,Pedestrian,1,True,City of Memphis,,,,,,,1385.7381949570763,KIMBALL AVE,0.3529840043630466,40.0,2,B,MEMPHIS,SHELBY,City of Memphis,5893,0.35298400436304667
300866060,2023-02-08,2023-02-08 19:00:00,2023,2,Wednesday,19,35.106213,-89.969765,Possible Injury,Pedestrian,Intersection-On Roadway not in Crosswalk,Non-Junction,Dark-Lighted,Not Collision with Motor Vehicle in Transport,Pedestrian,1,True,City of Memphis,,,,,,,913.2343312224942,SELECT AVE,0.1283205971042108,30.0,2,B,MEMPHIS,SHELBY,City of Memphis,5397,0.12832059710421082
300864284,2023-01-31,2023-01-31 17:30:00,2023,1,Tuesday,17,35.15775,-90.02433,Possible Injury,Pedestrian,Not Intersection-Unknown,Non-Junction,Daylight,Not Collision with Motor Vehicle in Transport,Other,1,True,TDOT state route,,,,,,,51.37163207397424,JACKSON AVE,55.935389562079486,35.0,5,B,MEMPHIS,SHELBY,City of Memphis,46761,55.935389562079486
300863228,2023-01-26,2023-01-26 16:20:00,2023,1,Thursday,16,35.122772,-89.99094,Possible Injury,Pedestrian,Not Intersection-On Roadway Not In Crosswalk,Intersection,Dawn,Not Collision with Motor Vehicle in Transport,Pedestrian,1,True,City of Memphis,,,,,,,607.2186180082374,EVELYN AVE,0.5622560184865704,30.0,2,B,MEMPHIS,SHELBY,City of Memphis,4258,0.5622560184865704
300863989,2023-01-30,2023-01-30 06:50:00,2023,1,Monday,6,35.175808,-89.76771,No Injury,Pedestrian,Not Intersection-Outside Traffic,Intersection-Related,Daylight,Not Collision with Motor Vehicle in Transport,Other,1,True,City of Memphis,,,,,,,2301.3109606333924,OVERLEA CV,0.4827697515851392,25.0,2,B,MEMPHIS,SHELBY,City of Memphis,15910,0.4827697515851392
300867018,2023-02-14,2023-02-14 18:05:00,2023,2,Tuesday,18,35.135986,-90.020706,Suspected Serious Injury,Pedestrian,Intersection-On Roadway Crosswalk availability Unknown,Intersection,Dark-Lighted,Not Collision with Motor Vehicle in Transport,Pedestrian,1,True,City of Memphis,S BELLEVUE BLVD,Major Collector,35.0,4.0,3,6.0,0.0664531757157517,EASTMORELAND AVE,0.2274062506290874,30.0,2,B,MEMPHIS,SHELBY,TDOT,3726,0.2274062506290874
300873679,2023-03-16,2023-03-16 21:30:00,2023,3,Thursday,21,35.10955,-90.021736,Possible Injury,Pedestrian,Not Intersection-On Roadway Not In Crosswalk,Crossover-Related,Dark-Lighted,Not Collision with Motor Vehicle in Transport,Pedestrian,1,True,City of Memphis,ELVIS PRESLEY BLVD,Minor Arterial,35.0,5.0,3,4.0,1.237786142674003,S PARKWAY E,0.1733265864097564,35.0,5,B,MEMPHIS,SHELBY,TDOT,53274,0.17332658640975643
300870763,2023-03-03,2023-03-03 08:30:00,2023,3,Friday,8,35.149506,-89.90439,Possible Injury,Pedestrian,Intersection-In Crosswalk,Intersection,Daylight,Not Collision with Motor Vehicle in Transport,Pedestrian,1,True,TDOT state route,,,,,,,91.61969892945676,SUMMER AVE,96.27618480023013,40.0,7,B,MEMPHIS,SHELBY,City of Memphis,47110,96.27618480023013
300869507,2023-02-25,2023-02-25 10:00:00,2023,2,Saturday,10,35.151417,-89.98071,Possible Injury,Pedestrian,Intersection-In Crosswalk,Intersection,Daylight,Not Collision with Motor Vehicle in Transport,Pedestrian,1,True,TDOT state route,,,,,,,41.71929117188468,N TREZEVANT ST,40.90126637659609,40.0,4,B,MEMPHIS,SHELBY,City of Memphis,48089,40.90126637659609
300871066,2023-03-04,2023-03-04 10:08:00,2023,3,Saturday,10,35.091415,-89.90695,No Injury,Pedestrian,Not Intersection-Outside Traffic,Intersection,Daylight,Angle,Other,1,True,City of Memphis,,,,,,,2530.603829056625,S PERKINS RD,0.3756989138417863,35.0,4,B,MEMPHIS,SHELBY,City of Memphis,51498,0.37569891384178633
300870152,2023-02-28,2023-02-28 23:10:00,2023,2,Tuesday,23,35.083065,-89.93171,Suspected Serious Injury,Pedestrian,Not Intersection-On Roadway Not In Crosswalk,Non-Junction,Dark-Lighted,Not Collision with Motor Vehicle in Transport,Pedestrian,1,True,City of Memphis,,,,,,,288.9813946539055,GETWELL RD,41.04552473580102,40.0,7,B,MEMPHIS,SHELBY,City of Memphis,53672,41.04552473580102
300870798,2023-03-01,2023-03-01 20:20:00,2023,3,Wednesday,20,35.02046,-90.0481,Fatal,Pedestrian,Not Intersection-On Roadway Not In Crosswalk,Non-Junction,Dark-Not Lighted,Not Collision with Motor Vehicle in Transport,Pedestrian,1,True,City of Memphis,,,,,,,46.24652005857063,DALTON RD,23.872929828948504,30.0,2,B,MEMPHIS,SHELBY,City of Memphis,74803,23.872929828948504
300870841,2023-03-02,2023-03-02 21:25:00,2023,3,Thursday,21,35.050034,-89.86632,No Injury,Other Non-Motorist,Not Intersection-On Roadway Not In Crosswalk,Intersection,Dark-Lighted,Angle,Other,1,True,City of Memphis,,,,,,,2540.978528261106,WINCHESTER RD,1.413892856487427,45.0,7,B,MEMPHIS,SHELBY,City of Memphis,53043,1.4138928564874267
300871117,2023-03-05,2023-03-05 01:05:00,2023,3,Sunday,1,35.18188,-89.79283,Possible Injury,Pedestrian,Not Intersection-On Roadway Not In Crosswalk,Non-Junction,Dark-Unknown Lighting,Not Collision with Motor Vehicle in Transport,Pedestrian,1,True,City of Memphis,N GERMANTOWN PKWY,Principal Arterial,50.0,6.0,177,1.0,0.2018291166278762,AMBERGATE LN,0.327862581410122,30.0,2,B,MEMPHIS,SHELBY,TDOT,44146,0.32786258141012203
300871977,2023-03-08,2023-03-08 17:05:00,2023,3,Wednesday,17,35.100784,-89.97206,Possible Injury,Pedestrian,Intersection-On Roadway not in Crosswalk,Intersection,Dawn,Not Collision with Motor Vehicle in Transport,Pedestrian,1,True,City of Memphis,,,,,,,292.59239367790923,BARRON AVE,0.217343743756556,35.0,2,B,MEMPHIS,SHELBY,City of Memphis,51036,0.21734374375655602
300874516,2023-03-21,2023-03-21 15:45:00,2023,3,Tuesday,15,35.139824,-89.80343,Possible Injury,Pedestrian,Intersection-On Roadway not in Crosswalk,Intersection-Related,Daylight,Not Collision with Motor Vehicle in Transport,Pedestrian,1,True,City of Memphis,,,,,,,701.1721769699735,TRINITY RD,0.36062558096372,45.0,3,B,MEMPHIS,SHELBY,City of Memphis,51741,0.36062558096372
300864056,2023-01-23,2023-01-23 20:15:00,2023,1,Monday,20,35.050297,-89.87499,No Injury,Pedestrian,Not Intersection-Outside Traffic,AccelDecelLane,Dark-Lighted,Not Collision with Motor Vehicle in Transport,Other,1,True,City of Memphis,,,,,,,2918.6298902878225,WINCHESTER RD,0.2254515550765765,45.0,7,B,MEMPHIS,SHELBY,City of Memphis,49423,0.22545155507657655
300870580,2023-03-02,2023-03-02 20:15:00,2023,3,Thursday,20,35.137314,-89.994194,Suspected Serious Injury,Pedestrian,Intersection-In Crosswalk,Intersection,Dark-Lighted,Not Collision with Motor Vehicle in Transport,Pedestrian,1,True,City of Memphis,,,,,,,297.3456598905418,N MORRISON ST,23.372840139878672,30.0,2,B,MEMPHIS,SHELBY,City of Memphis,81577,23.372840139878672
300868788,2023-02-23,2023-02-23 03:15:00,2023,2,Thursday,3,35.226337,-90.02248,Possible Injury,Pedestrian,Not Intersection-On Roadway Not In Crosswalk,Non-Junction,Dark-Lighted,Not Collision with Motor Vehicle in Transport,Pedestrian,1,True,City of Memphis,THOMAS ST,,40.0,2.0,3,7.0,2.07890929853068,CRESTON AVE,0.2854966907670861,30.0,2,B,MEMPHIS,SHELBY,TDOT,2698,0.2854966907670861
300868671,2023-02-20,2023-02-20 20:00:00,2023,2,Monday,20,35.142185,-89.913795,Possible Injury,Pedestrian,Not Intersection-Adjacent to Roadway,"Driveway, Alley Access, etc",Dark-Unknown Lighting,Other,Other,1,True,City of Memphis,,,,,,,742.3751022892592,SEQUOIA AVE,29.389989298360373,30.0,2,B,MEMPHIS,SHELBY,City of Memphis,6110,29.389989298360373
300873572,2023-03-16,2023-03-16 21:09:00,2023,3,Thursday,21,35.067947,-89.84247,Suspected Serious Injury,Pedestrian,Not Intersection-On Roadway Not In Crosswalk,Non-Junction,Daylight,Not Collision with Motor Vehicle in Transport,Pedestrian,1,True,City of Memphis,,,,,,,147.77291105618804,QUINCE RD,40.194638557957205,45.0,4,B,MEMPHIS,SHELBY,City of Memphis,52744,40.194638557957205
300869980,2023-02-28,2023-02-28 07:30:00,2023,2,Tuesday,7,35.09506,-90.07175,Suspected Serious Injury,Pedestrian,Intersection-In Crosswalk,Non-Junction,Daylight,Not Collision with Motor Vehicle in Transport,Pedestrian,1,True,City of Memphis,,,,,,,1440.6327302365282,JOUBERT AVE,50.13762149723461,30.0,2,B,MEMPHIS,SHELBY,City of Memphis,4596,50.13762149723461
300869437,2023-02-25,2023-02-25 21:29:00,2023,2,Saturday,21,35.053326,-90.02045,Possible Injury,Pedestrian,Intersection-On Roadway not in Crosswalk,Intersection,Dark-Lighted,Not Collision with Motor Vehicle in Transport,Pedestrian,1,True,City of Memphis,,,,,,,418.37472352027993,ROYAL OAKS CV,62.58265034706266,35.0,2,B,MEMPHIS,SHELBY,City of Memphis,15075,62.58265034706266
300869117,2023-02-20,2023-02-20 18:30:00,2023,2,Monday,18,35.06238,-89.90577,Possible Injury,Pedestrian,Intersection-On Roadway not in Crosswalk,Intersection,Dawn,Not Collision with Motor Vehicle in Transport,Pedestrian,1,True,City of Memphis,,,,,,,2133.1923531889306,S PERKINS RD,0.2129291738938984,40.0,2,FT,MEMPHIS,SHELBY,City of Memphis,49376,0.21292917389389848
300871759,2023-03-08,2023-03-08 00:15:00,2023,3,Wednesday,0,35.127785,-89.94525,Suspected Serious Injury,Pedestrian,Intersection-In Crosswalk,Intersection,Dark-Lighted,Not Collision with Motor Vehicle in Transport,Pedestrian,1,True,TDOT state route,POPLAR AVE,Principal Arterial,40.0,7.0,57,5.0,4.8265396384912655,POPLAR AVE,0.3687807402887316,40.0,7,B,MEMPHIS,SHELBY,TDOT,48496,0.3687807402887316
300873088,2023-03-14,2023-03-14 06:02:00,2023,3,Tuesday,6,35.216984,-89.90984,Possible Injury,Pedestrian,Not Intersection-Outside Traffic,Intersection,Dark-Lighted,Not Collision with Motor Vehicle in Transport,Pedestrian,1,True,City of Memphis,,,,,,,248.13680391952343,PLATO AVE,100.87993894050962,30.0,2,B,MEMPHIS,SHELBY,City of Memphis,3107,100.87993894050962
300869176,2023-02-20,2023-02-20 20:51:00,2023,2,Monday,20,35.23399,-89.89301,Possible Injury,Pedestrian,Intersection-Unknown,AccelDecelLane,Dawn,Not Collision with Motor Vehicle in Transport,Pedestrian,1,True,TDOT state route,,,,,,,62.9896923887765,NEW COVINGTON PIKE,65.9515079247413,45.0,5,B,MEMPHIS,SHELBY,City of Memphis,48076,65.9515079247413