MstrRecNbrTxt,CollisionDate,CollisionDteTime,YearNmb,Month,DayOfWeek,Hour,Latitude,Longitude,InjuryClass,PersonType,NonMotoristLocation,RelationToJunction,LightCondition,MannerOfCollision,FirstHarmfulEvent,VictimsInCrash,InMemphis,Jurisdiction,StateRoute_NAME,StateRoute_F_System,StateRoute_SPDLIMIT,StateRoute_LANES,StateRoute_ALTNAME_1,StateRoute_Council_District,DistToStateRoute_m,Street_Name,DistToStreet_m,Street_SPDLIMIT,Street_LANES,Street_ONEWAY,Street_CITY_L,Street_COUNTY_L,Jurisdiction_prev,Seg_OBJECTID,DistToSeg_m
300868831,2023-02-17,2023-02-17 20:00:00,2023,2,Friday,20,35.14714,-90.050514,Possible Injury,Pedestrian,Intersection-On Roadway Crosswalk availability Unknown,Non-Junction,Dark-Lighted,Not Collision with Motor Vehicle in Transport,Pedestrian,1,True,TDOT state route,N SECOND ST,Minor Arterial,35.0,3.0,3,6.0,12.139923353682878,N SECOND ST,10.458325464266128,35.0,3,TF,MEMPHIS,SHELBY,TDOT,50292,10.458325464266128
300868833,2023-02-23,2023-02-23 08:00:00,2023,2,Thursday,8,35.07851,-89.85198,Possible Injury,Pedestrian,Intersection-In Crosswalk,Intersection,Daylight,Not Collision with Motor Vehicle in Transport,Pedestrian,1,True,City of Memphis,,,,,,,828.846204649922,QUINCE RD,83.07281604125146,40.0,5,B,MEMPHIS,SHELBY,City of Memphis,52876,83.07281604125146
300870934,2023-03-03,2023-03-03 13:29:00,2023,3,Friday,13,35.061687,-90.02356,No Injury,Pedestrian,Intersection-In Crosswalk,Intersection,Daylight,Not Collision with Motor Vehicle in Transport,Pedestrian,1,True,City of Memphis,ELVIS PRESLEY BLVD,Principal Arterial,40.0,6.0,3,6.0,0.3988418671522159,E BROOKS RD,0.337237215664418,45.0,5,B,MEMPHIS,SHELBY,TDOT,49725,0.33723721566441806
300872885,2023-03-13,2023-03-13 09:05:00,2023,3,Monday,9,35.11621,-89.94114,Possible Injury,Pedestrian,Intersection-On Roadway Crosswalk availability Unknown,Unknown,Daylight,Not Collision with Motor Vehicle in Transport,Pedestrian,1,True,City of Memphis,,,,,,,1156.135705316395,PATTERSON ST,6.055403031686756,30.0,2,B,MEMPHIS,SHELBY,City of Memphis,84853,6.0554030316867555
300872411,2023-03-09,2023-03-09 20:00:00,2023,3,Thursday,20,35.138493,-90.04675,Possible Injury,Pedestrian,Intersection-Unknown,OtherLocation,Dark-Lighted,Not Collision with Motor Vehicle in Transport,Pedestrian,1,True,City of Memphis,,,,,,,81.02270173520364,BEALE ST,60.42436680958916,35.0,2,B,MEMPHIS,SHELBY,City of Memphis,84354,60.42436680958916
300873132,2023-03-14,2023-03-14 16:25:00,2023,3,Tuesday,16,35.145554,-90.0541,Possible Injury,Pedestrian,Intersection-In Crosswalk,Intersection,Daylight,Not Collision with Motor Vehicle in Transport,Pedestrian,1,True,City of Memphis,,,,,,,244.60647152698743,S FRONT ST,0.0807195508923664,30.0,5,B,MEMPHIS,SHELBY,City of Memphis,80516,0.08071955089236649
300874120,2023-03-19,2023-03-19 20:00:00,2023,3,Sunday,20,35.05527,-90.06011,Possible Injury,Pedestrian,Intersection-On Roadway Crosswalk Not Available,Intersection,Dark-Lighted,Not Collision with Motor Vehicle in Transport,Pedestrian,1,True,City of Memphis,S THIRD ST,Principal Arterial,45.0,7.0,14,6.0,0.6584498041918765,E MITCHELL RD,0.2642259429324237,45.0,7,B,MEMPHIS,SHELBY,TDOT,49641,0.26422594293242374
300870394,2023-03-01,2023-03-01 19:51:00,2023,3,Wednesday,19,35.161568,-89.911835,Suspected Serious Injury,Pedestrian,Not Intersection-On Roadway Crosswalk not Available,Non-Junction,Dark-Lighted,Not Collision with Motor Vehicle in Transport,Pedestrian,1,True,City of Memphis,,,,,,,1209.6563479836586,MACON RD,39.859701284880266,40.0,4,B,MEMPHIS,SHELBY,City of Memphis,51426,39.859701284880266
300871258,2023-03-05,2023-03-05 15:30:00,2023,3,Sunday,15,35.217564,-90.00319,Possible Injury,Pedestrian,Intersection-Not on Roadway,Unknown,Daylight,Not Collision with Motor Vehicle in Transport,Pedestrian,1,True,City of Memphis,,,,,,,2000.122896875299,FRAYSER BLVD,2.32846196544491,40.0,5,B,MEMPHIS,SHELBY,City of Memphis,49878,2.32846196544491
300869750,2023-02-27,2023-02-27 12:49:00,2023,2,Monday,12,35.079403,-89.98616,Possible Injury,Pedestrian,Intersection-In Crosswalk,Intersection,Daylight,Not Collision with Motor Vehicle in Transport,Pedestrian,1,True,City of Memphis,,,,,,,2205.6649140461814,KETCHUM RD,39.616737592099,40.0,4,B,MEMPHIS,SHELBY,City of Memphis,51003,39.616737592099
300869268,2023-02-25,2023-02-25 03:00:00,2023,2,Saturday,3,35.14938,-89.95565,Suspected Serious Injury,Pedestrian,Not Intersection-On Roadway Not In Crosswalk,Non-Junction,Dark-Lighted,Not Collision with Motor Vehicle in Transport,Pedestrian,1,True,TDOT state route,SUMMER AVE,Principal Arterial,35.0,5.0,1,5.0,4.891167395213143,SUMMER AVE,0.2370091643193906,35.0,5,B,MEMPHIS,SHELBY,TDOT,47032,0.2370091643193906
300868932,2023-02-23,2023-02-23 16:20:00,2023,2,Thursday,16,35.11564,-90.054596,Suspected Minor Injury,Pedestrian,Intersection-On Roadway not in Crosswalk,Intersection,Daylight,Not Collision with Motor Vehicle in Transport,Pedestrian,1,True,City of Memphis,,,,,,,57.15375680002511,E MCLEMORE AVE,43.36710712343107,35.0,2,B,MEMPHIS,SHELBY,City of Memphis,53309,43.36710712343107
300880468,2023-04-17,2023-04-17 02:14:00,2023,4,Monday,2,35.174213,-89.9309,No Injury,Pedestrian,Not Intersection-Outside Traffic,Non-Junction,Dark-Lighted,Not Collision with Motor Vehicle in Transport,Other,1,True,City of Memphis,,,,,,,723.4522179328081,TENNYSON RD,0.1813840820708152,30.0,2,B,MEMPHIS,SHELBY,City of Memphis,76968,0.18138408207081527
300876479,2023-03-30,2023-03-30 00:00:00,2023,3,Thursday,99,35.14544,-89.97798,Possible Injury,Pedestrian,Intersection-On Roadway not in Crosswalk,Intersection,Unknown,Not Collision with Motor Vehicle in Transport,Pedestrian,1,True,City of Memphis,,,,,,,378.9935011078309,N HOLLYWOOD ST,0.002229432195207,35.0,2,B,MEMPHIS,SHELBY,City of Memphis,84634,0.0022294321952070926
300878793,2023-04-02,2023-04-02 21:10:00,2023,4,Sunday,21,35.182835,-89.87134,Suspected Serious Injury,Pedestrian,Not Intersection-On Roadway Crosswalk not Available,AccelDecelLane,Dark-Lighted,Not Collision with Motor Vehicle in Transport,Pedestrian,1,True,City of Memphis,,,,,,,970.4658877226198,RALEIGH LAGRANGE RD,0.2150422711989839,45.0,5,B,MEMPHIS,SHELBY,City of Memphis,52275,0.2150422711989839
300879049,2023-04-10,2023-04-10 17:00:00,2023,4,Monday,17,35.211857,-90.03223,Possible Injury,Pedestrian,Intersection-On Roadway not in Crosswalk,Unknown,Daylight,Not Collision with Motor Vehicle in Transport,Pedestrian,1,True,City of Memphis,THOMAS ST,,40.0,2.0,3,7.0,0.1308764148219398,MARSH AVE,0.0138907516441958,30.0,2,B,MEMPHIS,SHELBY,TDOT,2674,0.01389075164419584
300875404,2023-03-25,2023-03-25 05:47:00,2023,3,Saturday,5,35.064396,-90.05854,Possible Injury,Pedestrian,Intersection-Unknown,Unknown,Dark-Lighted,Not Collision with Motor Vehicle in Transport,Pedestrian,1,True,City of Memphis,,,,,,,48.61238176517109,EASTMAN RD,39.34380139640311,30.0,2,B,MEMPHIS,SHELBY,City of Memphis,72109,39.34380139640311
300874593,2023-03-21,2023-03-21 19:58:00,2023,3,Tuesday,19,35.1364,-90.0123,Possible Injury,Pedestrian,Not Intersection-On Roadway Not In Crosswalk,Non-Junction,Dark-Not Lighted,Not Collision with Motor Vehicle in Transport,Pedestrian,1,True,TDOT state route,UNION AVE,Principal Arterial,35.0,6.0,23,5.0,4.789465351720647,UNION AVE,0.2050990084569544,35.0,6,B,MEMPHIS,SHELBY,TDOT,46785,0.20509900845695447
300875439,2023-03-21,2023-03-21 19:51:00,2023,3,Tuesday,19,35.136389,-90.012102,Fatal,Pedestrian,Intersection-On Roadway not in Crosswalk,Non-Junction,Dark-Not Lighted,Not Collision with Motor Vehicle in Transport,Pedestrian,1,True,TDOT state route,UNION AVE,Principal Arterial,35.0,6.0,23,5.0,3.893781361960777,UNION AVE,0.697002401984803,35.0,6,B,MEMPHIS,SHELBY,TDOT,46786,0.697002401984803
300880044,2023-04-13,2023-04-13 18:15:00,2023,4,Thursday,18,35.21955,-90.019714,Suspected Serious Injury,Pedestrian,Not Intersection-On Roadway Not In Crosswalk,Non-Junction,Daylight,Not Collision with Motor Vehicle in Transport,Pedestrian,2,True,City of Memphis,,,,,,,633.6922081122914,MADEWELL DR,9.49776854998523,30.0,2,B,MEMPHIS,SHELBY,City of Memphis,27726,9.49776854998523
300879716,2023-04-12,2023-04-12 19:20:00,2023,4,Wednesday,19,35.233414,-89.96662,Suspected Serious Injury,Pedestrian,Not Intersection-On Roadway Not In Crosswalk,Non-Junction,Dark-Lighted,Not Collision with Motor Vehicle in Transport,Pedestrian,1,True,City of Memphis,,,,,,,3719.372030467208,SAINT ELMO AVE,0.1922765538474777,35.0,2,B,MEMPHIS,SHELBY,City of Memphis,3006,0.19227655384747777
300875686,2023-03-26,2023-03-26 16:55:00,2023,3,Sunday,16,35.216885,-90.03026,Suspected Serious Injury,Pedestrian,Not Intersection-On Roadway Not In Crosswalk,Intersection-Related,Daylight,Not Collision with Motor Vehicle in Transport,Pedestrian,1,True,City of Memphis,THOMAS ST,,40.0,2.0,3,7.0,1.8470710670347965,FRAYSER BLVD,0.4952404768637196,35.0,2,B,MEMPHIS,SHELBY,TDOT,8086,0.4952404768637196
300875440,2023-03-24,2023-03-24 19:05:00,2023,3,Friday,19,35.06031,-90.059875,Suspected Serious Injury,Pedestrian,Not Intersection-On Roadway Not In Crosswalk,Non-Junction,Dark-Lighted,Not Collision with Motor Vehicle in Transport,Pedestrian,1,True,City of Memphis,,,,,,,34.935709416551944,E ROLLINS RD,30.340131593298672,30.0,2,B,MEMPHIS,SHELBY,City of Memphis,72080,30.340131593298672
300875441,2023-03-24,2023-03-24 19:06:00,2023,3,Friday,19,35.06031,-90.059875,Suspected Serious Injury,Pedestrian,Not Intersection-On Roadway Not In Crosswalk,Non-Junction,Dark-Lighted,Not Collision with Motor Vehicle in Transport,Pedestrian,1,True,City of Memphis,,,,,,,34.935709416551944,E ROLLINS RD,30.340131593298672,30.0,2,B,MEMPHIS,SHELBY,City of Memphis,72080,30.340131593298672
300876593,2023-03-30,2023-03-30 16:50:00,2023,3,Thursday,16,35.22097,-89.909355,No Injury,Pedestrian,Intersection-On Roadway Crosswalk availability Unknown,Intersection-Related,Daylight,Not Collision with Motor Vehicle in Transport,Pedestrian,1,True,TDOT state route,AUSTIN PEAY HWY,Principal Arterial,45.0,7.0,14,1.0,2.825632746179556,AUSTIN PEAY HWY,0.3169482305871651,45.0,7,B,MEMPHIS,SHELBY,TDOT,48661,0.3169482305871651
300880304,2023-04-15,2023-04-15 11:20:00,2023,4,Saturday,11,35.133396,-89.98055,Suspected Serious Injury,Pedestrian,Not Intersection-Outside Traffic,Intersection,Daylight,Not Collision with Motor Vehicle in Transport,Pedestrian,1,True,City of Memphis,UNION AVE,Principal Arterial,35.0,7.0,23,5.0,5.056229106128405,SAINT AGNES DR,0.2514138911867998,30.0,2,B,MEMPHIS,SHELBY,TDOT,29407,0.25141389118679985
300878657,2023-04-08,2023-04-08 15:00:00,2023,4,Saturday,15,35.093174,-89.977615,Suspected Minor Injury,Pedestrian,Not Intersection-On Roadway Not In Crosswalk,Non-Junction,Daylight,Not Collision with Motor Vehicle in Transport,Pedestrian,1,True,City of Memphis,,,,,,,674.0651701802766,HUGENOT ST,9.100686682996985,35.0,2,B,MEMPHIS,SHELBY,City of Memphis,82548,9.100686682996985
300876625,2023-03-29,2023-03-29 22:05:00,2023,3,Wednesday,22,35.078083,-90.0195,Possible Injury,Pedestrian,Not Intersection-On Roadway Not In Crosswalk,Non-Junction,Dark-Lighted,Not Collision with Motor Vehicle in Transport,Pedestrian,1,True,City of Memphis,ELVIS PRESLEY BLVD,Minor Arterial,40.0,4.0,3,6.0,0.7868663802562404,E ALCY RD,0.2660507945210927,35.0,2,B,MEMPHIS,SHELBY,TDOT,75728,0.26605079452109276
300877778,2023-04-04,2023-04-04 20:20:00,2023,4,Tuesday,20,35.17464,-89.97544,Suspected Serious Injury,Pedestrian,Not Intersection-Unknown,SharedUsePathOrTrail,Dark-Lighted,Not Collision with Motor Vehicle in Transport,Pedestrian,1,True,City of Memphis,,,,,,,1846.448552370146,CHELSEA AVE,0.3182920174418681,40.0,4,B,MEMPHIS,SHELBY,City of Memphis,50733,0.3182920174418681
300875712,2023-03-25,2023-03-25 22:30:00,2023,3,Saturday,22,35.138195,-90.05444,Possible Injury,Pedestrian,Intersection-In Crosswalk,Intersection,Dark-Lighted,Not Collision with Motor Vehicle in Transport,Pedestrian,1,True,TDOT state route,S SECOND ST,Minor Arterial,35.0,2.0,14,6.0,2.9458362255467905,DR MARTIN LUTHER KING JR AVE,0.2390395793437804,35.0,3,B,MEMPHIS,SHELBY,TDOT,3325,0.2390395793437804
300873798,2023-03-17,2023-03-17 21:00:00,2023,3,Friday,21,35.110672,-90.0162,No Injury,Pedestrian,Not Intersection-Other Not On Roadway,Non-Junction,Dark-Lighted,Angle,Other,1,True,City of Memphis,,,,,,,506.7414760568316,GLEASON AVE,15.989706951967758,30.0,2,B,MEMPHIS,SHELBY,City of Memphis,5160,15.989706951967758
300880079,2023-04-14,2023-04-14 19:20:00,2023,4,Friday,19,35.14448,-90.021805,Suspected Minor Injury,Pedestrian,Intersection-On Roadway Crosswalk Not Available,AccelDecelLane,Daylight,Not Collision with Motor Vehicle in Transport,Pedestrian,1,True,City of Memphis,,,,,,,780.1294485706305,POPLAR AVE,4.113093806496379,40.0,7,B,MEMPHIS,SHELBY,City of Memphis,50390,4.113093806496379
300877478,2023-04-02,2023-04-02 14:06:00,2023,4,Sunday,14,35.189644,-89.92747,Suspected Serious Injury,Pedestrian,Not Intersection-Adjacent to Roadway,Non-Junction,Daylight,Angle,Other,1,True,TDOT state route,JACKSON AVE,Principal Arterial,40.0,7.0,14,7.0,2.2347912199413007,JACKSON AVE,0.5802347316651127,40.0,7,B,MEMPHIS,SHELBY,TDOT,46538,0.5802347316651127
300874898,2023-03-22,2023-03-22 12:45:00,2023,3,Wednesday,12,35.20386,-89.82105,Suspected Serious Injury,Pedestrian,Intersection-On Roadway Crosswalk Not Available,Intersection-Related,Daylight,Not Collision with Motor Vehicle in Transport,Pedestrian,1,True,TDOT state route,US HIGHWAY 64,Principal Arterial,45.0,6.0,15,1.0,4.986674638979345,US HIGHWAY 64,0.3216169279476005,45.0,6,B,BARTLETT,SHELBY,TDOT,47486,0.32161692794760055
300878097,2023-04-06,2023-04-06 06:27:00,2023,4,Thursday,6,35.085983,-89.85877,Possible Injury,Pedestrian,Intersection-In Crosswalk,Intersection,Dawn,Not Collision with Motor Vehicle in Transport,Pedestrian,1,True,City of Memphis,,,,,,,1182.873864420354,RIDGEWAY RD,0.1919258855344501,40.0,7,B,MEMPHIS,SHELBY,City of Memphis,48870,0.19192588553445017
300875739,2023-03-26,2023-03-26 21:50:00,2023,3,Sunday,21,35.09989,-90.00228,Suspected Minor Injury,Pedestrian,Intersection-On Roadway Crosswalk Not Available,Non-Junction,Dark-Lighted,Not Collision with Motor Vehicle in Transport,Pedestrian,1,True,City of Memphis,,,,,,,1447.3328053001694,E PERSON AVE,23.04782382179048,35.0,2,B,MEMPHIS,SHELBY,City of Memphis,50494,23.047823821790477
300875746,2023-03-25,2023-03-25 16:55:00,2023,3,Saturday,16,35.092495,-90.05615,Possible Injury,Pedestrian,Intersection-Not on Roadway,Intersection,Daylight,Not Collision with Motor Vehicle in Transport,Pedestrian,2,True,TDOT state route,S THIRD ST,Principal Arterial,40.0,7.0,14,6.0,0.7180355902229851,S THIRD ST,0.0649882386240082,40.0,7,B,MEMPHIS,SHELBY,TDOT,48136,0.06498823862400824
300876380,2023-03-29,2023-03-29 17:00:00,2023,3,Wednesday,17,35.05001,-89.90168,Possible Injury,Pedestrian,Not Intersection-On Roadway Not In Crosswalk,Non-Junction,Daylight,Not Collision with Motor Vehicle in Transport,Pedestrian,1,True,City of Memphis,,,,,,,1738.4646345833935,OUTLAND RD,5.802731499647157,40.0,5,B,MEMPHIS,SHELBY,City of Memphis,51864,5.802731499647157
300879505,2023-04-12,2023-04-12 18:30:00,2023,4,Wednesday,18,35.142204,-90.03157,Possible Injury,Pedestrian,Not Intersection-Outside Traffic,OtherLocation,Daylight,Not Collision with Motor Vehicle in Transport,Pedestrian,1,True,City of Memphis,,,,,,,420.5362771524241,JEFFERSON AVE,47.13312526057278,40.0,4,B,MEMPHIS,SHELBY,City of Memphis,7296,47.13312526057278
300876395,2023-03-29,2023-03-29 19:48:00,2023,3,Wednesday,19,35.175457,-89.96243,Possible Injury,Pedestrian,Intersection-On Roadway not in Crosswalk,Intersection,Dark-Lighted,Not Collision with Motor Vehicle in Transport,Pedestrian,1,True,City of Memphis,,,,,,,1459.0911604216426,WARFORD ST,24.997210524189683,45.0,5,B,MEMPHIS,SHELBY,City of Memphis,51142,24.997210524189683
300879516,2023-04-12,2023-04-12 18:00:00,2023,4,Wednesday,18,35.168312,-89.93514,Possible Injury,Pedestrian,Intersection-On Roadway not in Crosswalk,Intersection,Daylight,Not Collision with Motor Vehicle in Transport,Pedestrian,1,True,City of Memphis,,,,,,,824.7379924141774,FLOWERS ST,20.81446783738688,30.0,2,B,MEMPHIS,SHELBY,City of Memphis,84652,20.81446783738688
300880995,2023-04-19,2023-04-19 05:15:00,2023,4,Wednesday,5,35.051125,-89.907745,Suspected Serious Injury,Pedestrian,Not Intersection-Adjacent to Roadway,Intersection-Related,Dark-Lighted,Not Collision with Motor Vehicle in Transport,Pedestrian,1,True,City of Memphis,,,,,,,1254.8226421798602,WINCHESTER RD,0.2567894594073934,45.0,7,B,MEMPHIS,SHELBY,City of Memphis,53023,0.25678945940739345
300878161,2023-04-06,2023-04-06 11:00:00,2023,4,Thursday,11,35.150368,-90.05196,Possible Injury,Pedestrian,Intersection-In Crosswalk,Intersection,Daylight,Not Collision with Motor Vehicle in Transport,Pedestrian,1,True,City of Memphis,,,,,,,223.0766186049701,POPLAR AVE,12.781977373100004,35.0,4,B,MEMPHIS,SHELBY,City of Memphis,7473,12.781977373100005
300878467,2023-04-07,2023-04-07 15:38:00,2023,4,Friday,15,35.236225,-89.98338,Possible Injury,Pedestrian,Not Intersection-On Roadway Not In Crosswalk,Non-Junction,Daylight,Not Collision with Motor Vehicle in Transport,Pedestrian,1,True,City of Memphis,,,,,,,2291.6043612513336,MOUNTAIN TERRACE ST,25.51544517655557,30.0,2,B,MEMPHIS,SHELBY,City of Memphis,80086,25.51544517655557
300864587,2023-01-27,2023-01-27 16:30:00,2023,1,Friday,16,35.232872,-89.99795,Possible Injury,Pedestrian,Not Intersection-Unknown,Intersection,Daylight,Not Collision with Motor Vehicle in Transport,Pedestrian,1,True,City of Memphis,,,,,,,1412.9423465348325,LEWEIR ST,70.83938732004664,30.0,2,B,MEMPHIS,SHELBY,City of Memphis,79949,70.83938732004664
300866127,2023-02-09,2023-02-09 17:07:00,2023,2,Thursday,17,35.123005,-89.939285,Suspected Serious Injury,Pedestrian,Not Intersection-On Roadway Crosswalk Availability Unknown,AccelDecelLane,Daylight,Not Collision with Motor Vehicle in Transport,Pedestrian,1,True,City of Memphis,,,,,,,383.81044463995215,INNOVATION DR,0.0638323800189023,30.0,2,B,MEMPHIS,SHELBY,City of Memphis,29515,0.06383238001890232
300880191,2023-04-10,2023-04-10 16:00:00,2023,4,Monday,16,35.05204,-89.922226,Suspected Serious Injury,Pedestrian,Intersection-On Roadway Crosswalk availability Unknown,Intersection-Related,Daylight,Not Collision with Motor Vehicle in Transport,Pedestrian,1,True,City of Memphis,,,,,,,273.6434637772095,GOODLETT RD,25.91084641923736,35.0,2,B,MEMPHIS,SHELBY,City of Memphis,52800,25.910846419237362
300876719,2023-03-31,2023-03-31 07:00:00,2023,3,Friday,7,35.21745,-89.99367,Possible Injury,Pedestrian,Intersection-On Roadway not in Crosswalk,Intersection,Dawn,Not Collision with Motor Vehicle in Transport,Pedestrian,1,True,City of Memphis,,,,,,,2715.563832111741,OVERTON CROSSING ST,21.04510503770793,40.0,5,B,MEMPHIS,SHELBY,City of Memphis,79965,21.04510503770793
300877888,2023-04-01,2023-04-01 19:06:00,2023,4,Saturday,19,35.108456,-89.98326,Suspected Serious Injury,Pedestrian,Intersection-On Roadway not in Crosswalk,Intersection,Dawn,Not Collision with Motor Vehicle in Transport,Pedestrian,2,True,City of Memphis,,,,,,,149.98880460599625,PARK AVE,0.1461006470338209,35.0,4,B,MEMPHIS,SHELBY,City of Memphis,51017,0.14610064703382092
300883690,2023-04-30,2023-04-30 21:30:00,2023,4,Sunday,21,35.020493,-89.93138,Suspected Serious Injury,Pedestrian,Not Intersection-On Roadway Not In Crosswalk,Intersection,Dark-Lighted,Not Collision with Motor Vehicle in Transport,Pedestrian,1,True,TDOT state route,E SHELBY DR,Principal Arterial,45.0,7.0,175,3.0,17.808493459967785,E SHELBY DR,13.125180792028068,45.0,7,B,MEMPHIS,SHELBY,TDOT,46410,13.125180792028067
300887182,2023-05-16,2023-05-16 11:30:00,2023,5,Tuesday,11,35.16737,-89.93907,No Injury,Pedestrian,Not Intersection-Other Not On Roadway,Non-Junction,Daylight,Not Collision with Motor Vehicle in Transport,Other,2,True,City of Memphis,,,,,,,636.7884202915016,HOMER ST,24.3835719201171,30.0,2,B,MEMPHIS,SHELBY,City of Memphis,83238,24.3835719201171
300883187,2023-04-28,2023-04-28 14:00:00,2023,4,Friday,14,35.133823,-90.019356,Possible Injury,Pedestrian,Intersection-On Roadway not in Crosswalk,AccelDecelLane,Daylight,Not Collision with Motor Vehicle in Transport,Pedestrian,1,True,City of Memphis,,,,,,,131.11641483180767,ALLEY,65.63471832246435,25.0,2,B,MEMPHIS,SHELBY,City of Memphis,240,65.63471832246435
300881771,2023-04-21,2023-04-21 18:49:00,2023,4,Friday,18,35.083454,-90.02569,Suspected Serious Injury,Pedestrian,Intersection-On Roadway not in Crosswalk,Non-Junction,Daylight,Not Collision with Motor Vehicle in Transport,Pedestrian,1,True,City of Memphis,,,,,,,649.8630810089344,NORRIS RD,0.2932612253291314,40.0,5,B,MEMPHIS,SHELBY,City of Memphis,50953,0.2932612253291314
300886095,2023-05-04,2023-05-04 15:30:00,2023,5,Thursday,15,35.14951,-89.961494,Possible Injury,Pedestrian,Intersection-On Roadway not in Crosswalk,Intersection,Daylight,Not Collision with Motor Vehicle in Transport,Pedestrian,1,True,City of Memphis,SUMMER AVE,Principal Arterial,35.0,5.0,1,5.0,4.379760083222899,TILLMAN ST,0.0948639028601961,30.0,2,B,MEMPHIS,SHELBY,TDOT,82831,0.09486390286019618
300886894,2023-05-15,2023-05-15 09:33:00,2023,5,Monday,9,35.045006,-89.86637,Possible Injury,Pedestrian,Not Intersection-Adjacent to Roadway,AccelDecelLane,Daylight,Not Collision with Motor Vehicle in Transport,Pedestrian,2,True,City of Memphis,,,,,,,2730.077532146185,MYERS RD,0.2722784570517453,30.0,2,B,MEMPHIS,SHELBY,City of Memphis,76554,0.2722784570517453
300882927,2023-04-26,2023-04-26 20:32:00,2023,4,Wednesday,20,35.02035,-90.11504,Fatal,Pedestrian,Not Intersection-On Roadway Not In Crosswalk,SharedUsePathOrTrail,Dark-Not Lighted,Not Collision with Motor Vehicle in Transport,Pedestrian,1,True,City of Memphis,,,,,,,1831.7998956271344,W SHELBY DR,19.54318625919867,35.0,2,B,MEMPHIS,SHELBY,City of Memphis,26950,19.54318625919867
300885805,2023-05-04,2023-05-04 17:06:00,2023,5,Thursday,17,35.070385,-89.84312,No Injury,Other Non-Motorist,Not Intersection-Unknown,Intersection,Dawn,Angle,Other,1,True,City of Memphis,,,,,,,364.3680266616457,PRIVATE DR,41.52490193036893,25.0,2,B,MEMPHIS,SHELBY,City of Memphis,35102,41.524901930368934
300886915,2023-05-15,2023-05-15 08:05:00,2023,5,Monday,8,35.173313,-89.79301,Suspected Minor Injury,Pedestrian,Intersection-In Crosswalk,Intersection,Daylight,Not Collision with Motor Vehicle in Transport,Pedestrian,1,True,City of Memphis,N GERMANTOWN PKWY,Principal Arterial,50.0,6.0,177,1.0,0.6877599334041639,DEXTER RD,0.4442400477296758,35.0,4,B,MEMPHIS,SHELBY,TDOT,49128,0.4442400477296758
300883776,2023-04-30,2023-04-30 10:20:00,2023,4,Sunday,10,35.083588,-89.88082,No Injury,Other Non-Motorist,Not Intersection-Adjacent to Roadway,Non-Junction,Daylight,Front to Rear,Other,1,True,Interstate ramp,,,,,,,451.7764123559363,240 E TO 385 E,1.00956408039387,45.0,2,FT,MEMPHIS,SHELBY,City of Memphis,47710,1.00956408039387
300883794,2023-05-01,2023-05-01 13:02:00,2023,5,Monday,13,35.11925,-90.03312,Possible Injury,Pedestrian,Intersection-In Crosswalk,AccelDecelLane,Daylight,Not Collision with Motor Vehicle in Transport,Pedestrian,1,True,City of Memphis,,,,,,,834.1197290314699,WALKER AVE,9.15402461884946,35.0,2,B,MEMPHIS,SHELBY,City of Memphis,5067,9.154024618849459
300885832,2023-05-10,2023-05-10 02:00:00,2023,5,Wednesday,2,35.145138,-90.031746,Possible Injury,Pedestrian,Not Intersection-Unknown,Non-Junction,Dark-Unknown Lighting,Not Collision with Motor Vehicle in Transport,Pedestrian,1,True,City of Memphis,,,,,,,740.9813598882411,POPLAR AVE,34.890435608728744,40.0,7,B,MEMPHIS,SHELBY,City of Memphis,50350,34.890435608728744
300882979,2023-04-27,2023-04-27 17:55:00,2023,4,Thursday,17,35.14949,-89.96524,Suspected Serious Injury,Pedestrian,Not Intersection-On Roadway Not In Crosswalk,Non-Junction,Daylight,Not Collision with Motor Vehicle in Transport,Pedestrian,1,True,City of Memphis,SUMMER AVE,Principal Arterial,35.0,5.0,1,5.0,13.063300450973047,LESTER ST,4.449412205411543,30.0,2,B,MEMPHIS,SHELBY,TDOT,82768,4.449412205411543
300882415,2023-04-25,2023-04-25 05:23:00,2023,4,Tuesday,5,35.02104,-89.98982,Possible Injury,Pedestrian,Intersection-On Roadway not in Crosswalk,AccelDecelLane,Dark-Not Lighted,Not Collision with Motor Vehicle in Transport,Pedestrian,1,True,City of Memphis,E SHELBY DR,Principal Arterial,40.0,7.0,175,3.0,5.227872065290232,AIRWAYS BLVD,0.3459765279712413,45.0,7,B,MEMPHIS,SHELBY,TDOT,53447,0.34597652797124134
300883849,2023-05-01,2023-05-01 17:42:00,2023,5,Monday,17,35.115032,-90.02167,Possible Injury,Pedestrian,Not Intersection-In Parking Lane,Intersection,Daylight,Not Collision with Motor Vehicle in Transport,Pedestrian,1,True,TDOT state route,S BELLEVUE BLVD,Minor Arterial,35.0,5.0,3,4.0,0.2592798869869621,S BELLEVUE BLVD,0.6733476929207506,35.0,5,B,MEMPHIS,SHELBY,TDOT,46965,0.6733476929207506