MstrRecNbrTxt,CollisionDate,CollisionDteTime,YearNmb,Month,DayOfWeek,Hour,Latitude,Longitude,InjuryClass,PersonType,NonMotoristLocation,RelationToJunction,LightCondition,MannerOfCollision,FirstHarmfulEvent,VictimsInCrash,InMemphis,Jurisdiction,StateRoute_NAME,StateRoute_F_System,StateRoute_SPDLIMIT,StateRoute_LANES,StateRoute_ALTNAME_1,StateRoute_Council_District,DistToStateRoute_m,Street_Name,DistToStreet_m,Street_SPDLIMIT,Street_LANES,Street_ONEWAY,Street_CITY_L,Street_COUNTY_L,Jurisdiction_prev,Seg_OBJECTID,DistToSeg_m
300898226,2023-07-12,2023-07-12 02:50:00,2023,7,Wednesday,2,35.07273,-89.94744,Suspected Serious Injury,Pedestrian,Intersection-In Crosswalk,Intersection,Dark-Lighted,Not Collision with Motor Vehicle in Transport,Pedestrian,1,True,TDOT state route,LAMAR AVE,Principal Arterial,40.0,7.0,4,4.0,7.865731505848674,LAMAR AVE,5.539191485119941,40.0,7,B,MEMPHIS,SHELBY,TDOT,47856,5.539191485119941
300897793,2023-07-09,2023-07-09 15:30:00,2023,7,Sunday,15,35.054176,-89.85734,Suspected Minor Injury,Pedestrian,Not Intersection-On Roadway Not In Crosswalk,AccelDecelLane,Daylight,Not Collision with Motor Vehicle in Transport,Pedestrian,4,True,City of Memphis,,,,,,,1786.8475205282043,RIDGEWAY RD,0.9490865009395127,45.0,5,B,MEMPHIS,SHELBY,City of Memphis,71372,0.9490865009395127
300898803,2023-07-14,2023-07-14 20:50:00,2023,7,Friday,20,35.006474,-89.98989,Suspected Serious Injury,Pedestrian,Not Intersection-On Roadway Not In Crosswalk,AccelDecelLane,Dark-Lighted,Not Collision with Motor Vehicle in Transport,Pedestrian,1,True,City of Memphis,,,,,,,1621.0658323129085,E HOLMES RD,0.0737450295771866,40.0,2,B,MEMPHIS,SHELBY,City of Memphis,49819,0.07374502957718668
300894928,2023-06-23,2023-06-23 21:10:00,2023,6,Friday,21,35.216553,-89.926605,Possible Injury,Pedestrian,Intersection-On Roadway not in Crosswalk,Intersection,Dawn,Not Collision with Motor Vehicle in Transport,Pedestrian,1,True,City of Memphis,,,,,,,904.1628869314342,RALEIGH MILLINGTON RD,0.7591516187616528,40.0,4,B,MEMPHIS,SHELBY,City of Memphis,46546,0.7591516187616528
300899471,2023-07-18,2023-07-18 18:34:00,2023,7,Tuesday,18,35.19989,-89.95876,Suspected Serious Injury,Pedestrian,Intersection-In Crosswalk,Intersection,Dusk,Not Collision with Motor Vehicle in Transport,Pedestrian,1,True,City of Memphis,,,,,,,2997.344609607271,JAMES RD,0.3434693399576911,45.0,4,B,MEMPHIS,SHELBY,City of Memphis,53156,0.34346933995769113
300898810,2023-07-14,2023-07-14 00:45:00,2023,7,Friday,0,35.033012,-90.02144,Suspected Serious Injury,Pedestrian,Not Intersection-Unknown,Unknown,Dark-Lighted,Not Collision with Motor Vehicle in Transport,Pedestrian,1,True,City of Memphis,,,,,,,340.6193832991055,WESLEY DR,70.68336639177157,30.0,2,B,MEMPHIS,SHELBY,City of Memphis,27304,70.68336639177157
300893801,2023-06-18,2023-06-18 05:56:00,2023,6,Sunday,5,35.137054,-90.0195,Suspected Serious Injury,Pedestrian,Not Intersection-On Roadway Not In Crosswalk,Non-Junction,Dark-Lighted,Not Collision with Motor Vehicle in Transport,Pedestrian,1,True,TDOT state route,UNION AVE,Principal Arterial,35.0,6.0,23,6.0,12.52090060583174,UNION AVE,7.939389023018123,35.0,6,B,MEMPHIS,SHELBY,TDOT,46770,7.939389023018123
300894679,2023-06-23,2023-06-23 09:10:00,2023,6,Friday,9,35.109966,-90.023994,No Injury,Other Non-Motorist,Unknown,AccelDecelLane,Daylight,Angle,Other,1,True,City of Memphis,,,,,,,201.795313479938,GREENWOOD ST,30.42263830819331,30.0,2,B,MEMPHIS,SHELBY,City of Memphis,82356,30.42263830819331
300896897,2023-07-04,2023-07-04 18:42:00,2023,7,Tuesday,18,35.031475,-90.00801,Possible Injury,Pedestrian,Not Intersection-Adjacent to Roadway,AccelDecelLane,Daylight,Not Collision with Motor Vehicle in Transport,Pedestrian,1,True,City of Memphis,,,,,,,1155.2620209215163,MILLBRANCH RD,45.02062224568561,40.0,4,B,MEMPHIS,SHELBY,City of Memphis,49777,45.02062224568561
300902780,2023-08-03,2023-08-03 22:05:00,2023,8,Thursday,22,35.108753,-89.98411,Suspected Minor Injury,Pedestrian,Not Intersection-On Roadway Not In Crosswalk,Non-Junction,Dark-Lighted,Not Collision with Motor Vehicle in Transport,Pedestrian,1,True,City of Memphis,,,,,,,71.08484541098375,PARK AVE,25.839620496563764,35.0,4,B,MEMPHIS,SHELBY,City of Memphis,51017,25.839620496563764
300903844,2023-08-08,2023-08-08 15:52:00,2023,8,Tuesday,15,35.243404,-89.94634,Suspected Serious Injury,Pedestrian,Not Intersection-On Roadway Not In Crosswalk,Intersection,Daylight,Unknown,Other,1,True,City of Memphis,,,,,,,4179.311043293563,NEW ALLEN RD,0.0114180144797838,50.0,2,FT,MEMPHIS,SHELBY,City of Memphis,53629,0.011418014479783887
300902017,2023-07-31,2023-07-31 20:20:00,2023,7,Monday,20,35.086636,-90.06302,Unknown,Other Non-Motorist,Unknown,AccelDecelLane,Dark-Lighted,Not Collision with Motor Vehicle in Transport,Other,1,True,City of Memphis,,,,,,,567.7375172898078,W MALLORY AVE,0.1580562899836138,40.0,3,B,MEMPHIS,SHELBY,City of Memphis,50795,0.15805628998361387
300901100,2023-07-26,2023-07-26 14:06:00,2023,7,Wednesday,14,35.102528,-89.87461,No Injury,Other Non-Motorist,Unknown,OtherLocation,Daylight,Angle,Other,1,True,City of Memphis,,,,,,,209.1419240550669,CRESTHAVEN RD,39.377334145123946,30.0,2,B,MEMPHIS,SHELBY,City of Memphis,74550,39.377334145123946
300900605,2023-07-22,2023-07-22 23:03:00,2023,7,Saturday,23,35.137165,-90.020584,Possible Injury,Pedestrian,Not Intersection-On Roadway Not In Crosswalk,Non-Junction,Dark-Lighted,Not Collision with Motor Vehicle in Transport,Pedestrian,1,True,TDOT state route,S BELLEVUE BLVD,Major Collector,35.0,4.0,3,6.0,9.61851568308231,UNION AVE,7.5554339227901774,35.0,6,B,MEMPHIS,SHELBY,TDOT,46770,7.5554339227901774
300899839,2023-07-20,2023-07-20 09:44:00,2023,7,Thursday,9,35.140484,-89.98288,Possible Injury,Pedestrian,Intersection-Not on Roadway,AccelDecelLane,Daylight,Angle,Other,1,True,TDOT state route,E PARKWAY,Principal Arterial,40.0,3.0,277,5.0,3.423257970760932,E PARKWAY N,0.1030574163535228,40.0,3,TF,MEMPHIS,SHELBY,TDOT,48117,0.10305741635352289
300903891,2023-08-09,2023-08-09 19:52:00,2023,8,Wednesday,19,35.123707,-89.92578,Possible Injury,Pedestrian,Intersection-Unknown,Intersection,Daylight,Not Collision with Motor Vehicle in Transport,Pedestrian,1,True,City of Memphis,POPLAR AVE,Principal Arterial,40.0,7.0,57,5.0,4.628842547440235,S GOODLETT ST,0.0534431096270088,40.0,5,B,MEMPHIS,SHELBY,TDOT,51384,0.0534431096270088
300903080,2023-08-06,2023-08-06 00:00:00,2023,8,Sunday,0,35.136135,-90.02826,Suspected Serious Injury,Pedestrian,Not Intersection-Unknown,OtherLocation,Dark-Lighted,Not Collision with Motor Vehicle in Transport,Pedestrian,1,True,City of Memphis,,,,,,,138.43271437384115,EASTMORELAND AVE,0.2012331967064091,30.0,2,B,MEMPHIS,SHELBY,City of Memphis,3644,0.20123319670640916
300900170,2023-07-21,2023-07-21 20:55:00,2023,7,Friday,20,35.06083,-89.99957,Possible Injury,Pedestrian,Intersection-In Crosswalk,Intersection,Dark-Lighted,Not Collision with Motor Vehicle in Transport,Pedestrian,1,True,City of Memphis,,,,,,,2163.425239881882,E BROOKS RD,1.0210277977648734,45.0,7,B,MEMPHIS,SHELBY,City of Memphis,49813,1.0210277977648734
300900619,2023-07-24,2023-07-24 08:10:00,2023,7,Monday,8,35.09933,-89.84551,Possible Injury,Pedestrian,Intersection-In Crosswalk,Intersection-Related,Daylight,Not Collision with Motor Vehicle in Transport,Pedestrian,1,True,TDOT state route,POPLAR AVE,Principal Arterial,40.0,7.0,57,2.0,4.6595462356932815,POPLAR AVE,0.1330657777459388,40.0,7,B,MEMPHIS,SHELBY,TDOT,46253,0.1330657777459388
300878831,2023-04-09,2023-04-09 15:31:00,2023,4,Sunday,15,35.11678,-90.00675,Fatal,Pedestrian,Not Intersection-Outside Traffic,Non-Junction,Daylight,Not Collision with Motor Vehicle in Transport,Other,1,True,City of Memphis,,,,,,,306.68575222691595,ROZELLE ST,28.694163940743923,30.0,2,B,MEMPHIS,SHELBY,City of Memphis,83927,28.694163940743923
300903929,2023-08-09,2023-08-09 23:20:00,2023,8,Wednesday,23,35.13909,-90.01824,Suspected Minor Injury,Pedestrian,Intersection-On Roadway not in Crosswalk,Intersection-Related,Dark-Lighted,Not Collision with Motor Vehicle in Transport,Pedestrian,1,True,City of Memphis,,,,,,,225.5003509551065,MADISON AVE,0.3718225633447529,35.0,5,B,MEMPHIS,SHELBY,City of Memphis,53244,0.37182256334475294
300900416,2023-07-22,2023-07-22 22:00:00,2023,7,Saturday,22,35.15403,-90.057465,Suspected Minor Injury,Pedestrian,Not Intersection-Adjacent to Roadway,Non-Junction,Dark-Lighted,Not Collision with Motor Vehicle in Transport,Pedestrian,1,True,City of Memphis,,,,,,,828.4228737441578,ISLAND DR,15.505564045826436,30.0,2,B,MEMPHIS,SHELBY,City of Memphis,32353,15.505564045826436
300901845,2023-07-30,2023-07-30 20:29:00,2023,7,Sunday,20,35.10118,-90.07481,Possible Injury,Pedestrian,Intersection-On Roadway not in Crosswalk,Intersection,Dark-Not Lighted,Not Collision with Motor Vehicle in Transport,Pedestrian,1,True,City of Memphis,,,,,,,1752.952256102444,W DISON AVE,19.719215297395504,30.0,2,B,MEMPHIS,SHELBY,City of Memphis,4611,19.719215297395504
300901156,2023-07-27,2023-07-27 00:50:00,2023,7,Thursday,0,35.07445,-89.90562,Suspected Serious Injury,Pedestrian,Not Intersection-On Roadway Not In Crosswalk,Non-Junction,Dark-Lighted,Not Collision with Motor Vehicle in Transport,Pedestrian,1,True,City of Memphis,,,,,,,2372.5169285884454,S PERKINS RD,34.02648666473504,40.0,7,B,MEMPHIS,SHELBY,City of Memphis,49381,34.02648666473504
300869139,2023-02-23,2023-02-23 06:21:00,2023,2,Thursday,6,35.166588,-89.86284,Fatal,Pedestrian,Not Intersection-On Roadway Not In Crosswalk,Non-Junction,Dawn,Not Collision with Motor Vehicle in Transport,Pedestrian,1,True,City of Memphis,,,,,,,779.4884883471512,SYCAMORE VIEW RD,2.266040216294935,45.0,7,B,MEMPHIS,SHELBY,City of Memphis,52670,2.266040216294935
300904546,2023-08-12,2023-08-12 20:37:00,2023,8,Saturday,20,35.149094,-89.906364,Possible Injury,Pedestrian,Not Intersection-On Roadway Not In Crosswalk,Intersection,Dark-Lighted,Not Collision with Motor Vehicle in Transport,Pedestrian,1,True,City of Memphis,,,,,,,41.39618728179007,STRATFORD RD,20.189410905897777,40.0,4,B,MEMPHIS,SHELBY,City of Memphis,73969,20.189410905897777
300902662,2023-08-03,2023-08-03 21:18:00,2023,8,Thursday,21,35.03486,-89.86643,Possible Injury,Pedestrian,Intersection-On Roadway not in Crosswalk,AccelDecelLane,Dark-Lighted,Not Collision with Motor Vehicle in Transport,Pedestrian,1,True,City of Memphis,,,,,,,1604.4206166412694,E RAINES RD,0.1875011714317994,45.0,7,B,MEMPHIS,SHELBY,City of Memphis,51726,0.18750117143179942
300900716,2023-07-23,2023-07-23 22:29:00,2023,7,Sunday,22,35.142204,-90.03157,Suspected Minor Injury,Pedestrian,Not Intersection-Bike Path,Non-Junction,Dark-Not Lighted,Not Collision with Motor Vehicle in Transport,Pedestrian,1,True,City of Memphis,,,,,,,420.5362771524241,JEFFERSON AVE,47.13312526057278,40.0,4,B,MEMPHIS,SHELBY,City of Memphis,7296,47.13312526057278
300901885,2023-07-30,2023-07-30 11:00:00,2023,7,Sunday,11,35.046,-89.82275,Suspected Serious Injury,Pedestrian,Intersection-On Roadway Crosswalk Not Available,Intersection,Daylight,Not Collision with Motor Vehicle in Transport,Pedestrian,1,True,City of Memphis,,,,,,,710.9074401901344,ISHERWOOD RD,0.2539418828418867,30.0,2,B,MEMPHIS,SHELBY,City of Memphis,71531,0.25394188284188673
300900964,2023-07-25,2023-07-25 22:58:00,2023,7,Tuesday,22,35.053246,-90.00796,Suspected Minor Injury,Pedestrian,Intersection-Unknown,Intersection,Dark-Lighted,Not Collision with Motor Vehicle in Transport,Pedestrian,1,True,City of Memphis,,,,,,,1557.6755126300036,MILLBRANCH RD,46.39371838963445,40.0,4,B,MEMPHIS,SHELBY,City of Memphis,49793,46.39371838963445
300900967,2023-07-26,2023-07-26 00:48:00,2023,7,Wednesday,0,35.16556,-89.94653,Suspected Serious Injury,Pedestrian,Intersection-On Roadway Crosswalk Not Available,Intersection,Dark-Lighted,Not Collision with Motor Vehicle in Transport,Pedestrian,1,True,City of Memphis,,,,,,,342.8975727284737,NATIONAL ST,0.0862205631785025,40.0,4,B,MEMPHIS,SHELBY,City of Memphis,51264,0.08622056317850255
300899759,2023-07-19,2023-07-19 17:15:00,2023,7,Wednesday,17,35.141266,-90.05578,Possible Injury,Pedestrian,Intersection-On Roadway not in Crosswalk,Intersection,Daylight,Not Collision with Motor Vehicle in Transport,Pedestrian,1,True,City of Memphis,,,,,,,240.6167557809009,S FRONT ST,0.7152417307937556,30.0,4,B,MEMPHIS,SHELBY,City of Memphis,80495,0.7152417307937556
300902719,2023-08-03,2023-08-03 12:05:00,2023,8,Thursday,12,35.143955,-90.01564,Possible Injury,Pedestrian,Not Intersection-Bike Path,Intersection-Related,Daylight,Not Collision with Motor Vehicle in Transport,Pedestrian,1,True,City of Memphis,,,,,,,789.8753669485542,POPLAR AVE,0.1332189960499262,40.0,7,B,MEMPHIS,SHELBY,City of Memphis,50416,0.13321899604992624
300900766,2023-07-23,2023-07-23 23:22:00,2023,7,Sunday,23,35.107105,-89.98499,Suspected Serious Injury,Pedestrian,Intersection-On Roadway Crosswalk Not Available,Non-Junction,Dark-Lighted,Not Collision with Motor Vehicle in Transport,Pedestrian,1,True,TDOT state route,AIRWAYS BLVD,Principal Arterial,35.0,5.0,277,4.0,0.542604434771916,AIRWAYS BLVD,0.0450092406148481,35.0,5,B,MEMPHIS,SHELBY,TDOT,46988,0.04500924061484815
300904394,2023-08-12,2023-08-12 01:40:00,2023,8,Saturday,1,35.17534,-89.83642,No Injury,Other Non-Motorist,Not Intersection-Unknown,Non-Junction,Dark-Lighted,Other,Other,1,True,Interstate (TDOT),,,,,,,2005.1337079199047,INTERSTATE 40 W,0.3972598566677165,65.0,4,TF,MEMPHIS,SHELBY,City of Memphis,39695,0.39725985666771657
300901974,2023-07-31,2023-07-31 12:00:00,2023,7,Monday,12,35.149644,-90.050468,Possible Injury,Pedestrian,Intersection-In Crosswalk,Intersection-Related,Daylight,Not Collision with Motor Vehicle in Transport,Pedestrian,1,True,City of Memphis,,,,,,,69.70275476939106,POPLAR AVE,46.19330463345867,35.0,4,B,MEMPHIS,SHELBY,City of Memphis,7132,46.19330463345867
300911560,2023-09-17,2023-09-17 11:25:00,2023,9,Sunday,11,35.168365,-90.01061,Possible Injury,Pedestrian,Not Intersection-Outside Traffic,Non-Junction,Daylight,Angle,Other,1,True,City of Memphis,,,,,,,1058.374625351162,S LEXINGTON CIR,22.65958584393236,30.0,2,B,MEMPHIS,SHELBY,City of Memphis,9269,22.659585843932362
300908723,2023-09-02,2023-09-02 16:20:00,2023,9,Saturday,16,35.18472,-89.93168,Suspected Minor Injury,Pedestrian,Not Intersection-Outside Traffic,Unknown,Daylight,Not Collision with Motor Vehicle in Transport,Pedestrian,1,True,TDOT state route,JACKSON AVE,Principal Arterial,40.0,7.0,14,7.0,11.724000570136225,JACKSON AVE,14.511041850734763,40.0,7,B,MEMPHIS,SHELBY,TDOT,48212,14.511041850734763
300907385,2023-08-27,2023-08-27 09:00:00,2023,8,Sunday,9,35.02,-90.00509,Possible Injury,Pedestrian,Not Intersection-On Roadway Not In Crosswalk,Intersection,Daylight,Not Collision with Motor Vehicle in Transport,Pedestrian,1,True,City of Memphis,,,,,,,118.14347508033327,CHANCERY ST,12.907062126438204,30.0,2,B,MEMPHIS,SHELBY,City of Memphis,84062,12.907062126438204
300906374,2023-08-22,2023-08-22 09:33:00,2023,8,Tuesday,9,35.115482,-89.946815,Possible Injury,Pedestrian,Not Intersection-In Parking Lane,OtherLocation,Daylight,Not Collision with Motor Vehicle in Transport,Pedestrian,1,True,City of Memphis,,,,,,,1362.848329485456,SOUTHERN AVE,30.185794426162342,35.0,4,B,MEMPHIS,SHELBY,City of Memphis,51200,30.185794426162346
300910383,2023-09-11,2023-09-11 20:44:00,2023,9,Monday,20,35.172894,-89.94124,Possible Injury,Pedestrian,Not Intersection-On Roadway Crosswalk not Available,Non-Junction,Dark-Lighted,Not Collision with Motor Vehicle in Transport,Pedestrian,1,True,City of Memphis,,,,,,,74.38677491466665,VIVIA AVE,24.41736277025836,30.0,2,B,MEMPHIS,SHELBY,City of Memphis,5881,24.41736277025836
300910386,2023-09-11,2023-09-11 20:01:00,2023,9,Monday,20,35.08439,-90.01848,Possible Injury,Pedestrian,Intersection-On Roadway not in Crosswalk,Non-Junction,Dark-Lighted,Not Collision with Motor Vehicle in Transport,Pedestrian,1,True,TDOT state route,ELVIS PRESLEY BLVD,Minor Arterial,40.0,4.0,3,4.0,0.2160039448821872,ELVIS PRESLEY BLVD,0.6750528761757932,40.0,4,B,MEMPHIS,SHELBY,TDOT,46956,0.6750528761757932
300911842,2023-09-19,2023-09-19 06:30:00,2023,9,Tuesday,6,35.208244,-90.00381,Possible Injury,Pedestrian,Not Intersection-On Roadway Not In Crosswalk,Non-Junction,Dark-Unknown Lighting,Not Collision with Motor Vehicle in Transport,Pedestrian,1,True,City of Memphis,,,,,,,2539.8177096900217,WHITNEY AVE,0.5102784579535494,40.0,2,B,MEMPHIS,SHELBY,City of Memphis,2757,0.5102784579535494
300908227,2023-08-31,2023-08-31 06:50:00,2023,8,Thursday,6,35.125126,-89.89474,Possible Injury,Pedestrian,Intersection-In Crosswalk,Intersection,Dawn,Not Collision with Motor Vehicle in Transport,Pedestrian,1,True,City of Memphis,,,,,,,611.7008481085666,SHADY GROVE RD,0.0451008140738755,30.0,2,B,MEMPHIS,SHELBY,City of Memphis,74349,0.04510081407387557
300909689,2023-09-07,2023-09-07 23:10:00,2023,9,Thursday,23,35.137257,-90.04971,Suspected Minor Injury,Pedestrian,Intersection-On Roadway not in Crosswalk,Intersection,Dark-Lighted,Not Collision with Motor Vehicle in Transport,Pedestrian,1,True,TDOT state route,DR MARTIN LUTHER KING JR AVE,Minor Arterial,35.0,4.0,208,6.0,4.603120449004467,DR MARTIN LUTHER KING JR AVE,0.0388272972784915,35.0,5,B,MEMPHIS,SHELBY,TDOT,7327,0.03882729727849155
300911415,2023-09-16,2023-09-16 23:20:00,2023,9,Saturday,23,35.074493,-89.884796,Suspected Serious Injury,Pedestrian,Not Intersection-On Roadway Crosswalk not Available,Non-Junction,Dark-Lighted,Not Collision with Motor Vehicle in Transport,Pedestrian,1,True,City of Memphis,,,,,,,1078.2276200389626,S MENDENHALL RD,0.6581677799734978,40.0,7,B,MEMPHIS,SHELBY,City of Memphis,51902,0.6581677799734978
300909193,2023-09-05,2023-09-05 15:00:00,2023,9,Tuesday,15,35.22076,-89.893845,Possible Injury,Pedestrian,Intersection-On Roadway not in Crosswalk,Intersection-Related,Daylight,Not Collision with Motor Vehicle in Transport,Pedestrian,1,True,TDOT state route,,,,,,,33.89551837670729,COVINGTON PIKE,33.48801678078276,40.0,5,B,MEMPHIS,SHELBY,City of Memphis,46579,33.48801678078276
300910201,2023-09-10,2023-09-10 18:50:00,2023,9,Sunday,18,35.02113,-90.0517,Possible Injury,Pedestrian,Intersection-On Roadway not in Crosswalk,Non-Junction,Daylight,Not Collision with Motor Vehicle in Transport,Pedestrian,1,True,TDOT state route,E SHELBY DR,Minor Arterial,45.0,5.0,175,6.0,27.985728232186347,E SHELBY DR,32.61570503344548,45.0,5,B,MEMPHIS,SHELBY,TDOT,49679,32.61570503344548
300882791,2023-04-26,2023-04-26 16:11:00,2023,4,Wednesday,16,35.082165,-90.04382,Suspected Serious Injury,Pedestrian,Not Intersection-Outside Traffic,Non-Junction,Daylight,Not Collision with Motor Vehicle in Transport,Pedestrian,1,True,City of Memphis,,,,,,,1219.2260366736307,COMPRESS DR,67.03213985592315,30.0,2,B,MEMPHIS,SHELBY,City of Memphis,32780,67.03213985592315
300911938,2023-09-19,2023-09-19 00:40:00,2023,9,Tuesday,0,35.019997,-89.83126,Suspected Serious Injury,Pedestrian,Not Intersection-Unknown,AccelDecelLane,Dark-Lighted,Not Collision with Motor Vehicle in Transport,Pedestrian,1,True,City of Memphis,,,,,,,47.41490061590631,RIVERDALE RD,1.3463075680913594,45.0,7,B,MEMPHIS,SHELBY,City of Memphis,52904,1.3463075680913594
300906499,2023-08-22,2023-08-22 20:52:00,2023,8,Tuesday,20,35.061123,-90.01004,Suspected Serious Injury,Pedestrian,Intersection-In Crosswalk,Intersection-Related,Dark-Not Lighted,Not Collision with Motor Vehicle in Transport,Pedestrian,1,True,City of Memphis,,,,,,,1220.6070475302038,E BROOKS RD,0.1887329567491878,45.0,7,B,MEMPHIS,SHELBY,City of Memphis,49756,0.18873295674918789
300908081,2023-08-29,2023-08-29 17:48:00,2023,8,Tuesday,17,35.02973,-90.025185,Possible Injury,Pedestrian,Intersection-In Crosswalk,Intersection-Related,Daylight,Not Collision with Motor Vehicle in Transport,Pedestrian,1,True,TDOT state route,ELVIS PRESLEY BLVD,Principal Arterial,40.0,5.0,3,6.0,0.3360449616918253,ELVIS PRESLEY BLVD,0.5172081316223035,40.0,5,B,MEMPHIS,SHELBY,TDOT,46495,0.5172081316223035
300908609,2023-09-02,2023-09-02 03:45:00,2023,9,Saturday,3,35.064785,-89.94119,Possible Injury,Pedestrian,Not Intersection-On Roadway Not In Crosswalk,Intersection-Related,Dark-Lighted,Not Collision with Motor Vehicle in Transport,Pedestrian,1,True,TDOT state route,LAMAR AVE,Principal Arterial,40.0,7.0,4,4.0,2.864970033585272,LAMAR AVE,0.0119050499313099,40.0,7,B,MEMPHIS,SHELBY,TDOT,47858,0.011905049931309985
300910455,2023-09-12,2023-09-12 03:49:00,2023,9,Tuesday,3,35.138603,-90.013145,Possible Injury,Pedestrian,Intersection-Unknown,Intersection,Dark-Lighted,Not Collision with Motor Vehicle in Transport,Pedestrian,1,True,City of Memphis,,,,,,,228.1572312995856,MADISON AVE,0.2625869806944265,35.0,4,B,MEMPHIS,SHELBY,City of Memphis,50441,0.26258698069442654
300909268,2023-09-06,2023-09-06 00:30:00,2023,9,Wednesday,0,35.073807,-89.94823,Suspected Serious Injury,Pedestrian,Not Intersection-On Roadway Not In Crosswalk,Non-Junction,Dark-Lighted,Not Collision with Motor Vehicle in Transport,Pedestrian,1,True,TDOT state route,LAMAR AVE,Principal Arterial,40.0,7.0,4,4.0,3.45261473090589,LAMAR AVE,0.9327361023361286,40.0,7,B,MEMPHIS,SHELBY,TDOT,47856,0.9327361023361286
300906576,2023-08-23,2023-08-23 07:15:00,2023,8,Wednesday,7,35.059383,-89.85548,Possible Injury,Pedestrian,Intersection-On Roadway not in Crosswalk,OtherLocation,Daylight,Not Collision with Motor Vehicle in Transport,Pedestrian,1,True,City of Memphis,,,,,,,1189.7544073742108,ARBORWOOD DR,23.88751632272268,30.0,2,B,MEMPHIS,SHELBY,City of Memphis,33104,23.88751632272268
300876881,2023-03-31,2023-03-31 21:25:00,2023,3,Friday,21,35.240345,-89.948456,Suspected Serious Injury,Pedestrian,Not Intersection-On Roadway Not In Crosswalk,Non-Junction,Dark-Lighted,Not Collision with Motor Vehicle in Transport,Pedestrian,1,True,City of Memphis,,,,,,,4114.991137222817,NEW ALLEN RD,2.474412081949426,50.0,2,FT,MEMPHIS,SHELBY,City of Memphis,53629,2.474412081949426
300911986,2023-09-19,2023-09-19 15:15:00,2023,9,Tuesday,15,35.14753,-90.04919,Suspected Serious Injury,Pedestrian,Intersection-In Crosswalk,Intersection,Daylight,Not Collision with Motor Vehicle in Transport,Pedestrian,1,True,City of Memphis,N THIRD ST,Minor Arterial,35.0,3.0,3,6.0,5.007484171241552,ADAMS AVE,0.8733351348604892,30.0,3,B,MEMPHIS,SHELBY,TDOT,3367,0.8733351348604892
300906538,2023-08-23,2023-08-23 02:15:00,2023,8,Wednesday,2,35.060577,-89.99153,Possible Injury,Pedestrian,Intersection-In Crosswalk,Non-Junction,Dark-Lighted,Not Collision with Motor Vehicle in Transport,Pedestrian,1,True,City of Memphis,,,,,,,2886.298129823825,E BROOKS RD,0.1745062734613309,45.0,7,B,MEMPHIS,SHELBY,City of Memphis,51997,0.17450627346133096
300906020,2023-08-20,2023-08-20 16:15:00,2023,8,Sunday,16,35.205369,-89.931676,Suspected Serious Injury,Pedestrian,Intersection-On Roadway not in Crosswalk,Intersection,Daylight,Not Collision with Motor Vehicle in Transport,Pedestrian,1,True,City of Memphis,,,,,,,740.6260449902378,HOMEWOOD DR,39.52760865947615,30.0,2,B,MEMPHIS,SHELBY,City of Memphis,34059,39.52760865947615
300907346,2023-08-26,2023-08-26 23:33:00,2023,8,Saturday,23,35.172405,-89.791176,Suspected Serious Injury,Pedestrian,Not Intersection-On Roadway Not In Crosswalk,Non-Junction,Dark-Not Lighted,Not Collision with Motor Vehicle in Transport,Pedestrian,1,True,City of Memphis,,,,,,,167.78699311875715,BONNIE LN,38.11614267250502,35.0,2,B,MEMPHIS,SHELBY,City of Memphis,41705,38.11614267250502
300906039,2023-08-20,2023-08-20 17:30:00,2023,8,Sunday,17,35.2082,-90.0011,Suspected Serious Injury,Pedestrian,Not Intersection-On Roadway Not In Crosswalk,Non-Junction,Daylight,Not Collision with Motor Vehicle in Transport,Pedestrian,1,True,City of Memphis,,,,,,,2744.405016987463,WHITNEY AVE,26.019667458755126,40.0,2,B,MEMPHIS,SHELBY,City of Memphis,2788,26.019667458755126
300879062,2023-04-10,2023-04-10 18:46:00,2023,4,Monday,18,35.05018,-89.99976,Fatal,Pedestrian,Not Intersection-On Roadway Not In Crosswalk,OtherLocation,Daylight,Not Collision with Motor Vehicle in Transport,Pedestrian,1,True,City of Memphis,,,,,,,2309.482818378534,TACOMA AVE,25.114044026295325,30.0,2,B,MEMPHIS,SHELBY,City of Memphis,2582,25.114044026295325
300906290,2023-08-21,2023-08-21 03:48:00,2023,8,Monday,3,35.06071,-89.86594,Possible Injury,Pedestrian,Not Intersection-On Roadway Crosswalk not Available,Intersection-Related,Dark-Lighted,Angle,Other,1,True,City of Memphis,,,,,,,1498.8597814121342,KNIGHT ARNOLD RD,2.225604184155148,40.0,7,B,MEMPHIS,SHELBY,City of Memphis,49460,2.225604184155148
300910784,2023-09-13,2023-09-13 21:10:00,2023,9,Wednesday,21,35.11839,-89.984856,Fatal,Pedestrian,Not Intersection-On Roadway Not In Crosswalk,Non-Junction,Dark-Not Lighted,Not Collision with Motor Vehicle in Transport,Pedestrian,1,True,City of Memphis,,,,,,,41.16899674026493,ACCESS RD,27.11693380238773,35.0,1,TF,MEMPHIS,SHELBY,City of Memphis,76897,27.116933802387734