MstrRecNbrTxt,CollisionDate,CollisionDteTime,YearNmb,Month,DayOfWeek,Hour,Latitude,Longitude,InjuryClass,PersonType,NonMotoristLocation,RelationToJunction,LightCondition,MannerOfCollision,FirstHarmfulEvent,VictimsInCrash,InMemphis,Jurisdiction,StateRoute_NAME,StateRoute_F_System,StateRoute_SPDLIMIT,StateRoute_LANES,StateRoute_ALTNAME_1,StateRoute_Council_District,DistToStateRoute_m,Street_Name,DistToStreet_m,Street_SPDLIMIT,Street_LANES,Street_ONEWAY,Street_CITY_L,Street_COUNTY_L,Jurisdiction_prev,Seg_OBJECTID,DistToSeg_m
300870433,2023-03-02,2023-03-02 04:40:00,2023,3,Thursday,4,35.10188,-89.870285,Fatal,Pedestrian,Not Intersection-On Roadway Not In Crosswalk,Non-Junction,Dark-Lighted,Not Collision with Motor Vehicle in Transport,Pedestrian,1,True,TDOT state route,POPLAR AVE,Principal Arterial,40.0,3.0,57,5.0,4.854633645179367,POPLAR AVE,0.565768480197426,40.0,2,FT,MEMPHIS,SHELBY,TDOT,6941,0.565768480197426
300909070,2023-09-01,2023-09-01 12:00:00,2023,9,Friday,12,35.083168,-89.97186,Possible Injury,Pedestrian,Not Intersection-On Roadway Not In Crosswalk,Non-Junction,Daylight,Not Collision with Motor Vehicle in Transport,Pedestrian,1,True,City of Memphis,,,,,,,881.9956113068338,PENDLETON ST,0.0084469948385208,35.0,2,B,MEMPHIS,SHELBY,City of Memphis,82586,0.008446994838520879
300906065,2023-08-20,2023-08-20 00:00:00,2023,8,Sunday,0,35.138485,-90.01186,Possible Injury,Pedestrian,Intersection-In Crosswalk,Unknown,Dark-Lighted,Not Collision with Motor Vehicle in Transport,Pedestrian,1,True,City of Memphis,,,,,,,229.6325512179848,MADISON AVE,0.5043957347835193,35.0,3,B,MEMPHIS,SHELBY,City of Memphis,50443,0.5043957347835193
300915113,2023-10-03,2023-10-03 18:27:00,2023,10,Tuesday,18,35.100945,-89.997475,Possible Injury,Pedestrian,Not Intersection-On Roadway Not In Crosswalk,AccelDecelLane,Dawn,Not Collision with Motor Vehicle in Transport,Pedestrian,1,True,City of Memphis,,,,,,,1142.308759478437,GLORY CIR,20.21971140250293,30.0,2,B,MEMPHIS,SHELBY,City of Memphis,9996,20.219711402502934
300914271,2023-09-30,2023-09-30 19:30:00,2023,9,Saturday,19,35.168327,-89.87949,Possible Injury,Pedestrian,Intersection-Unknown,Non-Junction,Dark-Not Lighted,Not Collision with Motor Vehicle in Transport,Pedestrian,1,True,City of Memphis,,,,,,,509.9061317739246,BARTLETT RD,0.3553158659476415,40.0,2,B,MEMPHIS,SHELBY,City of Memphis,76284,0.3553158659476415
300912916,2023-09-23,2023-09-23 19:12:00,2023,9,Saturday,19,35.006435,-90.00766,Possible Injury,Pedestrian,Not Intersection-In Crosswalk,Intersection,Dark-Lighted,Angle,Other,1,True,City of Memphis,,,,,,,1608.2367164603086,E HOLMES RD,0.0932368365284658,40.0,5,B,MEMPHIS,SHELBY,City of Memphis,49749,0.09323683652846583
300917321,2023-10-15,2023-10-15 22:20:00,2023,10,Sunday,22,35.073807,-89.94823,Possible Injury,Pedestrian,Not Intersection-Unknown,Unknown,Dark-Lighted,Not Collision with Motor Vehicle in Transport,Pedestrian,1,True,TDOT state route,LAMAR AVE,Principal Arterial,40.0,7.0,4,4.0,3.45261473090589,LAMAR AVE,0.9327361023361286,40.0,7,B,MEMPHIS,SHELBY,TDOT,47856,0.9327361023361286
300916172,2023-10-09,2023-10-09 18:11:00,2023,10,Monday,18,35.17366,-89.9595,Possible Injury,Pedestrian,Intersection-Not on Roadway,Intersection,Dawn,Not Collision with Motor Vehicle in Transport,Pedestrian,1,True,City of Memphis,,,,,,,1129.0707161937396,SUNSET ST,10.916381703712185,30.0,2,B,MEMPHIS,SHELBY,City of Memphis,82884,10.916381703712183
300913153,2023-09-21,2023-09-21 03:30:00,2023,9,Thursday,3,35.1069,-90.02119,Possible Injury,Pedestrian,Not Intersection-Outside Traffic,Non-Junction,Dark-Lighted,Not Collision with Motor Vehicle in Transport,Pedestrian,1,True,City of Memphis,ELVIS PRESLEY BLVD,Minor Arterial,40.0,4.0,3,4.0,1.141694593306949,KERR AVE,0.0553073224531724,35.0,3,B,MEMPHIS,SHELBY,TDOT,5121,0.055307322453172464
300913464,2023-09-26,2023-09-26 08:00:00,2023,9,Tuesday,8,35.182613,-89.848045,Possible Injury,Pedestrian,Intersection-On Roadway not in Crosswalk,Intersection-Related,Daylight,Not Collision with Motor Vehicle in Transport,Pedestrian,1,True,City of Memphis,,,,,,,675.2034507863434,GOLDBRIER LN,22.794389191578382,30.0,2,B,MEMPHIS,SHELBY,City of Memphis,42370,22.794389191578386
300917144,2023-10-14,2023-10-14 00:00:00,2023,10,Saturday,99,35.202133,-89.91258,Suspected Minor Injury,Pedestrian,Not Intersection-On Roadway Not In Crosswalk,Non-Junction,Unknown,Not Collision with Motor Vehicle in Transport,Pedestrian,1,True,City of Memphis,,,,,,,430.5304113187069,COLEMAN RD,53.8038229312228,45.0,7,B,MEMPHIS,SHELBY,City of Memphis,74856,53.803822931222804
300916655,2023-10-11,2023-10-11 19:48:00,2023,10,Wednesday,19,35.054096,-90.019554,Possible Injury,Pedestrian,Intersection-Unknown,AccelDecelLane,Dark-Not Lighted,Not Collision with Motor Vehicle in Transport,Pedestrian,1,True,City of Memphis,,,,,,,497.0747547265964,WINCHESTER RD,0.3992157518767019,40.0,7,B,MEMPHIS,SHELBY,City of Memphis,49731,0.39921575187670194
300914112,2023-09-28,2023-09-28 18:58:00,2023,9,Thursday,18,35.111546,-90.02173,Suspected Serious Injury,Pedestrian,Intersection-On Roadway not in Crosswalk,Intersection-Related,Dark-Lighted,Not Collision with Motor Vehicle in Transport,Pedestrian,1,True,City of Memphis,S BELLEVUE BLVD,Minor Arterial,35.0,5.0,3,4.0,0.3986047283847808,E TRIGG AVE,0.2264158624828252,35.0,2,B,MEMPHIS,SHELBY,TDOT,5127,0.22641586248282522
300915960,2023-10-05,2023-10-05 17:56:00,2023,10,Thursday,17,35.162354,-89.947014,Possible Injury,Pedestrian,Intersection-On Roadway Crosswalk availability Unknown,Intersection,Daylight,Not Collision with Motor Vehicle in Transport,Pedestrian,1,True,City of Memphis,,,,,,,561.5056872756452,NATIONAL ST,0.4485690752906972,40.0,4,B,MEMPHIS,SHELBY,City of Memphis,51259,0.4485690752906972
300917180,2023-10-14,2023-10-14 17:00:00,2023,10,Saturday,17,35.04917,-89.83001,Suspected Serious Injury,Pedestrian,Not Intersection-On Roadway Not In Crosswalk,AccelDecelLane,Daylight,Not Collision with Motor Vehicle in Transport,Pedestrian,1,True,City of Memphis,,,,,,,536.2340062107872,RIVERDALE RD,0.4472952746157089,45.0,6,B,MEMPHIS,SHELBY,City of Memphis,51968,0.4472952746157089
300915768,2023-10-07,2023-10-07 14:27:00,2023,10,Saturday,14,35.21268,-89.892105,Possible Injury,Pedestrian,Not Intersection-Outside Traffic,Intersection-Related,Daylight,"Sideswipe, Opposite Direction",Other,1,True,City of Memphis,,,,,,,215.49594956306612,LONGACRE AVE,20.85363035581028,30.0,2,B,MEMPHIS,SHELBY,City of Memphis,6916,20.853630355810278
300916233,2023-10-09,2023-10-09 10:58:00,2023,10,Monday,10,35.094753,-90.0555,Possible Injury,Pedestrian,Not Intersection-On Roadway Not In Crosswalk,Non-Junction,Daylight,Not Collision with Motor Vehicle in Transport,Pedestrian,1,True,TDOT state route,,,,,,,38.77644352298611,S THIRD ST,38.12196533553573,40.0,7,B,MEMPHIS,SHELBY,City of Memphis,46922,38.12196533553573
300917710,2023-10-17,2023-10-17 14:40:00,2023,10,Tuesday,14,35.143208,-90.05363,Possible Injury,Pedestrian,Intersection-On Roadway Crosswalk Not Available,Intersection,Daylight,Not Collision with Motor Vehicle in Transport,Pedestrian,1,True,City of Memphis,,,,,,,122.1520751510398,UNION AVE,1.4947529646506907,30.0,4,B,MEMPHIS,SHELBY,City of Memphis,7468,1.4947529646506907
300912257,2023-09-20,2023-09-20 15:43:00,2023,9,Wednesday,15,35.070583,-89.8641,Suspected Serious Injury,Pedestrian,Not Intersection-On Roadway Not In Crosswalk,AccelDecelLane,Daylight,Not Collision with Motor Vehicle in Transport,Pedestrian,1,True,City of Memphis,,,,,,,529.1470129408633,HICKORY HILL RD,46.39843837918702,45.0,6,B,MEMPHIS,SHELBY,City of Memphis,49464,46.39843837918702
300914415,2023-10-01,2023-10-01 13:00:00,2023,10,Sunday,13,35.174286,-89.97595,Possible Injury,Pedestrian,Intersection-In Crosswalk,Intersection,Daylight,Not Collision with Motor Vehicle in Transport,Pedestrian,1,True,City of Memphis,,,,,,,1807.94614135627,CHELSEA AVE,40.771905576717096,40.0,4,B,MEMPHIS,SHELBY,City of Memphis,50733,40.771905576717096
300915073,2023-10-04,2023-10-04 07:57:00,2023,10,Wednesday,7,35.16734,-90.0103,No Injury,Other Non-Motorist,Unknown,AccelDecelLane,Daylight,Angle,Other,1,True,City of Memphis,,,,,,,941.6264164980358,BROWN AVE,0.3081741584251681,30.0,2,B,MEMPHIS,SHELBY,City of Memphis,3989,0.30817415842516815
300915806,2023-10-07,2023-10-07 01:00:00,2023,10,Saturday,1,35.035595,-89.98982,Possible Injury,Pedestrian,Not Intersection-On Roadway Not In Crosswalk,AccelDecelLane,Dark-Lighted,Not Collision with Motor Vehicle in Transport,Pedestrian,1,True,City of Memphis,,,,,,,1609.591903119402,E RAINES RD,0.1311188974856676,40.0,5,B,MEMPHIS,SHELBY,City of Memphis,52122,0.13111889748566766
300916751,2023-10-12,2023-10-12 23:19:00,2023,10,Thursday,23,35.04917,-89.83001,Possible Injury,Pedestrian,Intersection-On Roadway not in Crosswalk,Intersection,Dark-Lighted,Not Collision with Motor Vehicle in Transport,Pedestrian,1,True,City of Memphis,,,,,,,536.2340062107872,RIVERDALE RD,0.4472952746157089,45.0,6,B,MEMPHIS,SHELBY,City of Memphis,51968,0.4472952746157089
300895152,2023-06-25,2023-06-25 23:02:00,2023,6,Sunday,23,35.19183,-89.97579,Fatal,Pedestrian,Not Intersection-On Roadway Not In Crosswalk,Non-Junction,Dark-Lighted,Not Collision with Motor Vehicle in Transport,Pedestrian,1,True,City of Memphis,,,,,,,3605.960217055703,N HOLLYWOOD ST,0.0202627205540212,40.0,6,B,MEMPHIS,SHELBY,City of Memphis,52727,0.020262720554021244
300913284,2023-09-25,2023-09-25 19:00:00,2023,9,Monday,19,35.01948,-90.08443,Possible Injury,Pedestrian,Intersection-On Roadway Crosswalk Not Available,Intersection,Daylight,Not Collision with Motor Vehicle in Transport,Pedestrian,1,True,City of Memphis,,,,,,,155.24451740224643,TWELFTH RD,51.45271810660736,30.0,2,B,MEMPHIS,SHELBY,City of Memphis,71794,51.45271810660736
300913641,2023-09-26,2023-09-26 14:20:00,2023,9,Tuesday,14,35.219944,-90.035965,Possible Injury,Pedestrian,Not Intersection-On Roadway Not In Crosswalk,AccelDecelLane,Daylight,Not Collision with Motor Vehicle in Transport,Pedestrian,1,True,City of Memphis,,,,,,,617.309796262839,DAWN DR,0.1138183467586807,30.0,2,B,MEMPHIS,SHELBY,City of Memphis,27704,0.11381834675868077
300917481,2023-10-16,2023-10-16 16:32:00,2023,10,Monday,16,35.139336,-89.964294,Suspected Serious Injury,Pedestrian,Intersection-On Roadway Crosswalk Not Available,Non-Junction,Daylight,Not Collision with Motor Vehicle in Transport,Pedestrian,1,True,City of Memphis,,,,,,,344.081158466699,MIMOSA AVE,6.079162948013655,30.0,2,B,MEMPHIS,SHELBY,City of Memphis,6644,6.079162948013655
300915229,2023-10-05,2023-10-05 07:44:00,2023,10,Thursday,7,35.127537,-89.77441,Possible Injury,Pedestrian,Intersection-In Crosswalk,Unknown,Daylight,Not Collision with Motor Vehicle in Transport,Pedestrian,1,True,City of Memphis,,,,,,,2121.440417084735,WALNUT GROVE RD,0.0936421483448861,45.0,5,B,MEMPHIS,SHELBY,City of Memphis,49147,0.09364214834488617
300913665,2023-09-27,2023-09-27 19:20:00,2023,9,Wednesday,19,35.035145,-90.02236,Suspected Minor Injury,Pedestrian,Intersection-Not on Roadway,Intersection,Dark-Not Lighted,Not Collision with Motor Vehicle in Transport,Pedestrian,1,True,City of Memphis,,,,,,,256.0115050380837,E RAINES RD,41.4548502814236,40.0,5,B,MEMPHIS,SHELBY,City of Memphis,49723,41.4548502814236
300915610,2023-10-06,2023-10-06 16:20:00,2023,10,Friday,16,35.096157,-90.01803,Possible Injury,Pedestrian,Not Intersection-On Roadway Not In Crosswalk,Non-Junction,Daylight,Not Collision with Motor Vehicle in Transport,Pedestrian,1,True,TDOT state route,ELVIS PRESLEY BLVD,Minor Arterial,40.0,5.0,3,6.0,0.1519972548741543,ELVIS PRESLEY BLVD,0.5477293401666181,40.0,5,B,MEMPHIS,SHELBY,TDOT,46979,0.5477293401666181
300917256,2023-10-15,2023-10-15 15:05:00,2023,10,Sunday,15,35.15432,-89.885544,Possible Injury,Pedestrian,Intersection-On Roadway Crosswalk availability Unknown,Intersection,Daylight,Not Collision with Motor Vehicle in Transport,Pedestrian,1,True,Interstate ramp,,,,,,,117.42647970751968,40 S TO 240 E,72.52475446093793,45.0,1,FT,MEMPHIS,SHELBY,City of Memphis,36522,72.52475446093793
300915620,2023-10-06,2023-10-06 18:50:00,2023,10,Friday,18,35.172024,-89.868416,Possible Injury,Pedestrian,Intersection-On Roadway not in Crosswalk,Intersection,Dark-Lighted,Not Collision with Motor Vehicle in Transport,Pedestrian,1,True,TDOT state route,SUMMER AVE,Principal Arterial,45.0,4.0,1,1.0,3.0131622456908924,SUMMER AVE,0.141509278514793,45.0,4,B,MEMPHIS,SHELBY,TDOT,48577,0.141509278514793
300914486,2023-09-29,2023-09-29 22:20:00,2023,9,Friday,22,35.107105,-89.98499,Possible Injury,Pedestrian,Intersection-On Roadway not in Crosswalk,Intersection-Related,Dark-Not Lighted,Not Collision with Motor Vehicle in Transport,Pedestrian,1,True,TDOT state route,AIRWAYS BLVD,Principal Arterial,35.0,5.0,277,4.0,0.542604434771916,AIRWAYS BLVD,0.0450092406148481,35.0,5,B,MEMPHIS,SHELBY,TDOT,46988,0.04500924061484815
300911423,2023-09-15,2023-09-15 11:58:00,2023,9,Friday,11,35.14555,-90.00648,Possible Injury,Pedestrian,Not Intersection-Adjacent to Roadway,Intersection-Related,Daylight,Not Collision with Motor Vehicle in Transport,Pedestrian,1,True,City of Memphis,,,,,,,864.3147646171473,N AVALON ST,31.504402918832383,30.0,2,B,MEMPHIS,SHELBY,City of Memphis,81239,31.504402918832383
300915865,2023-10-05,2023-10-05 10:05:00,2023,10,Thursday,10,35.083305,-90.01855,Suspected Minor Injury,Pedestrian,Intersection-On Roadway not in Crosswalk,Non-Junction,Daylight,Not Collision with Motor Vehicle in Transport,Pedestrian,1,True,City of Memphis,ELVIS PRESLEY BLVD,Minor Arterial,40.0,4.0,3,6.0,0.025171471139501,NORRIS RD,0.1245076336166819,40.0,4,B,MEMPHIS,SHELBY,TDOT,50977,0.12450763361668198
300909326,2023-09-06,2023-09-06 05:51:00,2023,9,Wednesday,5,35.22037,-89.909874,Suspected Serious Injury,Pedestrian,Not Intersection-On Roadway Not In Crosswalk,Non-Junction,Dark-Lighted,Not Collision with Motor Vehicle in Transport,Pedestrian,1,True,City of Memphis,AUSTIN PEAY HWY,Principal Arterial,45.0,7.0,14,1.0,8.343270575995717,RALEIGH SPRINGS MALL DR,0.6292989345121631,15.0,2,B,MEMPHIS,SHELBY,TDOT,35562,0.6292989345121631
300914231,2023-09-05,2023-09-05 09:00:00,2023,9,Tuesday,9,35.10106,-89.83937,Possible Injury,Pedestrian,Intersection-On Roadway not in Crosswalk,Intersection,Daylight,Not Collision with Motor Vehicle in Transport,Pedestrian,1,True,City of Memphis,,,,,,,303.03445155795674,KIRBY PKWY,0.6404694474974967,40.0,5,B,MEMPHIS,SHELBY,City of Memphis,51793,0.6404694474974967
300914809,2023-10-02,2023-10-02 10:43:00,2023,10,Monday,10,35.04782,-89.77089,Possible Injury,Pedestrian,Not Intersection-Outside Traffic,Non-Junction,Daylight,Not Collision with Motor Vehicle in Transport,Pedestrian,1,True,City of Memphis,,,,,,,3420.115607728555,WINCHESTER RD,0.4550326071100755,45.0,6,B,MEMPHIS,SHELBY,City of Memphis,52458,0.45503260711007554
300921685,2023-11-04,2023-11-04 17:00:00,2023,11,Saturday,17,35.202286,-90.00732,Possible Injury,Pedestrian,Intersection-On Roadway not in Crosswalk,Non-Junction,Daylight,Not Collision with Motor Vehicle in Transport,Pedestrian,1,True,City of Memphis,,,,,,,2410.5386064376567,N WATKINS ST,0.6741716930774301,40.0,4,B,MEMPHIS,SHELBY,City of Memphis,49861,0.6741716930774301
300923127,2023-11-10,2023-11-10 14:10:00,2023,11,Friday,14,35.225494,-89.88692,No Injury,Pedestrian,Intersection-Not on Roadway,AccelDecelLane,Daylight,Not Collision with Motor Vehicle in Transport,Other,1,True,City of Memphis,,,,,,,582.9842809533618,SUNNYSIDE ST,21.71682893571909,30.0,2,B,MEMPHIS,SHELBY,City of Memphis,80324,21.71682893571909
300924942,2023-11-20,2023-11-20 13:35:00,2023,11,Monday,13,35.043865,-89.84237,Suspected Minor Injury,Pedestrian,Intersection-Not on Roadway,"Driveway, Alley Access, etc",Daylight,Not Collision with Motor Vehicle in Transport,Pedestrian,1,True,City of Memphis,,,,,,,1682.6752329175915,KIRBY PKWY,95.84146292656064,45.0,6,B,MEMPHIS,SHELBY,City of Memphis,49509,95.84146292656064
300870877,2023-03-03,2023-03-03 19:15:00,2023,3,Friday,19,35.115478,-90.030309,Fatal,Pedestrian,Intersection-On Roadway not in Crosswalk,Intersection,Dark-Lighted,Not Collision with Motor Vehicle in Transport,Pedestrian,1,True,City of Memphis,,,,,,,789.0456608011793,COLLEGE ST,0.7309732572090105,30.0,2,B,MEMPHIS,SHELBY,City of Memphis,82319,0.7309732572090105
300920916,2023-11-01,2023-11-01 20:25:00,2023,11,Wednesday,20,35.047623,-90.05627,Possible Injury,Pedestrian,Not Intersection-Adjacent to Roadway,Intersection,Dark-Not Lighted,Not Collision with Motor Vehicle in Transport,Pedestrian,2,True,City of Memphis,,,,,,,559.0102343749284,HILLVIEW AVE,0.0388806085391613,30.0,2,B,MEMPHIS,SHELBY,City of Memphis,2446,0.038880608539161386
300921742,2023-11-05,2023-11-05 15:30:00,2023,11,Sunday,15,35.126884,-89.98523,No Injury,Pedestrian,Unknown,AccelDecelLane,Daylight,Angle,Other,1,True,City of Memphis,,,,,,,90.25781163019728,LANDIS ST,22.00010741625259,30.0,2,B,MEMPHIS,SHELBY,City of Memphis,81664,22.00010741625259
300921667,2023-11-05,2023-11-05 01:40:00,2023,11,Sunday,1,35.07425,-89.94877,Suspected Serious Injury,Pedestrian,Intersection-On Roadway not in Crosswalk,Non-Junction,Dark-Lighted,Angle,Other,1,True,TDOT state route,LAMAR AVE,Principal Arterial,40.0,7.0,4,4.0,14.141361448878378,LAMAR AVE,11.408413042247698,40.0,7,B,MEMPHIS,SHELBY,TDOT,47857,11.408413042247698
300922928,2023-11-10,2023-11-10 17:00:00,2023,11,Friday,17,35.072693,-89.931885,Suspected Serious Injury,Pedestrian,Not Intersection-On Roadway Not In Crosswalk,Non-Junction,Dusk,Not Collision with Motor Vehicle in Transport,Pedestrian,1,True,TDOT state route,GETWELL RD,Principal Arterial,40.0,7.0,176,4.0,0.8191315866339804,GETWELL RD,0.50230583105649,40.0,7,B,MEMPHIS,SHELBY,TDOT,46423,0.50230583105649
300923625,2023-11-13,2023-11-13 14:00:00,2023,11,Monday,14,35.04997,-89.80959,Suspected Serious Injury,Pedestrian,Not Intersection-Outside Traffic,OtherLocation,Daylight,Not Collision with Motor Vehicle in Transport,Pedestrian,1,True,TDOT state route,STATE ROUTE 385,Freeway and Expressway,65.0,2.0,NONCONNAH PKWY,2.0,1.3986087896028592,STATE ROUTE 385 E,0.0007114616903108,65.0,3,FT,MEMPHIS,SHELBY,TDOT,48210,0.0007114616903108839
300923919,2023-11-13,2023-11-13 23:50:00,2023,11,Monday,23,35.16373,-90.0367,Possible Injury,Pedestrian,Intersection-On Roadway Crosswalk Not Available,Intersection,Dark-Not Lighted,Not Collision with Motor Vehicle in Transport,Pedestrian,1,True,TDOT state route,THOMAS ST,Principal Arterial,35.0,5.0,3,7.0,1.924310776459004,CHELSEA AVE,0.0724008145645172,35.0,5,B,MEMPHIS,SHELBY,TDOT,50347,0.07240081456451727
300920662,2023-10-30,2023-10-30 18:58:00,2023,10,Monday,18,35.10829,-89.970085,Suspected Serious Injury,Pedestrian,Not Intersection-On Roadway Not In Crosswalk,Non-Junction,Dark-Lighted,Not Collision with Motor Vehicle in Transport,Pedestrian,1,True,City of Memphis,,,,,,,1092.3482935212924,PARK AVE,23.469216769298903,35.0,4,B,MEMPHIS,SHELBY,City of Memphis,51049,23.469216769298903
300918716,2023-10-21,2023-10-21 21:30:00,2023,10,Saturday,21,35.107296,-90.04129,Suspected Serious Injury,Pedestrian,Not Intersection-On Roadway Not In Crosswalk,AccelDecelLane,Dark-Lighted,Not Collision with Motor Vehicle in Transport,Pedestrian,1,True,City of Memphis,,,,,,,1280.7037250052265,S PARKWAY E,0.0993316709004744,35.0,5,B,MEMPHIS,SHELBY,City of Memphis,50895,0.0993316709004744
300924495,2023-11-17,2023-11-17 19:44:00,2023,11,Friday,19,35.109135,-89.88837,Possible Injury,Pedestrian,Intersection-In Crosswalk,Intersection,Dark-Lighted,Not Collision with Motor Vehicle in Transport,Pedestrian,1,True,City of Memphis,POPLAR AVE,Principal Arterial,40.0,7.0,57,5.0,4.354441791235123,S WHITE STATION RD,0.3925654176181126,40.0,5,B,MEMPHIS,SHELBY,TDOT,53073,0.3925654176181126
300921775,2023-11-05,2023-11-05 19:25:00,2023,11,Sunday,19,35.182,-89.8638,Possible Injury,Pedestrian,Not Intersection-Adjacent to Roadway,Intersection-Related,Dark-Lighted,Not Collision with Motor Vehicle in Transport,Pedestrian,1,True,City of Memphis,,,,,,,383.4797261930772,RALEIGH LAGRANGE RD,35.47379154431948,40.0,2,B,MEMPHIS,SHELBY,City of Memphis,50118,35.47379154431948
300923942,2023-11-16,2023-11-16 00:12:00,2023,11,Thursday,0,35.17838,-89.93549,Possible Injury,Pedestrian,Not Intersection-Adjacent to Roadway,Non-Junction,Dark-Lighted,Not Collision with Motor Vehicle in Transport,Pedestrian,1,True,City of Memphis,,,,,,,108.90127510440584,VILLA DR,0.7970204729509673,30.0,2,B,MEMPHIS,SHELBY,City of Memphis,29523,0.7970204729509673
300875694,2023-03-25,2023-03-25 23:19:00,2023,3,Saturday,23,35.06969,-89.87566,Suspected Serious Injury,Pedestrian,Not Intersection-On Roadway Not In Crosswalk,Intersection,Dark-Lighted,Not Collision with Motor Vehicle in Transport,Pedestrian,1,True,City of Memphis,,,,,,,1050.318144439627,CLARKE RD,0.1800200779208027,35.0,2,B,MEMPHIS,SHELBY,City of Memphis,71287,0.18002007792080277
300914363,2023-10-01,2023-10-01 02:33:00,2023,10,Sunday,2,35.060703,-89.83386,Fatal,Pedestrian,Not Intersection-On Roadway Not In Crosswalk,Non-Junction,Dark-Not Lighted,Not Collision with Motor Vehicle in Transport,Pedestrian,1,True,City of Memphis,,,,,,,208.38472000135084,QUINCE RD,0.4279886470580944,45.0,2,B,MEMPHIS,SHELBY,City of Memphis,51853,0.4279886470580944
300922966,2023-11-09,2023-11-09 15:25:00,2023,11,Thursday,15,35.018738,-90.02509,Possible Injury,Pedestrian,Intersection-In Crosswalk,OtherLocation,Other,Not Collision with Motor Vehicle in Transport,Pedestrian,1,True,TDOT state route,ELVIS PRESLEY BLVD,Principal Arterial,40.0,5.0,3,3.0,11.751532176966876,ELVIS PRESLEY BLVD,11.55140424866186,40.0,5,B,MEMPHIS,SHELBY,TDOT,46488,11.551404248661859
300922682,2023-11-08,2023-11-08 20:35:00,2023,11,Wednesday,20,35.244186,-89.94719,Fatal,Pedestrian,Not Intersection-Adjacent to Roadway,Non-Junction,Dark-Lighted,Not Collision with Motor Vehicle in Transport,Pedestrian,1,True,City of Memphis,,,,,,,4294.067791359,RIDGEMONT RD,41.65388928812308,30.0,4,B,MEMPHIS,SHELBY,City of Memphis,52106,41.653889288123075
300921575,2023-11-04,2023-11-04 18:30:00,2023,11,Saturday,18,35.177612,-89.95804,Possible Injury,Pedestrian,Not Intersection-In Crosswalk,Intersection,Daylight,Not Collision with Motor Vehicle in Transport,Pedestrian,1,True,City of Memphis,,,,,,,1351.700163697603,ORIOLE ST,23.519875876590227,30.0,2,B,MEMPHIS,SHELBY,City of Memphis,82980,23.519875876590227
300922705,2023-11-09,2023-11-09 17:14:00,2023,11,Thursday,17,35.149544,-90.04439,Suspected Minor Injury,Pedestrian,Intersection-In Crosswalk,Intersection,Dark-Lighted,Not Collision with Motor Vehicle in Transport,Pedestrian,1,True,City of Memphis,,,,,,,119.7233311976663,EXCHANGE AVE,0.565126252385457,30.0,2,B,MEMPHIS,SHELBY,City of Memphis,6544,0.565126252385457
300922709,2023-11-09,2023-11-09 18:20:00,2023,11,Thursday,18,35.136204,-90.016266,Suspected Minor Injury,Pedestrian,Intersection-On Roadway not in Crosswalk,Intersection,Dark-Lighted,Not Collision with Motor Vehicle in Transport,Pedestrian,1,True,City of Memphis,,,,,,,70.51544182555966,ALLEY,29.705336399717176,25.0,1,B,MEMPHIS,SHELBY,City of Memphis,267,29.705336399717176
300920103,2023-10-27,2023-10-27 22:00:00,2023,10,Friday,22,35.018356,-90.06777,Suspected Serious Injury,Pedestrian,Not Intersection-On Roadway Crosswalk not Available,"Driveway, Alley Access, etc",Dark-Lighted,Not Collision with Motor Vehicle in Transport,Pedestrian,1,True,City of Memphis,,,,,,,287.1935151816499,W GEETER RD,26.770476748563905,30.0,2,B,MEMPHIS,SHELBY,City of Memphis,72010,26.770476748563905
300924559,2023-11-18,2023-11-18 19:50:00,2023,11,Saturday,19,35.035503,-90.090324,Possible Injury,Pedestrian,Intersection-On Roadway Crosswalk availability Unknown,Intersection,Dawn,Not Collision with Motor Vehicle in Transport,Pedestrian,1,True,City of Memphis,,,,,,,1209.3255479372792,W RAINES RD,41.85144794264753,40.0,5,B,MEMPHIS,SHELBY,City of Memphis,49557,41.85144794264753
300922763,2023-11-08,2023-11-08 08:15:00,2023,11,Wednesday,8,35.143147,-90.04417,Possible Injury,Pedestrian,Intersection-On Roadway not in Crosswalk,"Driveway, Alley Access, etc",Daylight,Not Collision with Motor Vehicle in Transport,Pedestrian,1,True,City of Memphis,S DANNY THOMAS BLVD,Principal Arterial,35.0,2.0,1,6.0,2.6948324263141448,MADISON AVE,0.0229799369022608,35.0,4,B,MEMPHIS,SHELBY,TDOT,50307,0.022979936902260824
300924350,2023-11-17,2023-11-17 19:00:00,2023,11,Friday,19,35.083065,-89.93171,Possible Injury,Pedestrian,Intersection-Not on Roadway,Intersection-Related,Dark-Lighted,Not Collision with Motor Vehicle in Transport,Pedestrian,1,True,City of Memphis,,,,,,,288.9813946539055,GETWELL RD,41.04552473580102,40.0,7,B,MEMPHIS,SHELBY,City of Memphis,53672,41.04552473580102
300922788,2023-11-09,2023-11-09 00:14:00,2023,11,Thursday,0,35.06032,-90.06083,Possible Injury,Pedestrian,Not Intersection-On Roadway Not In Crosswalk,Intersection,Dark-Lighted,Not Collision with Motor Vehicle in Transport,Pedestrian,1,True,City of Memphis,,,,,,,121.84819025951022,E ROLLINS RD,31.92495631839188,30.0,2,B,MEMPHIS,SHELBY,City of Memphis,72080,31.92495631839188