MstrRecNbrTxt,CollisionDate,CollisionDteTime,YearNmb,Month,DayOfWeek,Hour,Latitude,Longitude,InjuryClass,PersonType,NonMotoristLocation,RelationToJunction,LightCondition,MannerOfCollision,FirstHarmfulEvent,VictimsInCrash,InMemphis,Jurisdiction,StateRoute_NAME,StateRoute_F_System,StateRoute_SPDLIMIT,StateRoute_LANES,StateRoute_ALTNAME_1,StateRoute_Council_District,DistToStateRoute_m,Street_Name,DistToStreet_m,Street_SPDLIMIT,Street_LANES,Street_ONEWAY,Street_CITY_L,Street_COUNTY_L,Jurisdiction_prev,Seg_OBJECTID,DistToSeg_m
300920164,2023-10-27,2023-10-27 20:47:00,2023,10,Friday,20,35.073643,-89.90422,Possible Injury,Pedestrian,Not Intersection-On Roadway Not In Crosswalk,Non-Junction,Dark-Lighted,Not Collision with Motor Vehicle in Transport,Pedestrian,1,True,City of Memphis,,,,,,,2506.953665554177,AMERICAN WAY,46.40280206527844,45.0,5,B,MEMPHIS,SHELBY,City of Memphis,49380,46.40280206527844
300918339,2023-10-18,2023-10-18 15:52:00,2023,10,Wednesday,15,35.13079,-90.02165,Possible Injury,Pedestrian,Intersection-On Roadway not in Crosswalk,Intersection,Daylight,Not Collision with Motor Vehicle in Transport,Pedestrian,1,True,TDOT state route,,,,,,,65.69058224710349,S BELLEVUE BLVD,66.24547213259919,35.0,4,B,MEMPHIS,SHELBY,City of Memphis,46753,66.24547213259919
300924868,2023-11-20,2023-11-20 12:30:00,2023,11,Monday,12,35.084736,-89.98446,Possible Injury,Pedestrian,Not Intersection-On Roadway Not In Crosswalk,Non-Junction,Daylight,Not Collision with Motor Vehicle in Transport,Pedestrian,1,True,City of Memphis,,,,,,,1732.1657577649394,DWIGHT RD,1.6822335980467913,35.0,2,B,MEMPHIS,SHELBY,City of Memphis,73482,1.6822335980467913
300922220,2023-11-07,2023-11-07 15:48:00,2023,11,Tuesday,15,35.21583,-89.92238,Possible Injury,Pedestrian,Intersection-On Roadway Crosswalk Not Available,Intersection,Daylight,Not Collision with Motor Vehicle in Transport,Pedestrian,1,True,City of Memphis,,,,,,,555.990006601053,HANNA DR,23.517808814474417,30.0,2,B,MEMPHIS,SHELBY,City of Memphis,28219,23.517808814474417
300927745,2023-12-04,2023-12-04 15:43:00,2023,12,Monday,15,35.09624,-89.85845,Possible Injury,Pedestrian,Not Intersection-On Roadway Not In Crosswalk,Non-Junction,Daylight,Not Collision with Motor Vehicle in Transport,Pedestrian,1,True,City of Memphis,,,,,,,596.0702313083611,RIDGEWAY RD,8.557079077231636,40.0,7,B,MEMPHIS,SHELBY,City of Memphis,52875,8.557079077231636
300929339,2023-12-11,2023-12-11 07:40:00,2023,12,Monday,7,35.210182,-90.02313,Possible Injury,Pedestrian,Not Intersection-On Roadway Not In Crosswalk,Non-Junction,Dusk,Not Collision with Motor Vehicle in Transport,Pedestrian,1,True,City of Memphis,,,,,,,847.7697455204042,DELLWOOD AVE,0.53544591821906,35.0,2,B,MEMPHIS,SHELBY,City of Memphis,2690,0.53544591821906
300927753,2023-12-03,2023-12-03 20:50:00,2023,12,Sunday,20,35.10837,-90.02629,No Injury,Pedestrian,Not Intersection-Outside Traffic,Intersection-Related,Dark-Not Lighted,Angle,Other,1,True,City of Memphis,,,,,,,432.2892843387012,ENGLEWOOD ST,18.002966116274457,25.0,2,B,MEMPHIS,SHELBY,City of Memphis,82351,18.002966116274457
300927756,2023-12-04,2023-12-04 17:30:00,2023,12,Monday,17,35.02604,-90.00751,Possible Injury,Pedestrian,Intersection-On Roadway not in Crosswalk,Non-Junction,Dusk,Not Collision with Motor Vehicle in Transport,Pedestrian,1,True,City of Memphis,,,,,,,551.6889749719535,MILLBRANCH RD,1.1351826930452655,40.0,4,B,MEMPHIS,SHELBY,City of Memphis,49772,1.1351826930452655
300926936,2023-11-30,2023-11-30 08:10:00,2023,11,Thursday,8,35.035538,-90.023155,Possible Injury,Pedestrian,Intersection-On Roadway not in Crosswalk,Non-Junction,Daylight,Not Collision with Motor Vehicle in Transport,Pedestrian,1,True,City of Memphis,,,,,,,183.26490622025744,E RAINES RD,1.9223949159374376,40.0,5,B,MEMPHIS,SHELBY,City of Memphis,49723,1.9223949159374378
300926168,2023-11-27,2023-11-27 08:53:00,2023,11,Monday,8,35.141293,-90.01636,Possible Injury,Pedestrian,Intersection-In Crosswalk,Intersection,Daylight,Not Collision with Motor Vehicle in Transport,Pedestrian,1,True,City of Memphis,,,,,,,488.725512612909,N CLEVELAND ST,29.2277131372257,35.0,4,B,MEMPHIS,SHELBY,City of Memphis,81001,29.2277131372257
300926462,2023-11-28,2023-11-28 17:05:00,2023,11,Tuesday,17,35.020824,-90.04911,Possible Injury,Pedestrian,Intersection-On Roadway Crosswalk Not Available,Intersection-Related,Dark-Not Lighted,Not Collision with Motor Vehicle in Transport,Pedestrian,1,True,TDOT state route,E SHELBY DR,Minor Arterial,45.0,5.0,175,6.0,4.00799848927666,E SHELBY DR,0.632746904909872,45.0,5,B,MEMPHIS,SHELBY,TDOT,49678,0.632746904909872
300911569,2023-09-14,2023-09-14 08:00:00,2023,9,Thursday,8,35.16373,-90.0367,Fatal,Pedestrian,Not Intersection-Outside Traffic,Intersection,Daylight,Not Collision with Motor Vehicle in Transport,Other,1,True,TDOT state route,THOMAS ST,Principal Arterial,35.0,5.0,3,7.0,1.924310776459004,CHELSEA AVE,0.0724008145645172,35.0,5,B,MEMPHIS,SHELBY,TDOT,50347,0.07240081456451727
300928921,2023-12-10,2023-12-10 09:30:00,2023,12,Sunday,9,35.145313,-90.03447,Possible Injury,Pedestrian,Intersection-Unknown,Intersection,Daylight,Not Collision with Motor Vehicle in Transport,Pedestrian,1,True,City of Memphis,,,,,,,732.22829977973,N MANASSAS ST,39.458731061351294,30.0,4,B,MEMPHIS,SHELBY,City of Memphis,80711,39.458731061351294
300925848,2023-11-25,2023-11-25 01:56:00,2023,11,Saturday,1,35.13684,-90.01668,Suspected Minor Injury,Pedestrian,Intersection-Unknown,Non-Junction,Dark-Not Lighted,Not Collision with Motor Vehicle in Transport,Pedestrian,1,True,TDOT state route,UNION AVE,Principal Arterial,35.0,6.0,23,6.0,5.167134976568865,UNION AVE,0.585222463273447,35.0,6,B,MEMPHIS,SHELBY,TDOT,48098,0.585222463273447
300927352,2023-12-02,2023-12-02 18:00:00,2023,12,Saturday,18,35.091293,-90.076,Suspected Serious Injury,Pedestrian,Not Intersection-On Roadway Crosswalk not Available,"Driveway, Alley Access, etc",Dark-Lighted,Not Collision with Motor Vehicle in Transport,Pedestrian,1,True,City of Memphis,,,,,,,1791.5246417648054,RIVERSIDE BLVD,20.21903780463357,35.0,2,B,MEMPHIS,SHELBY,City of Memphis,8010,20.21903780463357
300925131,2023-11-20,2023-11-20 18:23:00,2023,11,Monday,18,35.184135,-89.92008,Suspected Serious Injury,Pedestrian,Not Intersection-On Roadway Not In Crosswalk,Non-Junction,Dark-Lighted,Not Collision with Motor Vehicle in Transport,Pedestrian,1,True,City of Memphis,,,,,,,901.9042639485684,DAVIS CIR,26.02925678855238,30.0,2,B,MEMPHIS,SHELBY,City of Memphis,9174,26.02925678855238
300922063,2023-11-06,2023-11-06 09:45:00,2023,11,Monday,9,35.046616,-90.01205,No Injury,Pedestrian,Intersection-Not on Roadway,Non-Junction,Daylight,Not Collision with Motor Vehicle in Transport,Other,1,True,City of Memphis,,,,,,,1191.59655419426,LEHR DR,4.460657630514634,35.0,2,B,MEMPHIS,SHELBY,City of Memphis,27523,4.460657630514634
300905908,2023-08-19,2023-08-19 01:18:00,2023,8,Saturday,1,35.07087,-89.90529,Fatal,Pedestrian,Not Intersection-On Roadway Crosswalk Availability Unknown,Intersection-Related,Dark-Lighted,Not Collision with Motor Vehicle in Transport,Pedestrian,1,True,City of Memphis,,,,,,,2433.368811448551,S PERKINS RD,18.12866974563008,40.0,7,B,MEMPHIS,SHELBY,City of Memphis,51872,18.128669745630077
300927444,2023-12-01,2023-12-01 00:00:00,2023,12,Friday,99,35.13684,-90.01668,Possible Injury,Pedestrian,Intersection-In Crosswalk,Intersection,Unknown,Not Collision with Motor Vehicle in Transport,Pedestrian,1,True,TDOT state route,UNION AVE,Principal Arterial,35.0,6.0,23,6.0,5.167134976568865,UNION AVE,0.585222463273447,35.0,6,B,MEMPHIS,SHELBY,TDOT,48098,0.585222463273447
300925897,2023-11-24,2023-11-24 21:00:00,2023,11,Friday,21,35.128716,-90.02108,Suspected Minor Injury,Pedestrian,Intersection-In Crosswalk,Intersection,Dark-Lighted,Not Collision with Motor Vehicle in Transport,Pedestrian,1,True,TDOT state route,S BELLEVUE BLVD,Minor Arterial,35.0,4.0,3,6.0,0.1613578382113724,LAMAR AVE,0.364993029068438,40.0,7,B,MEMPHIS,SHELBY,TDOT,47391,0.364993029068438
300945569,2024-03-06,2024-03-06 19:00:00,2024,3,Wednesday,19,35.13337,-89.96339,Possible Injury,Pedestrian,Not Intersection-On Roadway Not In Crosswalk,Non-Junction,Dark-Lighted,Not Collision with Motor Vehicle in Transport,Pedestrian,1,True,TDOT state route,POPLAR AVE,Principal Arterial,40.0,7.0,57,5.0,4.716625327566114,POPLAR AVE,0.560589018528974,40.0,7,B,MEMPHIS,SHELBY,TDOT,47004,0.560589018528974
300944713,2024-03-06,2024-03-06 14:44:00,2024,3,Wednesday,14,35.03486,-89.86643,Possible Injury,Pedestrian,Not Intersection-On Roadway Not In Crosswalk,Non-Junction,Daylight,Not Collision with Motor Vehicle in Transport,Pedestrian,1,True,City of Memphis,,,,,,,1604.4206166412694,E RAINES RD,0.1875011714317994,45.0,7,B,MEMPHIS,SHELBY,City of Memphis,51726,0.18750117143179942
300946427,2024-03-16,2024-03-16 18:05:00,2024,3,Saturday,18,35.131176,-89.94599,Possible Injury,Pedestrian,Intersection-Not on Roadway,Non-Junction,Dawn,Not Collision with Motor Vehicle in Transport,Pedestrian,1,True,City of Memphis,,,,,,,95.7360951912625,S HIGHLAND ST,80.90290903881785,40.0,5,B,MEMPHIS,SHELBY,City of Memphis,53630,80.90290903881785
300943138,2024-02-26,2024-02-26 03:00:00,2024,2,Monday,3,35.14826,-90.043564,Suspected Serious Injury,Pedestrian,Intersection-In Crosswalk,Non-Junction,Unknown,Not Collision with Motor Vehicle in Transport,Pedestrian,1,True,City of Memphis,N DANNY THOMAS BLVD,Principal Arterial,35.0,7.0,1,7.0,1.394637586416222,POPLAR AVE,0.1784069825667112,35.0,5,B,MEMPHIS,SHELBY,TDOT,50319,0.1784069825667112
300943609,2024-02-28,2024-02-28 11:58:00,2024,2,Wednesday,11,35.146214,-90.04428,Possible Injury,Pedestrian,Intersection-On Roadway not in Crosswalk,Intersection-Related,Daylight,Not Collision with Motor Vehicle in Transport,Pedestrian,1,True,City of Memphis,N DANNY THOMAS BLVD,Principal Arterial,35.0,7.0,1,7.0,0.0999569035118134,ADAMS AVE,0.3236714706540734,30.0,2,B,MEMPHIS,SHELBY,TDOT,3399,0.3236714706540734
300944086,2024-03-02,2024-03-02 16:05:00,2024,3,Saturday,16,35.13793,-90.031555,Suspected Minor Injury,Pedestrian,Not Intersection-On Roadway Not In Crosswalk,Non-Junction,Daylight,Not Collision with Motor Vehicle in Transport,Pedestrian,1,True,TDOT state route,,,,,,,49.20245343686932,UNION AVE,44.6440201575137,35.0,6,B,MEMPHIS,SHELBY,City of Memphis,46704,44.6440201575137
300944271,2024-03-03,2024-03-03 03:00:00,2024,3,Sunday,3,35.140358,-90.05173,Suspected Serious Injury,Pedestrian,Intersection-Unknown,Non-Junction,Dark-Lighted,Not Collision with Motor Vehicle in Transport,Pedestrian,1,True,City of Memphis,S THIRD ST,Minor Arterial,35.0,3.0,14,6.0,0.3220582526787811,PEABODY PL,0.5394471709462352,30.0,4,B,MEMPHIS,SHELBY,TDOT,55057,0.5394471709462352
300942946,2024-02-19,2024-02-19 18:26:00,2024,2,Monday,18,35.1347,-89.98194,Suspected Serious Injury,Pedestrian,Intersection-On Roadway not in Crosswalk,Intersection-Related,Daylight,Not Collision with Motor Vehicle in Transport,Pedestrian,1,True,City of Memphis,,,,,,,132.69016219471322,PATRICIA DR,114.93270556490468,30.0,2,B,MEMPHIS,SHELBY,City of Memphis,29409,114.93270556490467
300922820,2023-11-09,2023-11-09 17:14:00,2023,11,Thursday,17,35.10725,-89.9874,Suspected Serious Injury,Pedestrian,Not Intersection-On Roadway Not In Crosswalk,AccelDecelLane,Dark-Lighted,Not Collision with Motor Vehicle in Transport,Pedestrian,1,True,TDOT state route,LAMAR AVE,Principal Arterial,40.0,5.0,4,4.0,4.844639429684199,LAMAR AVE,6.903895782513437,40.0,5,B,MEMPHIS,SHELBY,TDOT,46915,6.903895782513437
300946022,2024-03-14,2024-03-14 06:30:00,2024,3,Thursday,6,35.13608,-90.0245,Suspected Serious Injury,Pedestrian,Not Intersection-On Roadway Crosswalk Availability Unknown,AccelDecelLane,Dawn,Not Collision with Motor Vehicle in Transport,Pedestrian,1,True,City of Memphis,,,,,,,174.69288330203923,EASTMORELAND AVE,0.4268931970007385,30.0,2,B,MEMPHIS,SHELBY,City of Memphis,6741,0.4268931970007385
300942758,2024-02-24,2024-02-24 08:29:00,2024,2,Saturday,8,35.065323,-90.072075,Possible Injury,Pedestrian,Intersection-Unknown,Intersection,Daylight,Not Collision with Motor Vehicle in Transport,Pedestrian,1,True,City of Memphis,,,,,,,1190.320105631597,FLYNN RD,31.35916470441561,30.0,2,B,MEMPHIS,SHELBY,City of Memphis,72006,31.359164704415612
300946093,2024-03-14,2024-03-14 13:30:00,2024,3,Thursday,13,35.05282,-90.00772,Suspected Serious Injury,Pedestrian,Not Intersection-Other Not On Roadway,Non-Junction,Daylight,Not Collision with Motor Vehicle in Transport,Pedestrian,1,True,City of Memphis,,,,,,,1580.0668840325095,MILLBRANCH RD,24.248657962351214,40.0,4,B,MEMPHIS,SHELBY,City of Memphis,49793,24.248657962351214
300943004,2024-02-25,2024-02-25 21:08:00,2024,2,Sunday,21,35.153065,-89.883156,Possible Injury,Pedestrian,Not Intersection-On Roadway Not In Crosswalk,Non-Junction,Dark-Lighted,Angle,Other,2,True,City of Memphis,,,,,,,372.22162486753086,SAM COOPER BLVD W,1.6481511550829215,65.0,2,TF,MEMPHIS,SHELBY,City of Memphis,39690,1.6481511550829215
300946316,2024-03-16,2024-03-16 00:30:00,2024,3,Saturday,0,35.17286,-90.036,Suspected Serious Injury,Pedestrian,Not Intersection-On Roadway Not In Crosswalk,Intersection-Related,Dark-Not Lighted,Not Collision with Motor Vehicle in Transport,Pedestrian,1,True,City of Memphis,THOMAS ST,Minor Arterial,35.0,4.0,3,7.0,0.1079038746287813,MARBLE AVE,0.0141789623981717,30.0,2,B,MEMPHIS,SHELBY,TDOT,3577,0.014178962398171756
300943009,2024-02-25,2024-02-25 18:51:00,2024,2,Sunday,18,35.066006,-89.912094,Possible Injury,Pedestrian,Not Intersection-Other Not On Roadway,"Driveway, Alley Access, etc",Dark-Lighted,Not Collision with Motor Vehicle in Transport,Pedestrian,1,True,City of Memphis,,,,,,,1801.8772442394704,MEADOWS LN,15.91936108473337,30.0,2,B,MEMPHIS,SHELBY,City of Memphis,41957,15.91936108473337
300902280,2023-08-01,2023-08-01 00:00:00,2023,8,Tuesday,0,35.021023,-90.00268,Fatal,Pedestrian,Not Intersection-On Roadway Crosswalk not Available,Non-Junction,Dark-Lighted,Angle,Other,1,True,TDOT state route,E SHELBY DR,,40.0,7.0,175,3.0,4.94990160948917,E SHELBY DR,0.2618931729026986,40.0,7,B,MEMPHIS,SHELBY,TDOT,48145,0.2618931729026986
300942814,2024-02-23,2024-02-23 14:40:00,2024,2,Friday,14,35.204502,-89.79206,Suspected Minor Injury,Pedestrian,Not Intersection-On Roadway Not In Crosswalk,Intersection,Daylight,Not Collision with Motor Vehicle in Transport,Pedestrian,1,True,TDOT state route,N GERMANTOWN PKWY,Principal Arterial,45.0,7.0,177,1.0,0.0834361809957411,N GERMANTOWN PKWY,0.2520866061966679,45.0,7,B,MEMPHIS,SHELBY,TDOT,48484,0.25208660619666795
300942827,2024-02-24,2024-02-24 17:35:00,2024,2,Saturday,17,35.090954,-89.9167,Possible Injury,Pedestrian,Not Intersection-On Roadway Not In Crosswalk,Non-Junction,Daylight,Not Collision with Motor Vehicle in Transport,Pedestrian,1,True,City of Memphis,,,,,,,1767.3599265627868,CHERRY RD,0.0599327529073484,40.0,4,B,MEMPHIS,SHELBY,City of Memphis,74069,0.05993275290734844
300944418,2024-03-04,2024-03-04 18:58:00,2024,3,Monday,18,35.07585,-89.93103,Possible Injury,Pedestrian,Not Intersection-On Roadway Not In Crosswalk,AccelDecelLane,Dark-Lighted,Not Collision with Motor Vehicle in Transport,Pedestrian,1,True,TDOT state route,,,,,,,49.91964123275287,GETWELL RD,50.24153739232893,40.0,7,B,MEMPHIS,SHELBY,City of Memphis,47387,50.24153739232893
300943527,2024-02-28,2024-02-28 15:39:00,2024,2,Wednesday,15,35.19523,-89.83642,Possible Injury,Pedestrian,Not Intersection-On Roadway Not In Crosswalk,Non-Junction,Daylight,Not Collision with Motor Vehicle in Transport,Pedestrian,1,True,City of Memphis,,,,,,,1047.6951110562966,REESE RD,0.097033155196534,30.0,2,B,MEMPHIS,SHELBY,City of Memphis,77124,0.097033155196534
300945667,2024-03-11,2024-03-11 21:45:00,2024,3,Monday,21,35.061985,-89.8891,Suspected Minor Injury,Pedestrian,Not Intersection-Other Not On Roadway,Intersection-Related,Dark-Lighted,Unknown,Other,1,True,City of Memphis,,,,,,,2408.058818383831,KNIGHT ARNOLD RD,0.1302697661176117,40.0,4,B,MEMPHIS,SHELBY,City of Memphis,49395,0.13026976611761176
300944655,2024-03-06,2024-03-06 05:45:00,2024,3,Wednesday,5,35.072372,-89.863434,Possible Injury,Pedestrian,Intersection-On Roadway not in Crosswalk,AccelDecelLane,Dark-Not Lighted,Not Collision with Motor Vehicle in Transport,Pedestrian,1,True,City of Memphis,,,,,,,332.0053824944714,MOUNT MORIAH ROAD EXT,0.3108306440733531,40.0,7,B,MEMPHIS,SHELBY,City of Memphis,53467,0.31083064407335315
300907355,2023-08-26,2023-08-26 20:48:00,2023,8,Saturday,20,35.046978,-89.954636,Fatal,Pedestrian,Not Intersection-On Roadway Crosswalk not Available,Intersection,Dark-Lighted,Not Collision with Motor Vehicle in Transport,Pedestrian,1,True,City of Memphis,,,,,,,1734.8403085107884,NEW TCHULAHOMA RD,12.667910536309236,45.0,4,B,MEMPHIS,SHELBY,City of Memphis,77015,12.667910536309236
300945491,2024-03-11,2024-03-11 10:55:00,2024,3,Monday,10,35.128063,-90.03553,Possible Injury,Pedestrian,Not Intersection-On Roadway Not In Crosswalk,Intersection,Daylight,Not Collision with Motor Vehicle in Transport,Pedestrian,1,True,City of Memphis,,,,,,,35.15636519451827,POLK AVE,14.87967877583438,30.0,2,B,MEMPHIS,SHELBY,City of Memphis,3540,14.87967877583438
300945127,2024-03-08,2024-03-08 08:00:00,2024,3,Friday,8,35.143852,-90.03178,Suspected Serious Injury,Pedestrian,Not Intersection-Adjacent to Roadway,"Driveway, Alley Access, etc",Daylight,Not Collision with Motor Vehicle in Transport,Pedestrian,1,True,City of Memphis,,,,,,,599.1727206937802,ADAMS AVE,44.565776431157225,30.0,2,B,MEMPHIS,SHELBY,City of Memphis,3598,44.565776431157225
300946567,2024-03-17,2024-03-17 11:30:00,2024,3,Sunday,11,35.035637,-90.098495,Possible Injury,Pedestrian,Not Intersection-In Crosswalk,Intersection,Daylight,Not Collision with Motor Vehicle in Transport,Pedestrian,1,True,City of Memphis,,,,,,,1793.9492922721613,W RAINES RD,32.121995409766384,35.0,5,B,MEMPHIS,SHELBY,City of Memphis,49555,32.121995409766384
300902266,2023-08-01,2023-08-01 21:39:00,2023,8,Tuesday,21,35.148746,-89.91827,Fatal,Pedestrian,Not Intersection-On Roadway Crosswalk not Available,Non-Junction,Dark-Lighted,Not Collision with Motor Vehicle in Transport,Pedestrian,1,True,TDOT state route,SUMMER AVE,Principal Arterial,40.0,7.0,1,5.0,25.02905419108001,SUMMER AVE,20.373133134913783,40.0,7,B,MEMPHIS,SHELBY,TDOT,47100,20.373133134913783
300943341,2024-02-27,2024-02-27 18:40:00,2024,2,Tuesday,18,35.035255,-90.02121,Suspected Serious Injury,Pedestrian,Not Intersection-On Roadway Not In Crosswalk,AccelDecelLane,Dusk,Not Collision with Motor Vehicle in Transport,Pedestrian,1,True,City of Memphis,,,,,,,360.8950575981816,E RAINES RD,29.664838032338704,40.0,5,B,MEMPHIS,SHELBY,City of Memphis,49728,29.664838032338704
300944004,2024-03-02,2024-03-02 13:28:00,2024,3,Saturday,13,35.024364,-89.950165,Possible Injury,Pedestrian,Not Intersection-On Roadway Not In Crosswalk,AccelDecelLane,Daylight,Not Collision with Motor Vehicle in Transport,Pedestrian,1,True,City of Memphis,,,,,,,398.9423135647328,PINEY WOODS AVE,22.09868061414508,30.0,2,B,MEMPHIS,SHELBY,City of Memphis,2053,22.098680614145078
300942671,2024-02-23,2024-02-23 19:50:00,2024,2,Friday,19,35.14073,-90.05319,Possible Injury,Pedestrian,Intersection-In Crosswalk,Intersection-Related,Dark-Lighted,Not Collision with Motor Vehicle in Transport,Pedestrian,1,True,TDOT state route,S SECOND ST,Minor Arterial,35.0,3.0,14,6.0,1.877387736419108,S SECOND ST,0.0884718064734376,35.0,3,FT,MEMPHIS,SHELBY,TDOT,50271,0.0884718064734376
300889787,2023-05-28,2023-05-28 22:49:00,2023,5,Sunday,22,34.995293,-89.87912,Fatal,Pedestrian,Not Intersection-Adjacent to Roadway,Non-Junction,Dark-Not Lighted,Angle,Other,1,True,TDOT state route,LAMAR AVE,Principal Arterial,55.0,2.0,4,3.0,7.601254283615757,LAMAR AVE,5.30369268658585,55.0,2,TF,MEMPHIS,SHELBY,TDOT,47519,5.30369268658585
300949538,2024-04-02,2024-04-02 06:25:00,2024,4,Tuesday,6,35.09345,-89.94938,Suspected Serious Injury,Pedestrian,Not Intersection-On Roadway Not In Crosswalk,Non-Junction,Dark-Lighted,Not Collision with Motor Vehicle in Transport,Pedestrian,1,True,City of Memphis,,,,,,,1424.5591819446288,PRESCOTT RD,0.6260938598497995,40.0,4,B,MEMPHIS,SHELBY,City of Memphis,51163,0.6260938598497995
300949005,2024-03-30,2024-03-30 21:13:00,2024,3,Saturday,21,35.197906,-89.905525,Fatal,Pedestrian,Not Intersection-On Roadway Not In Crosswalk,Non-Junction,Dark-Not Lighted,Not Collision with Motor Vehicle in Transport,Pedestrian,1,True,City of Memphis,,,,,,,927.80085350539,COURTNEY DR,26.0818509425056,30.0,2,B,MEMPHIS,SHELBY,City of Memphis,28342,26.081850942505596
300950729,2024-04-06,2024-04-06 01:00:00,2024,4,Saturday,1,35.170456,-90.01853,Suspected Serious Injury,Pedestrian,Intersection-On Roadway not in Crosswalk,AccelDecelLane,Dark-Lighted,Not Collision with Motor Vehicle in Transport,Pedestrian,1,True,City of Memphis,,,,,,,1314.5835570188535,CHELSEA AVE,0.0869480117255569,40.0,6,B,MEMPHIS,SHELBY,City of Memphis,52430,0.08694801172555695
300949183,2024-03-31,2024-03-31 15:50:00,2024,3,Sunday,15,35.047066,-90.0831,Possible Injury,Pedestrian,Not Intersection-On Roadway Not In Crosswalk,Intersection,Daylight,Not Collision with Motor Vehicle in Transport,Pedestrian,1,True,City of Memphis,,,,,,,1515.745915311768,DEERSKIN DR,2.174849592684856,30.0,2,B,MEMPHIS,SHELBY,City of Memphis,35357,2.174849592684856
300927411,2023-12-02,2023-12-02 18:00:00,2023,12,Saturday,18,35.21997,-89.97506,Suspected Serious Injury,Pedestrian,Not Intersection-On Roadway Not In Crosswalk,Non-Junction,Dark-Lighted,Not Collision with Motor Vehicle in Transport,Pedestrian,1,True,City of Memphis,,,,,,,3940.917650490673,RANGE LINE RD,42.22943878907444,40.0,4,B,MEMPHIS,SHELBY,City of Memphis,49931,42.229438789074436
300948828,2024-03-29,2024-03-29 16:20:00,2024,3,Friday,16,35.21044,-90.02334,No Injury,Pedestrian,Not Intersection-Adjacent to Roadway,Non-Junction,Daylight,Not Collision with Motor Vehicle in Transport,Pedestrian,1,True,City of Memphis,,,,,,,824.3737243837344,DELLWOOD AVE,24.716654777110083,35.0,2,B,MEMPHIS,SHELBY,City of Memphis,2690,24.716654777110083
300952277,2024-04-16,2024-04-16 18:07:00,2024,4,Tuesday,18,35.030243,-90.09917,No Injury,Pedestrian,Intersection-Not on Roadway,Non-Junction,Daylight,Not Collision with Motor Vehicle in Transport,Other,1,True,City of Memphis,,,,,,,1461.6047759957728,WESTERN PARK DR,0.2455336172068577,30.0,2,B,MEMPHIS,SHELBY,City of Memphis,26995,0.24553361720685773
300951092,2024-04-01,2024-04-01 15:00:00,2024,4,Monday,15,35.12923,-90.02928,Possible Injury,Pedestrian,Intersection-Unknown,Non-Junction,Daylight,Not Collision with Motor Vehicle in Transport,Pedestrian,1,True,City of Memphis,,,,,,,288.2002214868341,DUDLEY ST,0.0541871950397245,30.0,2,B,MEMPHIS,SHELBY,City of Memphis,84402,0.054187195039724585
300912842,2023-09-23,2023-09-23 20:33:00,2023,9,Saturday,20,35.04891,-89.82338,Fatal,Pedestrian,Not Intersection-On Roadway Not In Crosswalk,Non-Junction,Dark-Lighted,Not Collision with Motor Vehicle in Transport,Pedestrian,1,True,City of Memphis,,,,,,,389.23281482484566,WINCHESTER RD,0.1829667567269923,45.0,7,B,MEMPHIS,SHELBY,City of Memphis,49540,0.18296675672699234
300952100,2024-04-09,2024-04-09 22:20:00,2024,4,Tuesday,22,35.03555,-89.99004,Possible Injury,Pedestrian,Not Intersection-On Roadway Not In Crosswalk,Non-Junction,Dark-Lighted,Not Collision with Motor Vehicle in Transport,Pedestrian,1,True,City of Memphis,,,,,,,1604.7273773404108,E RAINES RD,5.08087761432557,40.0,5,B,MEMPHIS,SHELBY,City of Memphis,52122,5.08087761432557
300861062,2023-01-15,2023-01-15 17:40:00,2023,1,Sunday,17,35.042774,-90.08509,Fatal,Pedestrian,Not Intersection-On Roadway Not In Crosswalk,Non-Junction,Dark-Not Lighted,Not Collision with Motor Vehicle in Transport,Pedestrian,1,True,City of Memphis,,,,,,,1353.3349409694429,W LEVI RD,0.1437664514324173,35.0,2,B,MEMPHIS,SHELBY,City of Memphis,74880,0.1437664514324173
300951627,2024-04-12,2024-04-12 13:50:00,2024,4,Friday,13,35.08155,-89.92097,No Injury,Pedestrian,Unknown,OtherLocation,Daylight,Not Collision with Motor Vehicle in Transport,Other,2,True,City of Memphis,,,,,,,949.8641369470814,S GOODLETT RD,15.25626191943506,30.0,2,B,MEMPHIS,SHELBY,City of Memphis,74042,15.25626191943506
300949478,2024-04-01,2024-04-01 00:00:00,2024,4,Monday,99,35.01037,-90.03232,No Injury,Other Non-Motorist,Unknown,Non-Junction,Unknown,Unknown,Other,1,True,City of Memphis,,,,,,,644.7042004682313,HESTER RD,2.620015197221384,35.0,2,B,MEMPHIS,SHELBY,City of Memphis,72283,2.620015197221384