MstrRecNbrTxt,CollisionDate,CollisionDteTime,YearNmb,Month,DayOfWeek,Hour,Latitude,Longitude,InjuryClass,PersonType,NonMotoristLocation,RelationToJunction,LightCondition,MannerOfCollision,FirstHarmfulEvent,VictimsInCrash,InMemphis,Jurisdiction,StateRoute_NAME,StateRoute_F_System,StateRoute_SPDLIMIT,StateRoute_LANES,StateRoute_ALTNAME_1,StateRoute_Council_District,DistToStateRoute_m,Street_Name,DistToStreet_m,Street_SPDLIMIT,Street_LANES,Street_ONEWAY,Street_CITY_L,Street_COUNTY_L,Jurisdiction_prev,Seg_OBJECTID,DistToSeg_m
300961068,2024-06-09,2024-06-09 01:30:00,2024,6,Sunday,1,35.136448,-90.012695,Suspected Minor Injury,Pedestrian,Not Intersection-On Roadway Not In Crosswalk,Non-Junction,Unknown,Not Collision with Motor Vehicle in Transport,Pedestrian,1,True,TDOT state route,UNION AVE,Principal Arterial,35.0,6.0,23,5.0,3.9798734181752566,UNION AVE,0.6041378308266496,35.0,6,B,MEMPHIS,SHELBY,TDOT,46785,0.6041378308266496
300960898,2024-06-07,2024-06-07 19:00:00,2024,6,Friday,19,35.111443,-89.94977,Possible Injury,Pedestrian,Not Intersection-Outside Traffic,Non-Junction,Daylight,Not Collision with Motor Vehicle in Transport,Pedestrian,1,True,City of Memphis,,,,,,,1863.5966126236008,CARNES AVE,9.164214717366027,30.0,2,B,MEMPHIS,SHELBY,City of Memphis,5645,9.164214717366027
300960255,2024-06-02,2024-06-02 00:41:00,2024,6,Sunday,0,35.04477,-89.88553,Suspected Minor Injury,Pedestrian,Not Intersection-On Roadway Not In Crosswalk,Non-Junction,Dark-Not Lighted,Not Collision with Motor Vehicle in Transport,Pedestrian,1,True,City of Memphis,,,,,,,2513.320435036688,S MENDENHALL RD,37.65037068270065,45.0,7,B,MEMPHIS,SHELBY,City of Memphis,51906,37.65037068270065
300960903,2024-06-04,2024-06-04 16:20:00,2024,6,Tuesday,16,35.14526,-90.03004,Suspected Minor Injury,Pedestrian,Intersection-On Roadway Crosswalk availability Unknown,Intersection,Dark-Lighted,Not Collision with Motor Vehicle in Transport,Pedestrian,2,True,City of Memphis,,,,,,,775.1872779235888,N PAULINE ST,0.1415010039831617,30.0,5,B,MEMPHIS,SHELBY,City of Memphis,84262,0.1415010039831617
300962567,2024-06-18,2024-06-18 21:10:00,2024,6,Tuesday,21,35.202553,-90.02802,Possible Injury,Pedestrian,Not Intersection-On Roadway Not In Crosswalk,Non-Junction,Dark-Not Lighted,Not Collision with Motor Vehicle in Transport,Pedestrian,1,True,City of Memphis,,,,,,,544.3116816760381,STAGE AVE,37.71543099547484,45.0,2,B,MEMPHIS,SHELBY,City of Memphis,53106,37.71543099547484
300959889,2024-06-01,2024-06-01 00:00:00,2024,6,Saturday,99,35.17619,-89.93925,Possible Injury,Pedestrian,Intersection-On Roadway Crosswalk Not Available,Intersection,Unknown,Not Collision with Motor Vehicle in Transport,Pedestrian,1,True,TDOT state route,JACKSON AVE,Principal Arterial,40.0,6.0,14,7.0,4.6885103381551705,JACKSON AVE,7.76263040678422,40.0,6,B,MEMPHIS,SHELBY,TDOT,47864,7.76263040678422
300958582,2024-05-21,2024-05-21 17:29:00,2024,5,Tuesday,17,35.15053,-90.05213,Possible Injury,Pedestrian,Intersection-In Crosswalk,Intersection,Daylight,Not Collision with Motor Vehicle in Transport,Pedestrian,1,True,City of Memphis,,,,,,,243.11022394367305,N FRONT ST,0.3385639994253932,30.0,5,B,MEMPHIS,SHELBY,City of Memphis,84205,0.3385639994253932
300958794,2024-05-24,2024-05-24 18:35:00,2024,5,Friday,18,35.12602,-89.990746,Possible Injury,Pedestrian,Intersection-In Crosswalk,AccelDecelLane,Daylight,Not Collision with Motor Vehicle in Transport,Pedestrian,1,True,City of Memphis,,,,,,,591.5642579545499,CENTRAL AVE,0.2772595364887465,40.0,4,B,MEMPHIS,SHELBY,City of Memphis,50635,0.27725953648874657
300874594,2023-03-22,2023-03-22 00:27:00,2023,3,Wednesday,0,35.148376,-89.98143,Fatal,Pedestrian,Not Intersection-On Roadway Not In Crosswalk,Non-Junction,Dark-Lighted,Not Collision with Motor Vehicle in Transport,Pedestrian,1,True,City of Memphis,E PARKWAY,Principal Arterial,40.0,7.0,57,5.0,27.132612968226525,SAM COOPER BLVD,22.89930229733353,40.0,6,B,MEMPHIS,SHELBY,TDOT,52704,22.89930229733353
300894613,2023-06-22,2023-06-22 20:20:00,2023,6,Thursday,20,35.098293,-89.89115,Fatal,Pedestrian,Not Intersection-On Roadway Not In Crosswalk,Non-Junction,Daylight,Not Collision with Motor Vehicle in Transport,Pedestrian,1,True,City of Memphis,,,,,,,1181.5155826636137,S WHITE STATION RD,27.719647778529552,40.0,4,B,MEMPHIS,SHELBY,City of Memphis,51620,27.719647778529552
300960941,2024-06-08,2024-06-08 04:03:00,2024,6,Saturday,4,35.16826,-89.86452,Suspected Serious Injury,Pedestrian,Not Intersection-On Roadway Not In Crosswalk,AccelDecelLane,Dark-Not Lighted,Not Collision with Motor Vehicle in Transport,Pedestrian,1,True,City of Memphis,,,,,,,543.1408144178649,SHELBY OAKS DR,0.3160451960325066,40.0,4,B,MEMPHIS,SHELBY,City of Memphis,35005,0.3160451960325066
300959157,2024-05-27,2024-05-27 07:28:00,2024,5,Monday,7,35.033012,-90.02144,Possible Injury,Pedestrian,Intersection-Not on Roadway,Non-Junction,Daylight,Not Collision with Motor Vehicle in Transport,Pedestrian,1,True,City of Memphis,,,,,,,340.6193832991055,WESLEY DR,70.68336639177157,30.0,2,B,MEMPHIS,SHELBY,City of Memphis,27304,70.68336639177157
300959159,2024-05-27,2024-05-27 13:00:00,2024,5,Monday,13,35.057903,-90.06322,No Injury,Other Non-Motorist,Not Intersection-Unknown,Intersection,Daylight,Angle,Other,1,True,City of Memphis,,,,,,,316.08568540852417,E DUNBAR RD,26.303780576645988,30.0,2,B,MEMPHIS,SHELBY,City of Memphis,72073,26.303780576645988
300962610,2024-06-19,2024-06-19 07:20:00,2024,6,Wednesday,7,35.11334,-90.05244,Suspected Serious Injury,Pedestrian,Not Intersection-On Roadway Not In Crosswalk,Non-Junction,Dawn,Not Collision with Motor Vehicle in Transport,Pedestrian,1,True,City of Memphis,,,,,,,255.76841436111496,CAMBRIDGE AVE,0.4114508665270984,30.0,2,B,MEMPHIS,SHELBY,City of Memphis,4820,0.41145086652709845
300959174,2024-05-27,2024-05-27 16:06:00,2024,5,Monday,16,35.080193,-89.95548,No Injury,Other Non-Motorist,Unknown,Intersection,Daylight,Not Collision with Motor Vehicle in Transport,Other,1,True,Interstate (TDOT),LAMAR AVE,Principal Arterial,40.0,6.0,4,4.0,3.474004914593977,INTERSTATE 240 E,0.1787866532720163,65.0,4,FT,MEMPHIS,SHELBY,TDOT,39854,0.17878665327201634
300888290,2023-05-20,2023-05-20 20:23:00,2023,5,Saturday,20,35.161552,-89.947136,Suspected Serious Injury,Pedestrian,Not Intersection-On Roadway Not In Crosswalk,Non-Junction,Dark-Lighted,Not Collision with Motor Vehicle in Transport,Pedestrian,1,True,City of Memphis,,,,,,,617.242187394375,NATIONAL ST,8.999564668417275,40.0,4,B,MEMPHIS,SHELBY,City of Memphis,51258,8.999564668417275
300961670,2024-06-12,2024-06-12 12:36:00,2024,6,Wednesday,12,35.00678,-90.00815,Possible Injury,Pedestrian,Intersection-Not on Roadway,Intersection,Daylight,Not Collision with Motor Vehicle in Transport,Pedestrian,1,True,City of Memphis,,,,,,,1563.2090058325175,E HOLMES RD,38.41870929832061,40.0,5,B,MEMPHIS,SHELBY,City of Memphis,49749,38.418709298320614
300961125,2024-06-05,2024-06-05 20:00:00,2024,6,Wednesday,20,35.211975,-90.0322,Possible Injury,Pedestrian,Intersection-On Roadway not in Crosswalk,OtherLocation,Dark-Lighted,Not Collision with Motor Vehicle in Transport,Pedestrian,1,True,TDOT state route,THOMAS ST,,40.0,2.0,3,7.0,0.8012128280762089,THOMAS ST,0.2054498137773874,40.0,2,B,MEMPHIS,SHELBY,TDOT,47263,0.20544981377738747
300959011,2024-05-26,2024-05-26 07:00:00,2024,5,Sunday,7,35.062923,-90.0878,No Injury,Other Non-Motorist,Intersection-Not on Roadway,"Driveway, Alley Access, etc",Dawn,Angle,Other,1,True,City of Memphis,,,,,,,2597.399141809142,HARAHAN RD,18.17484518525648,30.0,2,B,MEMPHIS,SHELBY,City of Memphis,71780,18.174845185256476
300959565,2024-05-29,2024-05-29 20:48:00,2024,5,Wednesday,20,35.107697,-89.98315,Possible Injury,Pedestrian,Not Intersection-Unknown,"Driveway, Alley Access, etc",Dark-Unknown Lighting,Not Collision with Motor Vehicle in Transport,Pedestrian,1,True,City of Memphis,,,,,,,164.26251903200347,ETHEL ST,14.178337878502784,30.0,2,B,MEMPHIS,SHELBY,City of Memphis,84527,14.178337878502784
300908787,2023-09-03,2023-09-03 00:22:00,2023,9,Sunday,0,35.15307,-89.88861,Fatal,Pedestrian,Not Intersection-On Roadway Not In Crosswalk,Non-Junction,Dark-Lighted,Not Collision with Motor Vehicle in Transport,Pedestrian,1,True,City of Memphis,SUMMER AVE,Principal Arterial,40.0,7.0,1,5.0,2.9276120821757807,N WHITE STATION RD,0.0447245150045424,40.0,5,B,MEMPHIS,SHELBY,TDOT,51458,0.04472451500454242
300960801,2024-06-06,2024-06-06 23:00:00,2024,6,Thursday,23,35.13798,-90.02818,Possible Injury,Pedestrian,Intersection-On Roadway not in Crosswalk,AccelDecelLane,Dark-Lighted,Not Collision with Motor Vehicle in Transport,Pedestrian,1,True,City of Memphis,UNION AVE,Principal Arterial,35.0,6.0,3,6.0,5.134409230404571,S PAULINE ST,0.0671425237946343,30.0,4,B,MEMPHIS,SHELBY,TDOT,84368,0.06714252379463437
300961170,2024-06-09,2024-06-09 20:59:00,2024,6,Sunday,20,35.0533,-90.02036,Suspected Serious Injury,Pedestrian,Not Intersection-On Roadway Not In Crosswalk,OtherLocation,Dark-Lighted,Not Collision with Motor Vehicle in Transport,Pedestrian,1,True,City of Memphis,,,,,,,426.5773457992492,ROYAL OAKS CV,61.7826357561005,35.0,2,B,MEMPHIS,SHELBY,City of Memphis,15075,61.7826357561005
300961310,2024-06-10,2024-06-10 00:00:00,2024,6,Monday,99,35.114563,-89.927666,No Injury,Pedestrian,Not Intersection-Other Not On Roadway,Non-Junction,Unknown,Rear to Side,Other,1,True,City of Memphis,,,,,,,1029.2844020172763,WATSON ST,28.68045967943835,30.0,2,B,MEMPHIS,SHELBY,City of Memphis,83345,28.68045967943835
300868973,2023-02-23,2023-02-23 22:27:00,2023,2,Thursday,22,35.061295,-89.886246,Fatal,Pedestrian,Not Intersection-On Roadway Crosswalk not Available,Non-Junction,Dark-Lighted,Not Collision with Motor Vehicle in Transport,Pedestrian,1,True,City of Memphis,,,,,,,2328.7625734621543,TYROL CT,30.526553476257327,30.0,2,B,MEMPHIS,SHELBY,City of Memphis,11036,30.526553476257327
300960159,2024-06-02,2024-06-02 20:44:00,2024,6,Sunday,20,35.223206,-89.941216,Possible Injury,Pedestrian,Intersection-On Roadway not in Crosswalk,Intersection,Dark-Lighted,Not Collision with Motor Vehicle in Transport,Pedestrian,1,True,City of Memphis,,,,,,,2403.822480492556,WINDERMERE DR,6.223679994752513,30.0,2,B,MEMPHIS,SHELBY,City of Memphis,28102,6.223679994752513
300945308,2024-03-09,2024-03-09 21:04:00,2024,3,Saturday,21,35.069477,-90.05807,Fatal,Pedestrian,Not Intersection-On Roadway Crosswalk not Available,Non-Junction,Dark-Lighted,Not Collision with Motor Vehicle in Transport,Other,1,True,TDOT state route,,,,,,,43.753522450233625,S THIRD ST,43.10894583825997,45.0,7,B,MEMPHIS,SHELBY,City of Memphis,47482,43.10894583825997
300964714,2024-07-02,2024-07-02 13:00:00,2024,7,Tuesday,13,35.20456,-89.89461,Possible Injury,Pedestrian,Not Intersection-On Roadway Not In Crosswalk,AccelDecelLane,Daylight,Not Collision with Motor Vehicle in Transport,Pedestrian,1,True,TDOT state route,COVINGTON PIKE,,45.0,5.0,204,1.0,13.234363572803728,COVINGTON PIKE,12.48825144303796,45.0,5,B,MEMPHIS,SHELBY,TDOT,48023,12.48825144303796
300963821,2024-06-27,2024-06-27 22:20:00,2024,6,Thursday,22,35.174534,-89.98324,Suspected Minor Injury,Pedestrian,Intersection-Unknown,Intersection,Dark-Lighted,Not Collision with Motor Vehicle in Transport,Pedestrian,1,True,City of Memphis,,,,,,,1703.690060761399,CHELSEA AVE,2.173339912476042,40.0,4,B,MEMPHIS,SHELBY,City of Memphis,50712,2.1733399124760426
300963205,2024-06-22,2024-06-22 18:23:00,2024,6,Saturday,18,35.108936,-89.98923,Possible Injury,Pedestrian,Intersection-On Roadway not in Crosswalk,Non-Junction,Daylight,Not Collision with Motor Vehicle in Transport,Pedestrian,1,True,TDOT state route,LAMAR AVE,Principal Arterial,40.0,7.0,4,4.0,4.346122987071244,LAMAR AVE,0.7694712778378101,40.0,7,B,MEMPHIS,SHELBY,TDOT,48148,0.7694712778378101
300964899,2024-07-04,2024-07-04 16:52:00,2024,7,Thursday,16,35.20337,-89.97807,Possible Injury,Pedestrian,Not Intersection-On Roadway Crosswalk not Available,OtherLocation,Daylight,Not Collision with Motor Vehicle in Transport,Pedestrian,1,True,City of Memphis,,,,,,,4648.586874098596,LEAFY HOLLOW DR,3.0288521538386743,30.0,2,B,MEMPHIS,SHELBY,City of Memphis,32590,3.0288521538386743
300966300,2024-07-15,2024-07-15 18:05:00,2024,7,Monday,18,35.020256,-89.94825,Possible Injury,Pedestrian,Not Intersection-In Parking Lane,"Driveway, Alley Access, etc",Daylight,Not Collision with Motor Vehicle in Transport,Pedestrian,1,True,City of Memphis,,,,,,,55.500608472539696,MEIER DR,35.70289823108987,30.0,2,B,MEMPHIS,SHELBY,City of Memphis,25997,35.70289823108987
300943727,2024-02-28,2024-02-28 19:20:00,2024,2,Wednesday,19,35.084778,-89.95135,Fatal,Pedestrian,Not Intersection-On Roadway Crosswalk not Available,Non-Junction,Dark-Not Lighted,Not Collision with Motor Vehicle in Transport,Pedestrian,1,True,City of Memphis,,,,,,,623.2354839340065,PRESCOTT RD,71.24046810969006,40.0,4,B,MEMPHIS,SHELBY,City of Memphis,51144,71.24046810969006
300964918,2024-07-05,2024-07-05 14:58:00,2024,7,Friday,14,35.212906,-90.00558,Suspected Serious Injury,Pedestrian,Not Intersection-On Roadway Not In Crosswalk,AccelDecelLane,Daylight,Not Collision with Motor Vehicle in Transport,Pedestrian,1,True,City of Memphis,,,,,,,2110.393849699908,DELLWOOD AVE,25.615914851814324,35.0,3,B,MEMPHIS,SHELBY,City of Memphis,2768,25.615914851814324
300960198,2024-06-02,2024-06-02 20:06:00,2024,6,Sunday,20,35.22605,-89.940834,Fatal,Pedestrian,Not Intersection-On Roadway Not In Crosswalk,AccelDecelLane,Dark-Lighted,Not Collision with Motor Vehicle in Transport,Pedestrian,1,True,City of Memphis,,,,,,,2573.992798133004,DORADO AVE,8.622661570133305,30.0,2,B,MEMPHIS,SHELBY,City of Memphis,3035,8.622661570133305
300865216,2023-02-04,2023-02-04 20:33:00,2023,2,Saturday,20,35.04188,-90.02512,Fatal,Pedestrian,Not Intersection-On Roadway Not In Crosswalk,Intersection-Related,Dark-Lighted,Not Collision with Motor Vehicle in Transport,Pedestrian,1,True,TDOT state route,ELVIS PRESLEY BLVD,Principal Arterial,40.0,6.0,3,6.0,0.0865634424747433,ELVIS PRESLEY BLVD,0.1827732808437246,40.0,6,B,MEMPHIS,SHELBY,TDOT,46502,0.18277328084372463
300964043,2024-06-29,2024-06-29 11:41:00,2024,6,Saturday,11,35.108738,-90.02117,Possible Injury,Pedestrian,Intersection-In Crosswalk,Intersection,Daylight,Not Collision with Motor Vehicle in Transport,Pedestrian,1,True,City of Memphis,,,,,,,34.855600396015724,QUINN AVE,20.497197376292256,30.0,2,B,MEMPHIS,SHELBY,City of Memphis,5125,20.497197376292256
300964773,2024-07-03,2024-07-03 00:12:00,2024,7,Wednesday,0,35.015568,-89.89441,Suspected Serious Injury,Pedestrian,Intersection-On Roadway not in Crosswalk,Non-Junction,Dark-Lighted,Not Collision with Motor Vehicle in Transport,Pedestrian,1,True,TDOT state route,LAMAR AVE,Principal Arterial,55.0,2.0,4,3.0,16.323388355393,LAMAR AVE,13.806267858788422,55.0,2,FT,MEMPHIS,SHELBY,TDOT,48430,13.806267858788422
300963418,2024-06-25,2024-06-25 11:38:00,2024,6,Tuesday,11,35.147762,-90.042755,Fatal,Pedestrian,Not Intersection-Outside Traffic,Non-Junction,Daylight,Not Collision with Motor Vehicle in Transport,Pedestrian,1,True,City of Memphis,,,,,,,88.26377261068944,POPLAR AVE,28.57149809917465,40.0,7,B,MEMPHIS,SHELBY,City of Memphis,50320,28.57149809917465
300965491,2024-07-06,2024-07-06 22:52:00,2024,7,Saturday,22,35.020298,-89.95364,Possible Injury,Pedestrian,Not Intersection-On Roadway Not In Crosswalk,Intersection,Dark-Lighted,Not Collision with Motor Vehicle in Transport,Pedestrian,1,True,TDOT state route,,,,,,,54.43572497605102,E SHELBY DR,49.74988446721502,45.0,7,B,MEMPHIS,SHELBY,City of Memphis,46398,49.74988446721502
300962397,2024-06-14,2024-06-14 21:15:00,2024,6,Friday,21,35.14428,-90.030349,Possible Injury,Pedestrian,Not Intersection-Outside Traffic,Non-Junction,Dark-Not Lighted,Not Collision with Motor Vehicle in Transport,Pedestrian,1,True,City of Memphis,,,,,,,663.67138280391,WASHINGTON AVE,5.381061536141347,30.0,2,B,MEMPHIS,SHELBY,City of Memphis,6995,5.381061536141347
300963713,2024-06-25,2024-06-25 15:00:00,2024,6,Tuesday,15,35.174622,-89.764664,Possible Injury,Pedestrian,Not Intersection-On Roadway Crosswalk not Available,Intersection-Related,Daylight,Not Collision with Motor Vehicle in Transport,Pedestrian,1,True,City of Memphis,,,,,,,2579.814246409726,CHIMNEYROCK BLVD,7.4450977995981695,30.0,2,B,MEMPHIS,SHELBY,City of Memphis,7894,7.4450977995981695
300963124,2024-06-23,2024-06-23 00:00:00,2024,6,Sunday,0,35.127617,-89.85486,Suspected Serious Injury,Pedestrian,Intersection-Not on Roadway,Intersection,Unknown,Not Collision with Motor Vehicle in Transport,Pedestrian,1,True,City of Memphis,,,,,,,1233.4939328436246,HUMPHREYS CENTER DR,26.95582387762688,30.0,2,B,MEMPHIS,SHELBY,City of Memphis,35374,26.95582387762688
300964820,2024-07-04,2024-07-04 21:57:00,2024,7,Thursday,21,35.14203,-90.054085,Suspected Minor Injury,Pedestrian,Intersection-Not on Roadway,Intersection,Dark-Not Lighted,Not Collision with Motor Vehicle in Transport,Pedestrian,1,True,City of Memphis,,,,,,,120.91663616731998,GAYOSO AVE,0.0995065277341769,30.0,1,FT,MEMPHIS,SHELBY,City of Memphis,7324,0.09950652773417697
300965915,2024-07-08,2024-07-08 21:30:00,2024,7,Monday,21,35.232586,-89.978935,Suspected Serious Injury,Pedestrian,Intersection-Unknown,Intersection,Dark-Not Lighted,Not Collision with Motor Vehicle in Transport,Pedestrian,1,True,City of Memphis,,,,,,,2854.896821709937,N TREZEVANT ST,2.569723306470391,30.0,2,B,MEMPHIS,SHELBY,City of Memphis,80111,2.569723306470391
300964830,2024-07-05,2024-07-05 00:30:00,2024,7,Friday,0,35.067863,-89.88216,No Injury,Pedestrian,Unknown,OtherLocation,Dark-Lighted,Not Collision with Motor Vehicle in Transport,Other,1,True,City of Memphis,,,,,,,1513.485317814423,ESTES ST,22.294718728501003,30.0,2,B,MEMPHIS,SHELBY,City of Memphis,79467,22.294718728501003
300966374,2024-07-15,2024-07-15 11:30:00,2024,7,Monday,11,35.006363,-90.01927,No Injury,Pedestrian,Not Intersection-Other Not On Roadway,Intersection,Daylight,Angle,Other,1,True,City of Memphis,,,,,,,548.507167435381,MARYNELLE ST,2.51208665363864,30.0,2,B,MEMPHIS,SHELBY,City of Memphis,79679,2.51208665363864
300963964,2024-06-28,2024-06-28 21:00:00,2024,6,Friday,21,35.09236,-90.060104,Suspected Serious Injury,Pedestrian,Not Intersection-Adjacent to Roadway,OtherLocation,Dark-Lighted,Not Collision with Motor Vehicle in Transport,Pedestrian,1,True,City of Memphis,,,,,,,357.3185477763923,E FERNWOOD AVE,22.805118283157523,30.0,2,B,MEMPHIS,SHELBY,City of Memphis,4749,22.805118283157523
300963154,2024-06-23,2024-06-23 00:00:00,2024,6,Sunday,0,35.13892,-90.05575,Suspected Serious Injury,Pedestrian,Not Intersection-On Roadway Crosswalk Availability Unknown,Intersection,Dark-Lighted,Not Collision with Motor Vehicle in Transport,Pedestrian,1,True,City of Memphis,,,,,,,140.79382571009307,S MAIN ST,0.2862501846580412,30.0,3,B,MEMPHIS,SHELBY,City of Memphis,80491,0.28625018465804125
300964124,2024-06-30,2024-06-30 02:26:00,2024,6,Sunday,2,35.184933,-89.93227,Suspected Serious Injury,Pedestrian,Not Intersection-On Roadway Not In Crosswalk,AccelDecelLane,Dark-Lighted,Not Collision with Motor Vehicle in Transport,Pedestrian,1,True,City of Memphis,,,,,,,69.57380376075058,CAPE HENRY DR,30.92124052779589,30.0,2,B,MEMPHIS,SHELBY,City of Memphis,34205,30.92124052779589
300963352,2024-06-24,2024-06-24 17:00:00,2024,6,Monday,17,35.145138,-90.031746,Possible Injury,Pedestrian,Not Intersection-On Roadway Not In Crosswalk,Unknown,Daylight,Not Collision with Motor Vehicle in Transport,Pedestrian,1,True,City of Memphis,,,,,,,740.9813598882411,POPLAR AVE,34.890435608728744,40.0,7,B,MEMPHIS,SHELBY,City of Memphis,50350,34.890435608728744
300963976,2024-06-28,2024-06-28 22:00:00,2024,6,Friday,22,35.22069,-89.89003,Possible Injury,Pedestrian,Not Intersection-On Roadway Not In Crosswalk,Non-Junction,Dark-Lighted,Not Collision with Motor Vehicle in Transport,Pedestrian,1,True,City of Memphis,,,,,,,381.3004876432338,YALE RD,30.197499086155293,40.0,5,B,MEMPHIS,SHELBY,City of Memphis,50055,30.197499086155293
300965380,2024-07-08,2024-07-08 22:20:00,2024,7,Monday,22,35.077015,-89.98536,Possible Injury,Pedestrian,Not Intersection-On Roadway Not In Crosswalk,OtherLocation,Dark-Lighted,Not Collision with Motor Vehicle in Transport,Pedestrian,1,True,Interstate (TDOT),,,,,,,2286.633436834996,INTERSTATE 240 W,0.1619882140171191,65.0,4,TF,MEMPHIS,SHELBY,City of Memphis,39852,0.1619882140171191
300964523,2024-07-02,2024-07-02 05:12:00,2024,7,Tuesday,5,35.03549,-90.07004,Possible Injury,Pedestrian,Not Intersection-On Roadway Not In Crosswalk,AccelDecelLane,Dawn,Not Collision with Motor Vehicle in Transport,Pedestrian,1,True,City of Memphis,,,,,,,220.5306461153148,W RAINES RD,0.1380641797137379,40.0,5,B,MEMPHIS,SHELBY,City of Memphis,49602,0.13806417971373797
300963795,2024-06-27,2024-06-27 17:30:00,2024,6,Thursday,17,35.223644,-89.94084,Possible Injury,Pedestrian,Intersection-On Roadway not in Crosswalk,AccelDecelLane,Daylight,Not Collision with Motor Vehicle in Transport,Pedestrian,1,True,City of Memphis,,,,,,,2409.10719674447,WINDERMERE DR,25.5219314826317,30.0,2,B,MEMPHIS,SHELBY,City of Memphis,28102,25.5219314826317
300967695,2024-07-25,2024-07-25 21:36:00,2024,7,Thursday,21,35.081993,-89.90726,No Injury,Pedestrian,Not Intersection-Outside Traffic,OtherLocation,Dark-Lighted,Not Collision with Motor Vehicle in Transport,Other,2,True,City of Memphis,,,,,,,2199.204804738182,E MALLORY AVE,0.1651504257484443,35.0,2,B,MEMPHIS,SHELBY,City of Memphis,6269,0.16515042574844435
300971566,2024-08-18,2024-08-18 18:00:00,2024,8,Sunday,18,35.04808,-89.783615,No Injury,Pedestrian,Not Intersection-Other Not On Roadway,Intersection-Related,Dawn,Not Collision with Motor Vehicle in Transport,Other,2,True,City of Memphis,,,,,,,2268.738191550204,WINCHESTER RD,0.1534467158975944,45.0,6,B,MEMPHIS,SHELBY,City of Memphis,49024,0.15344671589759445
300968928,2024-08-01,2024-08-01 21:05:00,2024,8,Thursday,21,35.205276,-89.92339,No Injury,Pedestrian,Not Intersection-On Roadway Not In Crosswalk,AccelDecelLane,Dark-Lighted,Angle,Other,1,True,Interstate ramp,AUSTIN PEAY HWY,Principal Arterial,50.0,3.0,14,7.0,1.5950928516287195,AUSTIN PEAY HWY TO JAMES RD,0.0068261768349574,45.0,1,FT,MEMPHIS,SHELBY,TDOT,36473,0.006826176834957441
300951942,2024-04-14,2024-04-14 04:44:00,2024,4,Sunday,4,35.175112,-89.836434,Fatal,Pedestrian,Not Intersection-On Roadway Crosswalk not Available,Non-Junction,Dark-Lighted,Not Collision with Motor Vehicle in Transport,Pedestrian,1,True,Interstate (TDOT),,,,,,,2020.39163879198,INTERSTATE 40 E,0.0439886704702204,65.0,4,FT,MEMPHIS,SHELBY,City of Memphis,39688,0.043988670470220495
300970808,2024-08-16,2024-08-16 14:00:00,2024,8,Friday,14,35.11656,-90.0116,Suspected Minor Injury,Pedestrian,Not Intersection-On Roadway Not In Crosswalk,Non-Junction,Daylight,Not Collision with Motor Vehicle in Transport,Pedestrian,1,True,City of Memphis,,,,,,,598.1700437669451,SOUTHERN AVE,2.635836631102121,35.0,2,B,MEMPHIS,SHELBY,City of Memphis,7512,2.6358366311021215
300970818,2024-08-15,2024-08-15 20:50:00,2024,8,Thursday,20,35.209625,-90.0328,Possible Injury,Pedestrian,Intersection-On Roadway not in Crosswalk,Intersection-Related,Dark-Lighted,Not Collision with Motor Vehicle in Transport,Pedestrian,1,True,TDOT state route,THOMAS ST,,40.0,2.0,3,7.0,9.778451288269387,THOMAS ST,10.868680176638607,40.0,2,B,MEMPHIS,SHELBY,TDOT,46522,10.868680176638607
300970302,2024-08-12,2024-08-12 22:42:00,2024,8,Monday,22,35.10955,-90.021736,Possible Injury,Pedestrian,Intersection-Unknown,AccelDecelLane,Dark-Lighted,Not Collision with Motor Vehicle in Transport,Pedestrian,1,True,City of Memphis,ELVIS PRESLEY BLVD,Minor Arterial,35.0,5.0,3,4.0,1.237786142674003,S PARKWAY E,0.1733265864097564,35.0,5,B,MEMPHIS,SHELBY,TDOT,53274,0.17332658640975643
300970303,2024-08-10,2024-08-10 22:19:00,2024,8,Saturday,22,35.104996,-89.97768,Suspected Serious Injury,Pedestrian,Intersection-Unknown,Intersection-Related,Dark-Unknown Lighting,Not Collision with Motor Vehicle in Transport,Pedestrian,1,True,City of Memphis,,,,,,,412.588649164278,HAMILTON ST,14.81295674828971,30.0,2,B,MEMPHIS,SHELBY,City of Memphis,82564,14.81295674828971
300968870,2024-08-02,2024-08-02 22:08:00,2024,8,Friday,22,35.086304,-90.044525,Possible Injury,Pedestrian,Intersection-On Roadway Crosswalk Not Available,AccelDecelLane,Dark-Lighted,Not Collision with Motor Vehicle in Transport,Pedestrian,1,True,City of Memphis,,,,,,,1115.726817258338,S LAUDERDALE ST,0.1463817709990942,30.0,2,B,MEMPHIS,SHELBY,City of Memphis,82179,0.14638177099909425
300971420,2024-08-19,2024-08-19 18:15:00,2024,8,Monday,18,35.093723,-90.0005,Possible Injury,Pedestrian,Intersection-On Roadway Crosswalk Not Available,Intersection,Dusk,Not Collision with Motor Vehicle in Transport,Pedestrian,1,True,City of Memphis,,,,,,,1606.4207459804727,FREEMONT AVE,21.08852797797241,30.0,2,B,MEMPHIS,SHELBY,City of Memphis,4072,21.08852797797241